  crm_contacts  ·  800 lignes  ·  9 colonnes,Unnamed: 1,Unnamed: 2,Unnamed: 3,Unnamed: 4,Unnamed: 5,Unnamed: 6,Unnamed: 7,Unnamed: 8
contact_id,first_name,last_name,email,phone,account_id,job_title,country,created_at
CON0001,Nour,Trabelsi,nour.trabelsi@bna.com.tn,+216 55 206 334,ACC0074,Directeur Financier,Tunisie,2022-10-17
CON0002,Mehdi,Ayadi,mehdi.ayadi@bna.com.tn,+216 98 594 674,ACC0075,CTO,Tunisie,2023-01-02
CON0003,Imen,Toumi,imen.toumi@yahoo.fr,+216 26 836 332,ACC0055,Responsable SI,Tunisie,2020-07-09
CON0004,Ines,Hamouda,ines.hamouda@ooredoo.tn,+216 24 899 225,ACC0063,Chef de Projet,Tunisie,2020-04-07
CON0005,Walid,Mansouri,walid.mansouri@bna.com.tn,+216 98 110 493,ACC0026,Responsable SI,Tunisie,2022-02-01
CON0006,Wassim,Mabrouk,wassim.mabrouk@bna.com.tn,+216 22 218 476,ACC0083,RSSI,Tunisie,2023-04-24
CON0007,Maroua,Kchaou,maroua.kchaou@yahoo.fr,+216 92 207 297,ACC0045,CTO,Tunisie,2019-03-16
CON0008,Salma,Jlassi,salma.jlassi@attijari.tn,+216 25 543 477,ACC0077,Directeur Operations,Tunisie,2019-08-08
CON0009,Rami,Fehri,rami.fehri@gmail.com,+216 95 352 910,ACC0130,Chef de Projet,Tunisie,2020-01-30
CON0010,Houssem,Guesmi,houssem.guesmi@ooredoo.tn,+216 25 884 994,ACC0004,RSSI,Tunisie,2022-03-08
CON0011,Oussama,Ncibi,oussama.ncibi@stb.com.tn,+216 50 440 702,ACC0132,Directeur Financier,Tunisie,2021-03-31
CON0012,Yasmine,Ferjani,yasmine.ferjani@ooredoo.tn,+216 95 217 105,ACC0067,Architecte SI,Tunisie,2021-07-03
CON0013,Ghassen,Guizani,ghassen.guizani@ooredoo.tn,+216 20 680 228,ACC0168,DG,Tunisie,2019-05-08
CON0014,Mariem,Chebbi,mariem.chebbi@gmail.com,+216 21 662 161,ACC0181,Directeur Technique,Tunisie,2022-08-01
CON0015,Sarra,Oueslati,sarra.oueslati@attijari.tn,+216 23 832 218,ACC0117,Directeur Technique,Tunisie,2021-05-01
CON0016,Amine,Cherni,amine.cherni@ttelecom.tn,+216 92 312 452,ACC0175,Directeur Financier,Tunisie,2021-12-12
CON0017,Mohamed,Ben Ali,mohamed.ben-ali@stb.com.tn,+216 24 506 218,ACC0141,Responsable SI,Tunisie,2022-03-18
CON0018,Hamza,Chabbi,hamza.chabbi@ooredoo.tn,+216 26 440 418,ACC0184,Directeur Financier,Tunisie,2019-07-06
CON0019,Tarek,Sassi,tarek.sassi@bna.com.tn,+216 23 406 796,ACC0117,Chef de Projet,Tunisie,2022-02-18
CON0020,Rania,Elloumi,rania.elloumi@biat.com.tn,+216 24 761 181,ACC0191,DSI,Tunisie,2019-05-30
CON0021,Ghassen,Bouaziz,ghassen.bouaziz@attijari.tn,+216 53 476 240,ACC0121,Directeur Operations,Tunisie,2021-04-17
CON0022,Hajer,Sghaier,hajer.sghaier@ooredoo.tn,+216 25 650 788,ACC0098,Architecte SI,Tunisie,2021-02-08
CON0023,Bilel,Sghaier,bilel.sghaier@bna.com.tn,+216 25 481 815,ACC0101,RSSI,Tunisie,2023-01-30
CON0024,Sofiene,Jebali,sofiene.jebali@yahoo.fr,+216 95 506 252,ACC0109,Architecte SI,Tunisie,2023-08-14
CON0025,Ameni,Ben Slama,ameni.ben-slama@ttelecom.tn,+216 27 161 328,ACC0009,Directeur Technique,Tunisie,2023-04-18
CON0026,Mounir,Hamdi,mounir.hamdi@biat.com.tn,+216 22 641 629,ACC0154,RSSI,Tunisie,2023-02-25
CON0027,Sofiene,Hamouda,sofiene.hamouda@biat.com.tn,+216 20 503 121,ACC0036,Chef de Projet,Tunisie,2020-04-24
CON0028,Sarra,Zouari,sarra.zouari@biat.com.tn,+216 92 636 194,ACC0078,RSSI,Tunisie,2020-03-28
CON0029,Lotfi,Sassi,lotfi.sassi@bna.com.tn,+216 90 173 197,ACC0161,Directeur Technique,Tunisie,2021-10-12
CON0030,Mouna,Karray,mouna.karray@ttelecom.tn,+216 23 183 401,ACC0082,Directeur Technique,Tunisie,2019-11-02
CON0031,Khaled,Amri,khaled.amri@ttelecom.tn,+216 25 123 671,ACC0077,DG,Tunisie,2019-04-29
CON0032,Khaled,Kchaou,khaled.kchaou@bna.com.tn,+216 55 697 934,ACC0063,Responsable SI,Tunisie,2020-11-07
CON0033,Wael,Mellouli,wael.mellouli@stb.com.tn,+216 90 925 843,ACC0014,Directeur Financier,Tunisie,2022-10-11
CON0034,Kais,Brahim,kais.brahim@attijari.tn,+216 26 313 256,ACC0123,CTO,Tunisie,2020-09-12
CON0035,Khaled,Fehri,khaled.fehri@yahoo.fr,+216 23 420 111,ACC0063,CTO,Tunisie,2021-03-23
CON0036,Mounir,Guesmi,mounir.guesmi@ttelecom.tn,+216 55 229 668,ACC0079,DG,Tunisie,2021-11-16
CON0037,Fares,Chebbi,fares.chebbi@stb.com.tn,+216 27 345 767,ACC0053,Responsable SI,Tunisie,2021-04-27
CON0038,Chaima,Romdhane,chaima.romdhane@bna.com.tn,+216 98 736 116,ACC0142,CTO,Tunisie,2023-01-14
CON0039,Olfa,Haddad,olfa.haddad@biat.com.tn,+216 26 355 882,ACC0128,Architecte SI,Tunisie,2020-06-11
CON0040,Slim,Ferjani,slim.ferjani@biat.com.tn,+216 25 885 657,ACC0044,RSSI,Tunisie,2021-09-27
CON0041,Imen,Fehri,imen.fehri@yahoo.fr,+216 24 146 577,ACC0172,Responsable SI,Tunisie,2021-04-24
CON0042,Ameni,Dridi,ameni.dridi@yahoo.fr,+216 98 709 359,ACC0130,Architecte SI,Tunisie,2019-05-04
CON0043,Ines,Ben Ali,ines.ben-ali@ttelecom.tn,+216 99 567 932,ACC0002,DSI,Tunisie,2021-04-22
CON0044,Kais,Ayadi,kais.ayadi@biat.com.tn,+216 22 284 198,ACC0129,DG,Tunisie,2019-08-08
CON0045,Olfa,Hamdi,olfa.hamdi@stb.com.tn,+216 25 822 219,ACC0091,Architecte SI,Tunisie,2019-06-11
CON0046,Hedi,Ncibi,hedi.ncibi@biat.com.tn,+216 55 725 162,ACC0176,CDO,Tunisie,2019-07-11
CON0047,Wael,Rekik,wael.rekik@ooredoo.tn,+216 27 455 816,ACC0180,Directeur Financier,Tunisie,2021-10-20
CON0048,Ahmed,Khelifi,ahmed.khelifi@stb.com.tn,+216 21 208 945,ACC0011,CTO,Tunisie,2023-11-13
CON0049,Fatma,Haddad,fatma.haddad@bna.com.tn,+216 22 151 725,ACC0140,Directeur Operations,Tunisie,2020-01-03
CON0050,Chaima,Guizani,chaima.guizani@yahoo.fr,+216 95 156 197,ACC0020,Directeur Technique,Tunisie,2022-02-28
CON0051,Sarra,Ben Amor,sarra.ben-amor@ooredoo.tn,+216 52 832 632,ACC0194,Directeur Operations,Tunisie,2021-10-22
CON0052,Rami,Cherni,rami.cherni@bna.com.tn,+216 20 765 232,ACC0155,Directeur Operations,Tunisie,2021-03-23
CON0053,Lotfi,Elloumi,lotfi.elloumi@ooredoo.tn,+216 52 335 563,ACC0142,RSSI,Tunisie,2020-01-16
CON0054,Aziz,Mabrouk,aziz.mabrouk@ooredoo.tn,+216 20 813 182,ACC0064,Directeur Financier,Tunisie,2020-07-02
CON0055,Sofiene,Ferjani,sofiene.ferjani@bna.com.tn,+216 27 760 592,ACC0093,Chef de Projet,Tunisie,2019-01-11
CON0056,Dorra,Chabbi,dorra.chabbi@ttelecom.tn,+216 99 540 948,ACC0111,Architecte SI,Tunisie,2022-02-10
CON0057,Ahmed,Ayadi,ahmed.ayadi@biat.com.tn,+216 92 558 248,ACC0153,RSSI,Tunisie,2023-11-04
CON0058,Yassine,Khelifi,yassine.khelifi@attijari.tn,+216 52 972 587,ACC0147,CTO,Tunisie,2022-11-04
CON0059,Rania,Ben Ali,rania.ben-ali@yahoo.fr,+216 50 259 796,ACC0017,Directeur Technique,Tunisie,2020-07-19
CON0060,Walid,Abidi,walid.abidi@attijari.tn,+216 55 674 564,ACC0153,Directeur Operations,Tunisie,2021-07-26
CON0061,Nacer,Ben Salem,nacer.ben-salem@ooredoo.tn,+216 27 902 651,ACC0085,Architecte SI,Tunisie,2021-05-31
CON0062,Ahmed,Ben Amor,ahmed.ben-amor@attijari.tn,+216 55 414 415,ACC0123,Responsable SI,Tunisie,2021-03-26
CON0063,Emna,Souissi,emna.souissi@biat.com.tn,+216 22 691 630,ACC0084,DG,Tunisie,2023-07-31
CON0064,Mariem,Cherni,mariem.cherni@bna.com.tn,+216 99 533 680,ACC0175,Architecte SI,Tunisie,2023-01-29
CON0065,Zied,Dridi,zied.dridi@ooredoo.tn,+216 92 457 482,ACC0173,DSI,Tunisie,2022-07-21
CON0066,Maroua,Rekik,maroua.rekik@stb.com.tn,+216 55 261 767,ACC0019,Directeur Technique,Tunisie,2021-09-08
CON0067,Fares,Abidi,fares.abidi@stb.com.tn,+216 25 773 655,ACC0093,Responsable SI,Tunisie,2022-07-30
CON0068,Ghassen,Gharbi,ghassen.gharbi@bna.com.tn,+216 24 633 386,ACC0166,Chef de Projet,Tunisie,2022-02-27
CON0069,Maroua,Trabelsi,maroua.trabelsi@yahoo.fr,+216 53 189 875,ACC0067,Architecte SI,Tunisie,2023-03-10
CON0070,Zied,Khelifi,zied.khelifi@ooredoo.tn,+216 22 937 296,ACC0101,DG,Tunisie,2022-11-15
CON0071,Ghassen,Ben Fredj,ghassen.ben-fredj@gmail.com,+216 25 104 585,ACC0022,Directeur Technique,Tunisie,2020-12-14
CON0072,Lotfi,Oueslati,lotfi.oueslati@gmail.com,+216 23 818 539,ACC0025,Directeur Technique,Tunisie,2020-10-15
CON0073,Amine,Romdhane,amine.romdhane@gmail.com,+216 21 232 176,ACC0166,Directeur Technique,Tunisie,2023-02-25
CON0074,Fatma,Chabbi,fatma.chabbi@biat.com.tn,+216 23 974 388,ACC0119,Responsable SI,Tunisie,2022-07-13
CON0075,Olfa,Jebali,olfa.jebali@yahoo.fr,+216 55 509 550,ACC0116,Directeur Financier,Tunisie,2021-03-07
CON0076,Nizar,Bchir,nizar.bchir@yahoo.fr,+216 24 619 786,ACC0148,DSI,Tunisie,2020-01-18
CON0077,Ahmed,Zouari,ahmed.zouari@gmail.com,+216 92 420 820,ACC0136,Directeur Operations,Tunisie,2021-03-06
CON0078,Nacer,Khelifi,nacer.khelifi@gmail.com,+216 24 142 929,ACC0159,CTO,Tunisie,2022-06-12
CON0079,Ghassen,Tlili,ghassen.tlili@attijari.tn,+216 50 881 191,ACC0030,Directeur Technique,Tunisie,2022-11-21
CON0080,Karim,Jebali,karim.jebali@gmail.com,+216 22 891 273,ACC0109,CDO,Tunisie,2022-07-25
CON0081,Yassine,Laabidi,yassine.laabidi@ttelecom.tn,+216 27 303 110,ACC0036,CDO,Tunisie,2023-09-21
CON0082,Hedi,Sghaier,hedi.sghaier@gmail.com,+216 27 961 468,ACC0099,Directeur Financier,Tunisie,2022-08-30
CON0083,Ameni,Tlili,ameni.tlili@biat.com.tn,+216 21 683 865,ACC0126,Architecte SI,Tunisie,2022-03-03
CON0084,Leila,Ferjani,leila.ferjani@attijari.tn,+216 55 863 202,ACC0044,RSSI,Tunisie,2023-03-01
CON0085,Kais,Rekik,kais.rekik@gmail.com,+216 23 278 268,ACC0094,CTO,Tunisie,2023-04-06
CON0086,Mounir,Toumi,mounir.toumi@gmail.com,+216 95 351 715,ACC0077,CTO,Tunisie,2020-06-22
CON0087,Tarek,Ben Youssef,tarek.ben-youssef@ooredoo.tn,+216 24 105 677,ACC0182,CDO,Tunisie,2019-12-06
CON0088,Sofiene,Oueslati,sofiene.oueslati@attijari.tn,+216 90 854 272,ACC0137,DG,Tunisie,2022-01-08
CON0089,Aziz,Laabidi,aziz.laabidi@ooredoo.tn,+216 99 193 367,ACC0174,Directeur Operations,Tunisie,2023-03-17
CON0090,Rania,Mahfoudhi,rania.mahfoudhi@bna.com.tn,+216 27 777 988,ACC0064,Directeur Operations,Tunisie,2023-08-24
CON0091,Bilel,Ben Youssef,bilel.ben-youssef@stb.com.tn,+216 52 333 367,ACC0097,Architecte SI,Tunisie,2022-07-21
CON0092,Hedi,Ben Youssef,hedi.ben-youssef@gmail.com,+216 26 777 773,ACC0117,Directeur Technique,Tunisie,2022-04-06
CON0093,Leila,Souissi,leila.souissi@gmail.com,+216 99 784 204,ACC0017,Responsable SI,Tunisie,2020-03-22
CON0094,Zied,Jebali,zied.jebali@stb.com.tn,+216 22 223 453,ACC0141,CDO,Tunisie,2022-03-05
CON0095,Chaima,Rekik,chaima.rekik@ooredoo.tn,+216 55 674 830,ACC0161,CDO,Tunisie,2019-09-12
CON0096,Ameni,Tlili,ameni.tlili@ttelecom.tn,+216 53 351 969,ACC0167,DSI,Tunisie,2023-11-26
CON0097,Fares,Karray,fares.karray@bna.com.tn,+216 22 172 320,ACC0014,Directeur Technique,Tunisie,2023-01-26
CON0098,Dorra,Ben Slama,dorra.ben-slama@bna.com.tn,+216 27 737 652,ACC0123,DSI,Tunisie,2022-04-30
CON0099,Mariem,Souissi,mariem.souissi@gmail.com,+216 95 112 823,ACC0031,CTO,Tunisie,2021-09-05
CON0100,Nacer,Mahfoudhi,nacer.mahfoudhi@yahoo.fr,+216 52 678 881,ACC0081,Directeur Technique,Tunisie,2019-10-08
CON0101,Aymen,Karray,aymen.karray@yahoo.fr,+216 23 642 179,ACC0157,RSSI,Tunisie,2020-12-20
CON0102,Sarra,Mahfoudhi,sarra.mahfoudhi@attijari.tn,+216 20 341 496,ACC0056,Directeur Technique,Tunisie,2019-10-14
CON0103,Olfa,Bouaziz,olfa.bouaziz@biat.com.tn,+216 95 279 480,ACC0064,RSSI,Tunisie,2020-05-23
CON0104,Sofiene,Haddad,sofiene.haddad@attijari.tn,+216 25 485 470,ACC0169,CTO,Tunisie,2021-11-26
CON0105,Ines,Sassi,ines.sassi@bna.com.tn,+216 25 699 661,ACC0062,Architecte SI,Tunisie,2019-08-19
CON0106,Sami,Jlassi,sami.jlassi@gmail.com,+216 98 857 974,ACC0082,Directeur Technique,Tunisie,2023-10-29
CON0107,Ghassen,Bettaieb,ghassen.bettaieb@biat.com.tn,+216 24 510 671,ACC0198,DG,Tunisie,2022-04-17
CON0108,Sarra,Sghaier,sarra.sghaier@ttelecom.tn,+216 53 387 235,ACC0130,DG,Tunisie,2023-04-21
CON0109,Mohamed,Chebbi,mohamed.chebbi@bna.com.tn,+216 25 974 305,ACC0158,DSI,Tunisie,2019-06-21
CON0110,Nour,Amri,nour.amri@ttelecom.tn,+216 55 242 708,ACC0151,Architecte SI,Tunisie,2022-12-01
CON0111,Mouna,Sghaier,mouna.sghaier@stb.com.tn,+216 52 905 548,ACC0157,Directeur Technique,Tunisie,2020-09-25
CON0112,Chaima,Karray,chaima.karray@yahoo.fr,+216 92 111 405,ACC0042,CTO,Tunisie,2021-12-07
CON0113,Fatma,Sassi,fatma.sassi@biat.com.tn,+216 22 233 464,ACC0188,RSSI,Tunisie,2020-11-17
CON0114,Mohamed,Abidi,mohamed.abidi@ooredoo.tn,+216 23 161 617,ACC0128,DSI,Tunisie,2021-01-07
CON0115,Dorra,Mellouli,dorra.mellouli@biat.com.tn,+216 50 602 706,ACC0198,Directeur Technique,Tunisie,2022-10-12
CON0116,Rami,Ayadi,rami.ayadi@yahoo.fr,+216 21 377 626,ACC0063,CTO,Tunisie,2021-01-15
CON0117,Houssem,Khelifi,houssem.khelifi@ooredoo.tn,+216 98 670 746,ACC0058,Directeur Technique,Tunisie,2021-05-02
CON0118,Lotfi,Bchir,lotfi.bchir@gmail.com,+216 90 920 233,ACC0173,RSSI,Tunisie,2020-04-02
CON0119,Kais,Hamouda,kais.hamouda@bna.com.tn,+216 24 252 623,ACC0199,CTO,Tunisie,2019-06-26
CON0120,Lotfi,Ben Slama,lotfi.ben-slama@ooredoo.tn,+216 53 538 422,ACC0190,CTO,Tunisie,2021-08-08
CON0121,Slim,Ayadi,slim.ayadi@gmail.com,+216 24 241 796,ACC0039,Responsable SI,Tunisie,2019-02-18
CON0122,Kais,Mahfoudhi,kais.mahfoudhi@yahoo.fr,+216 25 478 615,ACC0001,Responsable SI,Tunisie,2019-08-01
CON0123,Walid,Bouaziz,walid.bouaziz@gmail.com,+216 92 133 918,ACC0024,Directeur Technique,Tunisie,2023-09-28
CON0124,Sarra,Brahim,sarra.brahim@gmail.com,+216 22 725 804,ACC0130,Directeur Financier,Tunisie,2019-06-03
CON0125,Hajer,Amri,hajer.amri@biat.com.tn,+216 55 969 258,ACC0067,Architecte SI,Tunisie,2022-12-06
CON0126,Fares,Bouaziz,fares.bouaziz@ooredoo.tn,+216 27 553 533,ACC0200,Directeur Financier,Tunisie,2019-11-15
CON0127,Houssem,Sghaier,houssem.sghaier@yahoo.fr,+216 20 105 655,ACC0092,Architecte SI,Tunisie,2020-09-23
CON0128,Aziz,Ben Romdhane,aziz.ben-romdhane@stb.com.tn,+216 55 727 365,ACC0181,Directeur Operations,Tunisie,2020-03-16
CON0129,Leila,Chebbi,leila.chebbi@stb.com.tn,+216 22 652 180,ACC0013,Architecte SI,Tunisie,2023-08-07
CON0130,Fares,Hammami,fares.hammami@bna.com.tn,+216 20 628 896,ACC0025,Chef de Projet,Tunisie,2023-07-05
CON0131,Wael,Laabidi,wael.laabidi@gmail.com,+216 55 726 444,ACC0096,Architecte SI,Tunisie,2022-04-15
CON0132,Ghassen,Jebali,ghassen.jebali@attijari.tn,+216 21 539 782,ACC0024,Chef de Projet,Tunisie,2019-03-29
CON0133,Ines,Gharbi,ines.gharbi@bna.com.tn,+216 26 584 527,ACC0128,Directeur Operations,Tunisie,2022-10-31
CON0134,Hedi,Laabidi,hedi.laabidi@attijari.tn,+216 27 374 246,ACC0039,Directeur Technique,Tunisie,2022-06-22
CON0135,Oussama,Rekik,oussama.rekik@ttelecom.tn,+216 26 951 271,ACC0016,DSI,Tunisie,2021-02-23
CON0136,Aymen,Sghaier,aymen.sghaier@biat.com.tn,+216 90 156 979,ACC0005,RSSI,Tunisie,2021-09-09
CON0137,Bilel,Ben Amor,bilel.ben-amor@gmail.com,+216 26 565 615,ACC0047,DG,Tunisie,2022-05-07
CON0138,Sofiene,Brahim,sofiene.brahim@stb.com.tn,+216 21 446 234,ACC0092,Chef de Projet,Tunisie,2019-11-23
CON0139,Imen,Bouaziz,imen.bouaziz@gmail.com,+216 21 677 603,ACC0196,CDO,Tunisie,2023-09-30
CON0140,Walid,Hamouda,walid.hamouda@stb.com.tn,+216 55 460 521,ACC0189,DSI,Tunisie,2019-02-27
CON0141,Yasmine,Ben Amor,yasmine.ben-amor@bna.com.tn,+216 22 270 504,ACC0139,Directeur Technique,Tunisie,2021-10-01
CON0142,Mohamed,Brahim,mohamed.brahim@ooredoo.tn,+216 25 188 916,ACC0123,Directeur Technique,Tunisie,2022-06-11
CON0143,Walid,Cherni,walid.cherni@attijari.tn,+216 53 925 702,ACC0016,CTO,Tunisie,2022-04-16
CON0144,Fatma,Dridi,fatma.dridi@ttelecom.tn,+216 90 675 512,ACC0151,DSI,Tunisie,2020-09-10
CON0145,Fares,Amri,fares.amri@stb.com.tn,+216 27 222 848,ACC0167,CDO,Tunisie,2022-12-19
CON0146,Mounir,Dridi,mounir.dridi@biat.com.tn,+216 95 672 905,ACC0097,Directeur Financier,Tunisie,2019-09-18
CON0147,Olfa,Ben Youssef,olfa.ben-youssef@yahoo.fr,+216 25 177 260,ACC0047,Chef de Projet,Tunisie,2023-07-15
CON0148,Yasmine,Jlassi,yasmine.jlassi@bna.com.tn,+216 52 358 919,ACC0191,Directeur Technique,Tunisie,2020-12-11
CON0149,Tarek,Bchir,tarek.bchir@attijari.tn,+216 23 398 918,ACC0115,Chef de Projet,Tunisie,2020-03-05
CON0150,Asma,Mahfoudhi,asma.mahfoudhi@biat.com.tn,+216 26 651 725,ACC0099,CTO,Tunisie,2019-12-07
CON0151,Rami,Romdhane,rami.romdhane@gmail.com,+216 92 320 848,ACC0123,Directeur Technique,Tunisie,2019-11-30
CON0152,Sami,Ben Slama,sami.ben-slama@gmail.com,+216 25 765 420,ACC0027,CTO,Tunisie,2019-12-15
CON0153,Houssem,Chabbi,houssem.chabbi@gmail.com,+216 98 528 726,ACC0181,Chef de Projet,Tunisie,2022-08-31
CON0154,Imen,Ben Romdhane,imen.ben-romdhane@gmail.com,+216 27 547 299,ACC0053,CTO,Tunisie,2022-11-28
CON0155,Yasmine,Mabrouk,yasmine.mabrouk@gmail.com,+216 52 786 337,ACC0013,DSI,Tunisie,2022-01-30
CON0156,Fatma,Ben Fredj,fatma.ben-fredj@stb.com.tn,+216 90 266 821,ACC0170,Chef de Projet,Tunisie,2020-02-13
CON0157,Imen,Jlassi,imen.jlassi@yahoo.fr,+216 55 899 534,ACC0030,CTO,Tunisie,2021-08-22
CON0158,Mariem,Ben Salem,mariem.ben-salem@gmail.com,+216 24 447 601,ACC0098,Chef de Projet,Tunisie,2021-07-01
CON0159,Salma,Ben Romdhane,salma.ben-romdhane@ttelecom.tn,+216 21 559 570,ACC0145,Responsable SI,Tunisie,2023-03-21
CON0160,Oussama,Gharbi,oussama.gharbi@bna.com.tn,+216 98 407 877,ACC0194,DSI,Tunisie,2022-02-07
CON0161,Ameni,Bouaziz,ameni.bouaziz@ttelecom.tn,+216 99 347 483,ACC0147,RSSI,Tunisie,2020-09-04
CON0162,Nour,Amri,nour.amri@ttelecom.tn,+216 24 438 833,ACC0147,RSSI,Tunisie,2019-09-04
CON0163,Nizar,Ben Youssef,nizar.ben-youssef@ooredoo.tn,+216 25 348 600,ACC0011,Architecte SI,Tunisie,2022-10-31
CON0164,Mouna,Cherni,mouna.cherni@yahoo.fr,+216 27 554 235,ACC0082,RSSI,Tunisie,2021-03-05
CON0165,Nacer,Abidi,nacer.abidi@attijari.tn,+216 53 995 363,ACC0180,Directeur Financier,Tunisie,2021-12-06
CON0166,Amine,Jebali,amine.jebali@yahoo.fr,+216 90 342 585,ACC0028,Directeur Financier,Tunisie,2023-05-29
CON0167,Ghassen,Ben Romdhane,ghassen.ben-romdhane@ooredoo.tn,+216 21 137 649,ACC0147,DG,Tunisie,2019-03-18
CON0168,Hedi,Ben Fredj,hedi.ben-fredj@gmail.com,+216 23 774 465,ACC0010,DSI,Tunisie,2022-11-15
CON0169,Hamza,Karray,hamza.karray@stb.com.tn,+216 55 383 801,ACC0078,CTO,Tunisie,2023-09-23
CON0170,Fatma,Ben Salem,fatma.ben-salem@attijari.tn,+216 50 259 689,ACC0199,CTO,Tunisie,2023-02-01
CON0171,Bilel,Sghaier,bilel.sghaier@gmail.com,+216 53 215 219,ACC0190,DSI,Tunisie,2023-11-12
CON0172,Ameni,Ncibi,ameni.ncibi@bna.com.tn,+216 24 798 505,ACC0104,DG,Tunisie,2023-12-06
CON0173,Nacer,Bchir,nacer.bchir@attijari.tn,+216 22 399 185,ACC0009,Responsable SI,Tunisie,2021-01-08
CON0174,Wassim,Trabelsi,wassim.trabelsi@bna.com.tn,+216 95 738 285,ACC0175,Responsable SI,Tunisie,2021-02-01
CON0175,Hedi,Brahim,hedi.brahim@yahoo.fr,+216 22 572 696,ACC0089,CTO,Tunisie,2023-03-14
CON0176,Imen,Zouari,imen.zouari@yahoo.fr,+216 53 758 427,ACC0057,Directeur Financier,Tunisie,2020-07-05
CON0177,Dorra,Kchaou,dorra.kchaou@attijari.tn,+216 95 174 726,ACC0166,RSSI,Tunisie,2023-06-29
CON0178,Asma,Bouzid,asma.bouzid@gmail.com,+216 55 547 620,ACC0109,Directeur Financier,Tunisie,2021-07-29
CON0179,Hamza,Mabrouk,hamza.mabrouk@biat.com.tn,+216 27 123 948,ACC0150,Directeur Technique,Tunisie,2021-11-13
CON0180,Dorra,Souissi,dorra.souissi@ooredoo.tn,+216 21 634 327,ACC0176,Architecte SI,Tunisie,2019-05-11
CON0181,Lotfi,Mahfoudhi,lotfi.mahfoudhi@ttelecom.tn,+216 90 724 731,ACC0049,Responsable SI,Tunisie,2023-04-17
CON0182,Nacer,Ben Youssef,nacer.ben-youssef@yahoo.fr,+216 23 818 735,ACC0185,DSI,Tunisie,2020-08-28
CON0183,Asma,Chabbi,asma.chabbi@gmail.com,+216 55 481 628,ACC0088,Directeur Operations,Tunisie,2022-07-31
CON0184,Dorra,Elloumi,dorra.elloumi@gmail.com,+216 50 954 723,ACC0076,DG,Tunisie,2019-09-20
CON0185,Nacer,Fehri,nacer.fehri@biat.com.tn,+216 98 162 298,ACC0057,Chef de Projet,Tunisie,2023-03-05
CON0186,Wassim,Romdhane,wassim.romdhane@ttelecom.tn,+216 20 447 986,ACC0119,Chef de Projet,Tunisie,2019-04-20
CON0187,Chaima,Hamouda,chaima.hamouda@biat.com.tn,+216 90 828 578,ACC0031,Directeur Financier,Tunisie,2020-09-03
CON0188,Mariem,Sassi,mariem.sassi@ttelecom.tn,+216 24 742 616,ACC0146,Directeur Financier,Tunisie,2020-10-09
CON0189,Imen,Bouzid,imen.bouzid@biat.com.tn,+216 50 410 174,ACC0002,Directeur Technique,Tunisie,2020-03-04
CON0190,Wassim,Mabrouk,wassim.mabrouk@attijari.tn,+216 22 771 500,ACC0034,CDO,Tunisie,2022-07-21
CON0191,Houssem,Mabrouk,houssem.mabrouk@stb.com.tn,+216 24 423 416,ACC0052,Directeur Technique,Tunisie,2020-10-21
CON0192,Mariem,Mansouri,mariem.mansouri@biat.com.tn,+216 99 855 142,ACC0058,RSSI,Tunisie,2019-09-22
CON0193,Khaled,Mabrouk,khaled.mabrouk@attijari.tn,+216 53 369 999,ACC0077,DG,Tunisie,2023-01-30
CON0194,Hamza,Bouaziz,hamza.bouaziz@biat.com.tn,+216 95 390 912,ACC0126,CDO,Tunisie,2019-12-04
CON0195,Ahmed,Ayadi,ahmed.ayadi@attijari.tn,+216 98 457 887,ACC0151,Directeur Financier,Tunisie,2019-09-10
CON0196,Chaima,Romdhane,chaima.romdhane@gmail.com,+216 25 396 621,ACC0153,DG,Tunisie,2022-08-31
CON0197,Hajer,Mabrouk,hajer.mabrouk@biat.com.tn,+216 25 856 767,ACC0141,RSSI,Tunisie,2022-12-08
CON0198,Mariem,Bouaziz,mariem.bouaziz@ooredoo.tn,+216 25 870 196,ACC0170,CDO,Tunisie,2020-07-06
CON0199,Hamza,Bouaziz,hamza.bouaziz@ttelecom.tn,+216 20 500 475,ACC0185,CTO,Tunisie,2020-08-01
CON0200,Zied,Chebbi,zied.chebbi@gmail.com,+216 53 921 785,ACC0134,Directeur Technique,Tunisie,2022-12-11
CON0201,Yasmine,Ben Slama,yasmine.ben-slama@bna.com.tn,+216 24 327 558,ACC0085,DSI,Tunisie,2019-01-27
CON0202,Oussama,Hamouda,oussama.hamouda@yahoo.fr,+216 21 305 861,ACC0024,CDO,Tunisie,2023-01-21
CON0203,Tarek,Bchir,tarek.bchir@biat.com.tn,+216 22 639 410,ACC0013,Directeur Financier,Tunisie,2023-11-26
CON0204,Tarek,Hamdi,tarek.hamdi@bna.com.tn,+216 99 356 657,ACC0025,Directeur Technique,Tunisie,2023-10-11
CON0205,Aziz,Rekik,aziz.rekik@biat.com.tn,+216 92 347 276,ACC0188,Chef de Projet,Tunisie,2023-07-28
CON0206,Kais,Ben Slama,kais.ben-slama@stb.com.tn,+216 92 334 886,ACC0177,DG,Tunisie,2022-08-21
CON0207,Mouna,Sghaier,mouna.sghaier@ooredoo.tn,+216 26 243 185,ACC0027,Directeur Technique,Tunisie,2021-09-15
CON0208,Aymen,Kchaou,aymen.kchaou@ttelecom.tn,+216 26 305 761,ACC0176,Directeur Operations,Tunisie,2021-09-26
CON0209,Olfa,Dridi,olfa.dridi@yahoo.fr,+216 99 309 174,ACC0004,CDO,Tunisie,2023-01-22
CON0210,Rania,Ben Slama,rania.ben-slama@ooredoo.tn,+216 50 912 568,ACC0111,DSI,Tunisie,2020-12-09
CON0211,Mehdi,Guesmi,mehdi.guesmi@yahoo.fr,+216 95 330 583,ACC0165,RSSI,Tunisie,2023-10-05
CON0212,Wael,Mahfoudhi,wael.mahfoudhi@stb.com.tn,+216 26 914 610,ACC0062,CTO,Tunisie,2019-04-14
CON0213,Leila,Ayadi,leila.ayadi@stb.com.tn,+216 52 836 403,ACC0021,Responsable SI,Tunisie,2023-06-29
CON0214,Fatma,Ben Ali,fatma.ben-ali@gmail.com,+216 98 472 614,ACC0191,Directeur Operations,Tunisie,2021-04-06
CON0215,Afef,Cherni,afef.cherni@attijari.tn,+216 50 713 991,ACC0131,Directeur Operations,Tunisie,2022-09-02
CON0216,Emna,Hammami,emna.hammami@biat.com.tn,+216 25 548 670,ACC0117,CTO,Tunisie,2023-04-21
CON0217,Sofiene,Ayadi,sofiene.ayadi@gmail.com,+216 24 959 728,ACC0030,DG,Tunisie,2019-01-05
CON0218,Dorra,Jebali,dorra.jebali@attijari.tn,+216 24 485 499,ACC0180,DSI,Tunisie,2019-12-03
CON0219,Rania,Oueslati,rania.oueslati@bna.com.tn,+216 50 807 796,ACC0066,CDO,Tunisie,2020-01-20
CON0220,Emna,Mabrouk,emna.mabrouk@yahoo.fr,+216 53 918 832,ACC0194,CDO,Tunisie,2022-07-20
CON0221,Afef,Chebbi,afef.chebbi@biat.com.tn,+216 95 900 858,ACC0035,Directeur Operations,Tunisie,2021-12-22
CON0222,Mehdi,Laabidi,mehdi.laabidi@ttelecom.tn,+216 26 925 789,ACC0178,DSI,Tunisie,2023-02-05
CON0223,Zied,Rekik,zied.rekik@stb.com.tn,+216 92 835 590,ACC0099,Directeur Operations,Tunisie,2022-11-19
CON0224,Yasmine,Ncibi,yasmine.ncibi@biat.com.tn,+216 90 110 477,ACC0036,Chef de Projet,Tunisie,2022-12-04
CON0225,Sarra,Ben Slama,sarra.ben-slama@attijari.tn,+216 25 655 849,ACC0052,RSSI,Tunisie,2023-01-03
CON0226,Nizar,Rekik,nizar.rekik@yahoo.fr,+216 55 949 521,ACC0129,Directeur Operations,Tunisie,2022-12-25
CON0227,Wael,Mansouri,wael.mansouri@gmail.com,+216 90 374 208,ACC0173,Chef de Projet,Tunisie,2023-12-03
CON0228,Asma,Haddad,asma.haddad@ttelecom.tn,+216 20 693 223,ACC0172,Directeur Financier,Tunisie,2020-06-30
CON0229,Amine,Bchir,amine.bchir@biat.com.tn,+216 92 409 960,ACC0053,Directeur Financier,Tunisie,2021-01-04
CON0230,Salma,Tlili,salma.tlili@ttelecom.tn,+216 25 834 695,ACC0191,Directeur Operations,Tunisie,2020-05-01
CON0231,Ines,Amri,ines.amri@ttelecom.tn,+216 52 674 827,ACC0176,DG,Tunisie,2019-04-21
CON0232,Ghassen,Ferjani,ghassen.ferjani@bna.com.tn,+216 21 814 216,ACC0194,Directeur Financier,Tunisie,2023-02-21
CON0233,Oussama,Ncibi,oussama.ncibi@gmail.com,+216 98 779 308,ACC0175,CDO,Tunisie,2019-12-22
CON0234,Ghassen,Ben Fredj,ghassen.ben-fredj@ooredoo.tn,+216 52 767 905,ACC0034,Chef de Projet,Tunisie,2023-09-29
CON0235,Walid,Gharbi,walid.gharbi@ooredoo.tn,+216 26 578 429,ACC0083,CTO,Tunisie,2023-05-04
CON0236,Bilel,Haddad,bilel.haddad@biat.com.tn,+216 99 824 223,ACC0019,Directeur Operations,Tunisie,2020-03-26
CON0237,Yasmine,Cherni,yasmine.cherni@bna.com.tn,+216 24 663 966,ACC0104,CDO,Tunisie,2020-03-29
CON0238,Nizar,Zouari,nizar.zouari@bna.com.tn,+216 95 103 224,ACC0122,CTO,Tunisie,2019-08-23
CON0239,Aymen,Mahfoudhi,aymen.mahfoudhi@gmail.com,+216 90 624 763,ACC0011,Chef de Projet,Tunisie,2023-06-19
CON0240,Asma,Dridi,asma.dridi@ttelecom.tn,+216 20 755 132,ACC0198,CTO,Tunisie,2023-07-03
CON0241,Chaima,Abidi,chaima.abidi@yahoo.fr,+216 52 918 937,ACC0132,DG,Tunisie,2019-12-09
CON0242,Emna,Ben Romdhane,emna.ben-romdhane@stb.com.tn,+216 25 131 732,ACC0176,DG,Tunisie,2020-02-26
CON0243,Wael,Guesmi,wael.guesmi@yahoo.fr,+216 53 678 587,ACC0118,CTO,Tunisie,2019-06-29
CON0244,Bilel,Bouaziz,bilel.bouaziz@ttelecom.tn,+216 27 267 200,ACC0067,DG,Tunisie,2021-07-12
CON0245,Karim,Abidi,karim.abidi@biat.com.tn,+216 95 950 590,ACC0137,Directeur Financier,Tunisie,2019-05-10
CON0246,Sami,Zouari,sami.zouari@biat.com.tn,+216 27 295 589,ACC0176,Directeur Financier,Tunisie,2019-06-27
CON0247,Zied,Karray,zied.karray@ooredoo.tn,+216 27 703 206,ACC0137,Directeur Operations,Tunisie,2023-03-10
CON0248,Slim,Ben Romdhane,slim.ben-romdhane@yahoo.fr,+216 23 606 607,ACC0003,Directeur Financier,Tunisie,2019-10-17
CON0249,Walid,Karray,walid.karray@attijari.tn,+216 26 495 239,ACC0022,CDO,Tunisie,2023-03-13
CON0250,Karim,Abidi,karim.abidi@ttelecom.tn,+216 52 431 696,ACC0057,Responsable SI,Tunisie,2020-02-02
CON0251,Kais,Guizani,kais.guizani@bna.com.tn,+216 25 910 833,ACC0119,Chef de Projet,Tunisie,2020-08-18
CON0252,Rami,Jebali,rami.jebali@attijari.tn,+216 27 202 793,ACC0085,CDO,Tunisie,2022-10-06
CON0253,Emna,Tlili,emna.tlili@stb.com.tn,+216 26 678 531,ACC0125,CDO,Tunisie,2022-06-16
CON0254,Rami,Ayadi,rami.ayadi@stb.com.tn,+216 22 283 788,ACC0081,DSI,Tunisie,2019-01-10
CON0255,Imen,Romdhane,imen.romdhane@biat.com.tn,+216 26 203 704,ACC0071,RSSI,Tunisie,2022-10-23
CON0256,Hamza,Dridi,hamza.dridi@biat.com.tn,+216 20 591 586,ACC0142,DG,Tunisie,2022-08-15
CON0257,Hajer,Rekik,hajer.rekik@biat.com.tn,+216 99 720 482,ACC0188,CTO,Tunisie,2019-02-08
CON0258,Rami,Oueslati,rami.oueslati@biat.com.tn,+216 20 565 661,ACC0010,CDO,Tunisie,2022-01-18
CON0259,Wael,Bettaieb,wael.bettaieb@attijari.tn,+216 25 892 277,ACC0035,RSSI,Tunisie,2021-11-11
CON0260,Zied,Fehri,zied.fehri@attijari.tn,+216 52 862 574,ACC0194,Directeur Technique,Tunisie,2021-07-02
CON0261,Tarek,Haddad,tarek.haddad@ooredoo.tn,+216 55 468 722,ACC0092,DG,Tunisie,2023-04-09
CON0262,Khaled,Zouari,khaled.zouari@biat.com.tn,+216 99 564 298,ACC0133,Directeur Financier,Tunisie,2021-08-19
CON0263,Maroua,Ben Romdhane,maroua.ben-romdhane@stb.com.tn,+216 50 470 785,ACC0163,Responsable SI,Tunisie,2022-03-31
CON0264,Houssem,Oueslati,houssem.oueslati@ooredoo.tn,+216 25 200 699,ACC0133,Directeur Financier,Tunisie,2020-04-01
CON0265,Sofiene,Ben Ali,sofiene.ben-ali@bna.com.tn,+216 26 727 158,ACC0129,DSI,Tunisie,2019-12-06
CON0266,Asma,Ayadi,asma.ayadi@attijari.tn,+216 26 276 889,ACC0041,Architecte SI,Tunisie,2023-01-09
CON0267,Zied,Tlili,zied.tlili@ttelecom.tn,+216 99 412 683,ACC0123,Responsable SI,Tunisie,2019-11-27
CON0268,Ines,Dridi,ines.dridi@bna.com.tn,+216 92 664 965,ACC0035,RSSI,Tunisie,2023-12-30
CON0269,Zied,Bchir,zied.bchir@yahoo.fr,+216 27 177 924,ACC0154,Directeur Financier,Tunisie,2023-12-05
CON0270,Fares,Hamouda,fares.hamouda@attijari.tn,+216 24 567 589,ACC0124,DSI,Tunisie,2023-08-28
CON0271,Wael,Ben Romdhane,wael.ben-romdhane@bna.com.tn,+216 26 899 526,ACC0068,Directeur Financier,Tunisie,2021-07-17
CON0272,Ameni,Gharbi,ameni.gharbi@biat.com.tn,+216 55 643 136,ACC0005,DG,Tunisie,2023-10-27
CON0273,Sofiene,Kchaou,sofiene.kchaou@biat.com.tn,+216 99 246 955,ACC0158,Architecte SI,Tunisie,2023-12-03
CON0274,Nacer,Mellouli,nacer.mellouli@yahoo.fr,+216 24 686 609,ACC0155,DSI,Tunisie,2023-05-06
CON0275,Wael,Bchir,wael.bchir@yahoo.fr,+216 90 371 791,ACC0110,Directeur Operations,Tunisie,2023-06-06
CON0276,Nacer,Fehri,nacer.fehri@biat.com.tn,+216 26 345 253,ACC0109,Directeur Technique,Tunisie,2021-09-04
CON0277,Karim,Abidi,karim.abidi@biat.com.tn,+216 90 654 474,ACC0002,Responsable SI,Tunisie,2021-12-06
CON0278,Slim,Tlili,slim.tlili@ooredoo.tn,+216 27 298 303,ACC0105,CTO,Tunisie,2019-11-13
CON0279,Sarra,Elloumi,sarra.elloumi@yahoo.fr,+216 20 907 444,ACC0157,Chef de Projet,Tunisie,2023-03-27
CON0280,Amine,Rekik,amine.rekik@yahoo.fr,+216 50 278 187,ACC0065,Directeur Technique,Tunisie,2020-12-06
CON0281,Hedi,Ben Ali,hedi.ben-ali@stb.com.tn,+216 99 254 513,ACC0180,Responsable SI,Tunisie,2020-03-15
CON0282,Imen,Gharbi,imen.gharbi@yahoo.fr,+216 50 423 804,ACC0042,Responsable SI,Tunisie,2023-07-06
CON0283,Imen,Jlassi,imen.jlassi@stb.com.tn,+216 21 666 530,ACC0057,CDO,Tunisie,2022-06-01
CON0284,Leila,Zouari,leila.zouari@attijari.tn,+216 99 403 822,ACC0183,Directeur Technique,Tunisie,2023-05-04
CON0285,Leila,Karray,leila.karray@attijari.tn,+216 52 287 639,ACC0074,Chef de Projet,Tunisie,2023-05-25
CON0286,Dorra,Amri,dorra.amri@bna.com.tn,+216 53 354 254,ACC0093,CTO,Tunisie,2019-11-19
CON0287,Hamza,Gharbi,hamza.gharbi@bna.com.tn,+216 99 777 607,ACC0151,Directeur Technique,Tunisie,2019-02-01
CON0288,Hedi,Mahfoudhi,hedi.mahfoudhi@attijari.tn,+216 98 714 314,ACC0089,CTO,Tunisie,2022-05-26
CON0289,Wael,Mahfoudhi,wael.mahfoudhi@ttelecom.tn,+216 25 982 183,ACC0105,Directeur Financier,Tunisie,2022-02-18
CON0290,Aymen,Hamdi,aymen.hamdi@attijari.tn,+216 26 975 272,ACC0138,DG,Tunisie,2022-11-22
CON0291,Khaled,Souissi,khaled.souissi@bna.com.tn,+216 55 406 523,ACC0175,Responsable SI,Tunisie,2023-11-01
CON0292,Lotfi,Cherni,lotfi.cherni@ttelecom.tn,+216 21 720 161,ACC0174,Directeur Technique,Tunisie,2021-04-24
CON0293,Rami,Hamouda,rami.hamouda@gmail.com,+216 23 233 118,ACC0074,CTO,Tunisie,2022-10-11
CON0294,Rami,Ben Slama,rami.ben-slama@yahoo.fr,+216 25 544 504,ACC0147,RSSI,Tunisie,2023-03-09
CON0295,Hajer,Toumi,hajer.toumi@yahoo.fr,+216 98 181 119,ACC0068,Directeur Technique,Tunisie,2020-02-20
CON0296,Maroua,Jebali,maroua.jebali@ooredoo.tn,+216 50 427 718,ACC0158,DSI,Tunisie,2019-03-28
CON0297,Ameni,Bouzid,ameni.bouzid@biat.com.tn,+216 21 815 249,ACC0126,Directeur Financier,Tunisie,2020-07-27
CON0298,Slim,Jlassi,slim.jlassi@yahoo.fr,+216 27 189 399,ACC0123,DG,Tunisie,2021-10-26
CON0299,Bilel,Abidi,bilel.abidi@stb.com.tn,+216 95 303 731,ACC0118,Directeur Technique,Tunisie,2019-01-25
CON0300,Bilel,Bchir,bilel.bchir@ttelecom.tn,+216 92 104 361,ACC0048,DG,Tunisie,2020-04-30
CON0301,Emna,Mansouri,emna.mansouri@attijari.tn,+216 52 436 124,ACC0109,Directeur Financier,Tunisie,2022-12-06
CON0302,Yasmine,Cherni,yasmine.cherni@biat.com.tn,+216 27 386 806,ACC0148,Responsable SI,Tunisie,2023-01-16
CON0303,Mariem,Ben Youssef,mariem.ben-youssef@stb.com.tn,+216 98 222 407,ACC0122,Directeur Operations,Tunisie,2021-05-13
CON0304,Sami,Ben Slama,sami.ben-slama@attijari.tn,+216 23 989 442,ACC0125,CTO,Tunisie,2022-02-25
CON0305,Sarra,Romdhane,sarra.romdhane@bna.com.tn,+216 26 293 981,ACC0066,DG,Tunisie,2021-07-10
CON0306,Yasmine,Elloumi,yasmine.elloumi@bna.com.tn,+216 24 894 753,ACC0089,RSSI,Tunisie,2019-09-06
CON0307,Yasmine,Sassi,yasmine.sassi@yahoo.fr,+216 23 738 244,ACC0045,Chef de Projet,Tunisie,2020-10-27
CON0308,Mounir,Hamouda,mounir.hamouda@yahoo.fr,+216 99 931 633,ACC0119,DSI,Tunisie,2022-08-04
CON0309,Yasmine,Zouari,yasmine.zouari@ooredoo.tn,+216 21 418 799,ACC0021,Architecte SI,Tunisie,2020-04-12
CON0310,Oussama,Guizani,oussama.guizani@biat.com.tn,+216 27 104 720,ACC0070,Architecte SI,Tunisie,2023-03-12
CON0311,Dorra,Guesmi,dorra.guesmi@biat.com.tn,+216 27 384 890,ACC0033,Chef de Projet,Tunisie,2023-03-04
CON0312,Mouna,Karray,mouna.karray@biat.com.tn,+216 98 349 291,ACC0141,RSSI,Tunisie,2023-04-28
CON0313,Walid,Bouzid,walid.bouzid@ooredoo.tn,+216 27 369 940,ACC0022,DSI,Tunisie,2020-04-14
CON0314,Hedi,Chabbi,hedi.chabbi@yahoo.fr,+216 90 424 435,ACC0008,Directeur Technique,Tunisie,2023-10-29
CON0315,Olfa,Cherni,olfa.cherni@bna.com.tn,+216 53 719 577,ACC0179,Architecte SI,Tunisie,2022-04-25
CON0316,Imen,Dridi,imen.dridi@gmail.com,+216 55 584 663,ACC0135,Directeur Operations,Tunisie,2020-12-12
CON0317,Ahmed,Jebali,ahmed.jebali@ttelecom.tn,+216 90 774 162,ACC0067,Chef de Projet,Tunisie,2019-01-22
CON0318,Maroua,Ben Romdhane,maroua.ben-romdhane@gmail.com,+216 92 533 374,ACC0003,RSSI,Tunisie,2020-09-05
CON0319,Oussama,Cherni,oussama.cherni@attijari.tn,+216 99 400 699,ACC0141,RSSI,Tunisie,2021-04-23
CON0320,Yasmine,Ben Youssef,yasmine.ben-youssef@stb.com.tn,+216 50 745 607,ACC0097,DSI,Tunisie,2019-06-12
CON0321,Mohamed,Hamdi,mohamed.hamdi@attijari.tn,+216 26 700 972,ACC0073,CTO,Tunisie,2021-04-25
CON0322,Fatma,Mellouli,fatma.mellouli@ttelecom.tn,+216 27 325 844,ACC0159,Architecte SI,Tunisie,2022-12-05
CON0323,Ameni,Ben Fredj,ameni.ben-fredj@gmail.com,+216 23 337 289,ACC0006,DSI,Tunisie,2020-07-31
CON0324,Yasmine,Khelifi,yasmine.khelifi@ooredoo.tn,+216 23 209 616,ACC0039,Chef de Projet,Tunisie,2020-03-20
CON0325,Fares,Ben Slama,fares.ben-slama@ttelecom.tn,+216 23 755 950,ACC0085,Directeur Technique,Tunisie,2019-04-25
CON0326,Yassine,Rekik,yassine.rekik@bna.com.tn,+216 53 114 676,ACC0098,Chef de Projet,Tunisie,2023-04-23
CON0327,Yassine,Ben Slama,yassine.ben-slama@stb.com.tn,+216 50 793 553,ACC0118,Chef de Projet,Tunisie,2022-09-25
CON0328,Olfa,Elloumi,olfa.elloumi@bna.com.tn,+216 55 441 521,ACC0191,Responsable SI,Tunisie,2019-09-08
CON0329,Hedi,Mahfoudhi,hedi.mahfoudhi@stb.com.tn,+216 20 338 666,ACC0029,Architecte SI,Tunisie,2020-10-26
CON0330,Aziz,Brahim,aziz.brahim@bna.com.tn,+216 92 757 861,ACC0003,RSSI,Tunisie,2023-05-24
CON0331,Mariem,Jebali,mariem.jebali@stb.com.tn,+216 24 503 195,ACC0064,Responsable SI,Tunisie,2019-07-07
CON0332,Slim,Amri,slim.amri@ooredoo.tn,+216 24 403 636,ACC0180,CDO,Tunisie,2019-09-15
CON0333,Lotfi,Jebali,lotfi.jebali@bna.com.tn,+216 27 854 518,ACC0188,Architecte SI,Tunisie,2022-11-12
CON0334,Fatma,Khelifi,fatma.khelifi@biat.com.tn,+216 24 354 859,ACC0144,DSI,Tunisie,2022-11-28
CON0335,Asma,Dridi,asma.dridi@ooredoo.tn,+216 90 514 675,ACC0071,CDO,Tunisie,2019-11-25
CON0336,Hajer,Elloumi,hajer.elloumi@gmail.com,+216 95 772 130,ACC0094,DSI,Tunisie,2023-05-09
CON0337,Nacer,Hamouda,nacer.hamouda@bna.com.tn,+216 95 118 617,ACC0199,Responsable SI,Tunisie,2020-10-18
CON0338,Mounir,Guesmi,mounir.guesmi@ooredoo.tn,+216 24 737 784,ACC0197,Chef de Projet,Tunisie,2022-06-09
CON0339,Hedi,Ayadi,hedi.ayadi@yahoo.fr,+216 92 902 341,ACC0169,Directeur Financier,Tunisie,2023-09-07
CON0340,Sarra,Toumi,sarra.toumi@ooredoo.tn,+216 90 175 484,ACC0026,Directeur Operations,Tunisie,2022-08-07
CON0341,Oussama,Ben Romdhane,oussama.ben-romdhane@attijari.tn,+216 53 411 266,ACC0094,CTO,Tunisie,2023-01-10
CON0342,Fatma,Mabrouk,fatma.mabrouk@gmail.com,+216 95 514 404,ACC0120,CTO,Tunisie,2022-02-16
CON0343,Karim,Mabrouk,karim.mabrouk@ttelecom.tn,+216 52 493 653,ACC0136,Responsable SI,Tunisie,2023-09-05
CON0344,Hedi,Oueslati,hedi.oueslati@gmail.com,+216 22 941 128,ACC0137,CDO,Tunisie,2020-01-31
CON0345,Sami,Bchir,sami.bchir@attijari.tn,+216 23 270 547,ACC0192,Architecte SI,Tunisie,2021-01-03
CON0346,Emna,Sassi,emna.sassi@ttelecom.tn,+216 22 213 405,ACC0141,CDO,Tunisie,2020-11-22
CON0347,Yassine,Bchir,yassine.bchir@ooredoo.tn,+216 24 793 192,ACC0096,RSSI,Tunisie,2023-08-19
CON0348,Sofiene,Romdhane,sofiene.romdhane@attijari.tn,+216 52 364 473,ACC0093,CDO,Tunisie,2021-03-24
CON0349,Ines,Chabbi,ines.chabbi@yahoo.fr,+216 21 943 529,ACC0002,CDO,Tunisie,2020-03-15
CON0350,Fares,Ben Slama,fares.ben-slama@yahoo.fr,+216 26 429 232,ACC0025,DSI,Tunisie,2020-12-29
CON0351,Mouna,Mellouli,mouna.mellouli@gmail.com,+216 23 887 168,ACC0077,DSI,Tunisie,2021-03-29
CON0352,Oussama,Hammami,oussama.hammami@bna.com.tn,+216 92 532 271,ACC0045,Chef de Projet,Tunisie,2023-08-06
CON0353,Mohamed,Guizani,mohamed.guizani@biat.com.tn,+216 27 197 204,ACC0021,RSSI,Tunisie,2020-12-13
CON0354,Nizar,Bouaziz,nizar.bouaziz@bna.com.tn,+216 55 532 766,ACC0163,DG,Tunisie,2020-09-16
CON0355,Houssem,Cherni,houssem.cherni@stb.com.tn,+216 99 717 323,ACC0179,CTO,Tunisie,2019-04-14
CON0356,Yassine,Mellouli,yassine.mellouli@yahoo.fr,+216 23 927 129,ACC0024,Directeur Financier,Tunisie,2020-08-16
CON0357,Hamza,Elloumi,hamza.elloumi@ttelecom.tn,+216 98 671 864,ACC0141,CTO,Tunisie,2019-06-24
CON0358,Leila,Ferjani,leila.ferjani@attijari.tn,+216 23 880 695,ACC0144,DSI,Tunisie,2021-03-20
CON0359,Mounir,Khelifi,mounir.khelifi@attijari.tn,+216 27 561 716,ACC0063,Chef de Projet,Tunisie,2023-05-10
CON0360,Lotfi,Khelifi,lotfi.khelifi@gmail.com,+216 90 633 874,ACC0109,Directeur Technique,Tunisie,2020-01-26
CON0361,Mariem,Mansouri,mariem.mansouri@biat.com.tn,+216 22 221 899,ACC0090,Directeur Operations,Tunisie,2022-06-30
CON0362,Ines,Gharbi,ines.gharbi@yahoo.fr,+216 26 797 590,ACC0194,DSI,Tunisie,2023-02-23
CON0363,Wassim,Bettaieb,wassim.bettaieb@ooredoo.tn,+216 52 790 429,ACC0004,CTO,Tunisie,2020-09-16
CON0364,Hedi,Hammami,hedi.hammami@bna.com.tn,+216 50 647 221,ACC0053,Directeur Financier,Tunisie,2023-03-17
CON0365,Fatma,Dridi,fatma.dridi@ooredoo.tn,+216 20 386 192,ACC0097,Directeur Technique,Tunisie,2019-03-31
CON0366,Tarek,Gharbi,tarek.gharbi@stb.com.tn,+216 27 547 458,ACC0014,Chef de Projet,Tunisie,2019-05-17
CON0367,Salma,Tlili,salma.tlili@yahoo.fr,+216 95 726 658,ACC0075,Directeur Operations,Tunisie,2021-02-18
CON0368,Aziz,Rekik,aziz.rekik@gmail.com,+216 23 516 337,ACC0023,Directeur Financier,Tunisie,2021-10-22
CON0369,Wassim,Hammami,wassim.hammami@attijari.tn,+216 52 314 505,ACC0079,CDO,Tunisie,2021-03-16
CON0370,Hamza,Kchaou,hamza.kchaou@yahoo.fr,+216 22 879 314,ACC0061,Chef de Projet,Tunisie,2023-07-21
CON0371,Fatma,Ben Romdhane,fatma.ben-romdhane@ooredoo.tn,+216 55 347 373,ACC0039,DG,Tunisie,2022-09-07
CON0372,Sarra,Ben Ali,sarra.ben-ali@ooredoo.tn,+216 22 307 898,ACC0107,Architecte SI,Tunisie,2019-11-09
CON0373,Leila,Mellouli,leila.mellouli@ttelecom.tn,+216 99 942 857,ACC0053,Chef de Projet,Tunisie,2022-01-13
CON0374,Khaled,Brahim,khaled.brahim@biat.com.tn,+216 53 377 363,ACC0035,Responsable SI,Tunisie,2022-09-05
CON0375,Maroua,Abidi,maroua.abidi@attijari.tn,+216 27 968 312,ACC0048,Architecte SI,Tunisie,2023-01-29
CON0376,Mariem,Ayadi,mariem.ayadi@stb.com.tn,+216 99 704 762,ACC0039,Responsable SI,Tunisie,2019-09-27
CON0377,Slim,Cherni,slim.cherni@gmail.com,+216 95 425 231,ACC0153,CDO,Tunisie,2022-11-08
CON0378,Tarek,Tlili,tarek.tlili@ttelecom.tn,+216 92 907 607,ACC0183,Directeur Financier,Tunisie,2023-10-12
CON0379,Wassim,Mansouri,wassim.mansouri@biat.com.tn,+216 20 997 171,ACC0105,CDO,Tunisie,2021-04-25
CON0380,Maroua,Kchaou,maroua.kchaou@yahoo.fr,+216 23 819 366,ACC0177,RSSI,Tunisie,2023-12-23
CON0381,Olfa,Trabelsi,olfa.trabelsi@bna.com.tn,+216 26 103 233,ACC0185,Chef de Projet,Tunisie,2022-06-06
CON0382,Nizar,Zouari,nizar.zouari@gmail.com,+216 23 984 897,ACC0134,Chef de Projet,Tunisie,2021-07-24
CON0383,Mouna,Ben Fredj,mouna.ben-fredj@bna.com.tn,+216 98 733 572,ACC0133,Responsable SI,Tunisie,2020-08-19
CON0384,Fatma,Jlassi,fatma.jlassi@attijari.tn,+216 23 993 286,ACC0076,RSSI,Tunisie,2022-11-14
CON0385,Yassine,Trabelsi,yassine.trabelsi@gmail.com,+216 25 339 434,ACC0029,DSI,Tunisie,2022-11-26
CON0386,Fatma,Jebali,fatma.jebali@stb.com.tn,+216 20 175 900,ACC0117,RSSI,Tunisie,2023-12-13
CON0387,Yassine,Mellouli,yassine.mellouli@ooredoo.tn,+216 53 399 237,ACC0184,CTO,Tunisie,2019-08-22
CON0388,Wassim,Bouaziz,wassim.bouaziz@stb.com.tn,+216 27 835 736,ACC0157,Chef de Projet,Tunisie,2022-02-01
CON0389,Nizar,Rekik,nizar.rekik@yahoo.fr,+216 50 959 131,ACC0042,DG,Tunisie,2023-04-25
CON0390,Walid,Ben Slama,walid.ben-slama@stb.com.tn,+216 25 819 923,ACC0161,RSSI,Tunisie,2019-09-27
CON0391,Afef,Bouzid,afef.bouzid@yahoo.fr,+216 23 805 970,ACC0140,CTO,Tunisie,2023-12-13
CON0392,Mariem,Rekik,mariem.rekik@attijari.tn,+216 26 984 533,ACC0114,Directeur Operations,Tunisie,2022-05-14
CON0393,Aziz,Souissi,aziz.souissi@bna.com.tn,+216 55 747 748,ACC0013,RSSI,Tunisie,2019-04-23
CON0394,Nacer,Guizani,nacer.guizani@gmail.com,+216 52 341 546,ACC0085,Directeur Operations,Tunisie,2019-08-12
CON0395,Lotfi,Ferjani,lotfi.ferjani@gmail.com,+216 20 216 348,ACC0117,Directeur Financier,Tunisie,2019-03-15
CON0396,Aziz,Kchaou,aziz.kchaou@yahoo.fr,+216 98 730 981,ACC0141,Architecte SI,Tunisie,2021-08-22
CON0397,Nour,Hamouda,nour.hamouda@bna.com.tn,+216 22 462 147,ACC0054,CTO,Tunisie,2019-04-30
CON0398,Walid,Chebbi,walid.chebbi@attijari.tn,+216 50 227 458,ACC0110,DG,Tunisie,2020-06-15
CON0399,Leila,Souissi,leila.souissi@biat.com.tn,+216 52 446 875,ACC0134,RSSI,Tunisie,2023-07-13
CON0400,Mohamed,Elloumi,mohamed.elloumi@stb.com.tn,+216 50 129 726,ACC0007,CTO,Tunisie,2023-02-19
CON0401,Afef,Brahim,afef.brahim@stb.com.tn,+216 92 499 316,ACC0003,Responsable SI,Tunisie,2020-06-05
CON0402,Lotfi,Guesmi,lotfi.guesmi@yahoo.fr,+216 23 345 735,ACC0030,RSSI,Tunisie,2021-03-22
CON0403,Yassine,Mahfoudhi,yassine.mahfoudhi@stb.com.tn,+216 22 350 815,ACC0173,Chef de Projet,Tunisie,2023-06-21
CON0404,Rami,Guesmi,rami.guesmi@ooredoo.tn,+216 99 256 250,ACC0086,Directeur Financier,Tunisie,2023-03-01
CON0405,Ghassen,Mabrouk,ghassen.mabrouk@bna.com.tn,+216 55 583 159,ACC0005,Directeur Financier,Tunisie,2022-11-04
CON0406,Dorra,Cherni,dorra.cherni@stb.com.tn,+216 99 864 139,ACC0097,CTO,Tunisie,2022-03-15
CON0407,Leila,Ferjani,leila.ferjani@biat.com.tn,+216 90 892 298,ACC0181,DSI,Tunisie,2020-07-10
CON0408,Aymen,Toumi,aymen.toumi@bna.com.tn,+216 21 910 160,ACC0056,Directeur Technique,Tunisie,2019-12-25
CON0409,Mounir,Jlassi,mounir.jlassi@yahoo.fr,+216 27 692 958,ACC0007,DSI,Tunisie,2019-11-12
CON0410,Mohamed,Elloumi,mohamed.elloumi@bna.com.tn,+216 21 674 423,ACC0199,Architecte SI,Tunisie,2023-04-25
CON0411,Walid,Ben Ali,walid.ben-ali@biat.com.tn,+216 99 607 660,ACC0100,CTO,Tunisie,2019-01-09
CON0412,Wassim,Romdhane,wassim.romdhane@yahoo.fr,+216 53 152 642,ACC0027,CDO,Tunisie,2019-02-16
CON0413,Sofiene,Souissi,sofiene.souissi@attijari.tn,+216 20 783 191,ACC0071,Directeur Technique,Tunisie,2023-05-02
CON0414,Dorra,Haddad,dorra.haddad@biat.com.tn,+216 24 564 335,ACC0160,Chef de Projet,Tunisie,2019-07-29
CON0415,Kais,Sghaier,kais.sghaier@attijari.tn,+216 99 859 405,ACC0147,DG,Tunisie,2019-05-26
CON0416,Mohamed,Elloumi,mohamed.elloumi@bna.com.tn,+216 92 849 290,ACC0008,DSI,Tunisie,2019-08-05
CON0417,Wael,Ben Amor,wael.ben-amor@biat.com.tn,+216 21 997 336,ACC0158,Responsable SI,Tunisie,2020-11-11
CON0418,Houssem,Mansouri,houssem.mansouri@biat.com.tn,+216 53 405 880,ACC0025,RSSI,Tunisie,2022-11-02
CON0419,Sami,Ben Ali,sami.ben-ali@ttelecom.tn,+216 55 301 670,ACC0094,DG,Tunisie,2022-12-03
CON0420,Rami,Khelifi,rami.khelifi@gmail.com,+216 23 483 757,ACC0122,CTO,Tunisie,2021-09-07
CON0421,Oussama,Bouaziz,oussama.bouaziz@yahoo.fr,+216 20 835 678,ACC0027,Architecte SI,Tunisie,2020-10-29
CON0422,Houssem,Bchir,houssem.bchir@ttelecom.tn,+216 50 480 419,ACC0062,CTO,Tunisie,2022-01-27
CON0423,Ameni,Hammami,ameni.hammami@bna.com.tn,+216 27 333 810,ACC0112,Directeur Operations,Tunisie,2022-01-20
CON0424,Tarek,Mellouli,tarek.mellouli@gmail.com,+216 99 230 794,ACC0030,CDO,Tunisie,2021-08-06
CON0425,Khaled,Ben Salem,khaled.ben-salem@yahoo.fr,+216 52 912 670,ACC0154,Directeur Financier,Tunisie,2023-04-29
CON0426,Asma,Cherni,asma.cherni@biat.com.tn,+216 27 666 560,ACC0036,RSSI,Tunisie,2023-03-31
CON0427,Ameni,Mabrouk,ameni.mabrouk@attijari.tn,+216 52 943 894,ACC0051,CTO,Tunisie,2020-09-05
CON0428,Ghassen,Bchir,ghassen.bchir@ttelecom.tn,+216 24 267 349,ACC0157,Chef de Projet,Tunisie,2023-10-02
CON0429,Sami,Ferjani,sami.ferjani@stb.com.tn,+216 55 270 125,ACC0029,CDO,Tunisie,2020-04-26
CON0430,Afef,Bettaieb,afef.bettaieb@attijari.tn,+216 92 206 541,ACC0098,Chef de Projet,Tunisie,2020-03-08
CON0431,Amine,Souissi,amine.souissi@gmail.com,+216 22 171 998,ACC0107,Directeur Operations,Tunisie,2023-11-23
CON0432,Chaima,Dridi,chaima.dridi@biat.com.tn,+216 25 304 753,ACC0185,Directeur Operations,Tunisie,2019-10-06
CON0433,Walid,Mahfoudhi,walid.mahfoudhi@ttelecom.tn,+216 20 858 861,ACC0160,Chef de Projet,Tunisie,2021-11-09
CON0434,Mehdi,Guesmi,mehdi.guesmi@bna.com.tn,+216 55 408 684,ACC0109,Directeur Technique,Tunisie,2022-03-29
CON0435,Rami,Zouari,rami.zouari@yahoo.fr,+216 24 784 513,ACC0009,DG,Tunisie,2021-09-16
CON0436,Ahmed,Brahim,ahmed.brahim@gmail.com,+216 50 923 115,ACC0193,DG,Tunisie,2021-11-24
CON0437,Sarra,Souissi,sarra.souissi@ooredoo.tn,+216 21 722 497,ACC0176,CDO,Tunisie,2020-10-01
CON0438,Maroua,Ncibi,maroua.ncibi@ooredoo.tn,+216 26 193 962,ACC0117,DSI,Tunisie,2022-03-21
CON0439,Ahmed,Mabrouk,ahmed.mabrouk@stb.com.tn,+216 92 844 424,ACC0187,Directeur Technique,Tunisie,2019-05-06
CON0440,Dorra,Ben Slama,dorra.ben-slama@ooredoo.tn,+216 99 423 469,ACC0189,Responsable SI,Tunisie,2020-08-10
CON0441,Tarek,Ben Fredj,tarek.ben-fredj@attijari.tn,+216 55 928 435,ACC0065,CTO,Tunisie,2020-07-29
CON0442,Hedi,Toumi,hedi.toumi@ooredoo.tn,+216 25 343 621,ACC0169,Chef de Projet,Tunisie,2023-07-13
CON0443,Tarek,Zouari,tarek.zouari@attijari.tn,+216 50 935 458,ACC0009,Responsable SI,Tunisie,2019-10-25
CON0444,Yasmine,Ben Romdhane,yasmine.ben-romdhane@stb.com.tn,+216 99 588 520,ACC0061,Architecte SI,Tunisie,2020-03-07
CON0445,Sarra,Oueslati,sarra.oueslati@attijari.tn,+216 52 899 583,ACC0014,RSSI,Tunisie,2021-03-27
CON0446,Dorra,Mellouli,dorra.mellouli@ttelecom.tn,+216 23 814 438,ACC0175,Directeur Operations,Tunisie,2020-06-21
CON0447,Dorra,Ayadi,dorra.ayadi@yahoo.fr,+216 20 140 996,ACC0098,CDO,Tunisie,2022-10-30
CON0448,Hedi,Elloumi,hedi.elloumi@attijari.tn,+216 99 416 444,ACC0157,CDO,Tunisie,2020-07-07
CON0449,Amine,Gharbi,amine.gharbi@yahoo.fr,+216 23 865 524,ACC0188,CDO,Tunisie,2021-11-30
CON0450,Aymen,Trabelsi,aymen.trabelsi@bna.com.tn,+216 98 874 304,ACC0004,Responsable SI,Tunisie,2021-12-11
CON0451,Mohamed,Ayadi,mohamed.ayadi@gmail.com,+216 23 802 812,ACC0009,Directeur Operations,Tunisie,2019-07-08
CON0452,Yassine,Guesmi,yassine.guesmi@biat.com.tn,+216 99 549 467,ACC0023,RSSI,Tunisie,2021-02-08
CON0453,Salma,Mabrouk,salma.mabrouk@bna.com.tn,+216 95 637 608,ACC0076,Directeur Technique,Tunisie,2022-08-01
CON0454,Hajer,Guizani,hajer.guizani@attijari.tn,+216 24 624 493,ACC0066,RSSI,Tunisie,2020-07-21
CON0455,Slim,Kchaou,slim.kchaou@bna.com.tn,+216 23 568 978,ACC0046,RSSI,Tunisie,2021-10-04
CON0456,Imen,Ncibi,imen.ncibi@biat.com.tn,+216 25 746 567,ACC0139,RSSI,Tunisie,2022-06-11
CON0457,Leila,Elloumi,leila.elloumi@yahoo.fr,+216 26 865 118,ACC0019,CDO,Tunisie,2023-01-30
CON0458,Sami,Karray,sami.karray@gmail.com,+216 22 343 965,ACC0010,CTO,Tunisie,2019-11-07
CON0459,Hajer,Hammami,hajer.hammami@ttelecom.tn,+216 98 237 230,ACC0123,Directeur Financier,Tunisie,2023-09-25
CON0460,Dorra,Sassi,dorra.sassi@ooredoo.tn,+216 26 610 867,ACC0032,Architecte SI,Tunisie,2021-01-05
CON0461,Sarra,Sassi,sarra.sassi@stb.com.tn,+216 92 739 149,ACC0137,Responsable SI,Tunisie,2023-09-19
CON0462,Wael,Trabelsi,wael.trabelsi@stb.com.tn,+216 99 286 262,ACC0170,Directeur Operations,Tunisie,2022-11-26
CON0463,Nour,Oueslati,nour.oueslati@stb.com.tn,+216 23 525 998,ACC0189,DSI,Tunisie,2019-03-15
CON0464,Ahmed,Toumi,ahmed.toumi@ooredoo.tn,+216 26 704 854,ACC0139,DSI,Tunisie,2021-12-29
CON0465,Ines,Bouzid,ines.bouzid@ttelecom.tn,+216 24 936 784,ACC0104,RSSI,Tunisie,2023-07-11
CON0466,Emna,Guizani,emna.guizani@ooredoo.tn,+216 52 372 525,ACC0019,Directeur Technique,Tunisie,2021-09-28
CON0467,Mehdi,Toumi,mehdi.toumi@biat.com.tn,+216 23 193 118,ACC0004,CDO,Tunisie,2020-09-21
CON0468,Karim,Rekik,karim.rekik@bna.com.tn,+216 22 143 830,ACC0030,Directeur Technique,Tunisie,2023-06-25
CON0469,Asma,Ben Salem,asma.ben-salem@ttelecom.tn,+216 53 368 794,ACC0084,Directeur Operations,Tunisie,2022-01-22
CON0470,Chaima,Fehri,chaima.fehri@ooredoo.tn,+216 92 703 417,ACC0086,Architecte SI,Tunisie,2020-07-14
CON0471,Rania,Mabrouk,rania.mabrouk@attijari.tn,+216 21 692 773,ACC0063,Directeur Technique,Tunisie,2019-10-01
CON0472,Oussama,Souissi,oussama.souissi@gmail.com,+216 22 198 984,ACC0002,Directeur Technique,Tunisie,2019-07-02
CON0473,Dorra,Jebali,dorra.jebali@ooredoo.tn,+216 99 491 835,ACC0178,DG,Tunisie,2019-10-21
CON0474,Karim,Souissi,karim.souissi@ttelecom.tn,+216 27 730 769,ACC0153,CDO,Tunisie,2022-06-07
CON0475,Houssem,Chabbi,houssem.chabbi@gmail.com,+216 27 237 989,ACC0050,Directeur Operations,Tunisie,2019-07-15
CON0476,Sami,Haddad,sami.haddad@gmail.com,+216 53 334 331,ACC0071,CTO,Tunisie,2019-08-19
CON0477,Mariem,Karray,mariem.karray@gmail.com,+216 92 234 813,ACC0166,Directeur Operations,Tunisie,2020-03-05
CON0478,Fatma,Elloumi,fatma.elloumi@ooredoo.tn,+216 21 921 325,ACC0190,Responsable SI,Tunisie,2019-12-27
CON0479,Dorra,Ben Amor,dorra.ben-amor@biat.com.tn,+216 53 244 296,ACC0152,RSSI,Tunisie,2021-05-08
CON0480,Asma,Ben Romdhane,asma.ben-romdhane@biat.com.tn,+216 90 967 925,ACC0189,Directeur Financier,Tunisie,2021-02-08
CON0481,Oussama,Ben Fredj,oussama.ben-fredj@gmail.com,+216 22 742 657,ACC0056,RSSI,Tunisie,2019-12-31
CON0482,Ahmed,Mansouri,ahmed.mansouri@yahoo.fr,+216 25 517 248,ACC0070,Directeur Financier,Tunisie,2019-09-18
CON0483,Mouna,Bettaieb,mouna.bettaieb@ttelecom.tn,+216 95 437 784,ACC0118,CDO,Tunisie,2023-04-07
CON0484,Mouna,Mahfoudhi,mouna.mahfoudhi@biat.com.tn,+216 21 398 723,ACC0148,RSSI,Tunisie,2019-06-27
CON0485,Zied,Hammami,zied.hammami@biat.com.tn,+216 25 602 596,ACC0072,Architecte SI,Tunisie,2023-02-16
CON0486,Hamza,Amri,hamza.amri@gmail.com,+216 22 977 165,ACC0147,Architecte SI,Tunisie,2019-04-01
CON0487,Fatma,Toumi,fatma.toumi@gmail.com,+216 95 277 787,ACC0123,CTO,Tunisie,2021-10-11
CON0488,Nour,Mansouri,nour.mansouri@bna.com.tn,+216 52 337 803,ACC0034,CTO,Tunisie,2020-05-04
CON0489,Nacer,Haddad,nacer.haddad@gmail.com,+216 55 906 142,ACC0147,Directeur Operations,Tunisie,2021-07-20
CON0490,Wassim,Jlassi,wassim.jlassi@gmail.com,+216 55 925 284,ACC0161,DG,Tunisie,2023-10-29
CON0491,Rami,Zouari,rami.zouari@biat.com.tn,+216 53 368 213,ACC0110,RSSI,Tunisie,2022-01-15
CON0492,Nour,Ben Fredj,nour.ben-fredj@yahoo.fr,+216 90 715 829,ACC0132,DSI,Tunisie,2019-08-16
CON0493,Yasmine,Ncibi,yasmine.ncibi@yahoo.fr,+216 95 176 974,ACC0166,DG,Tunisie,2022-02-22
CON0494,Tarek,Ben Fredj,tarek.ben-fredj@stb.com.tn,+216 26 206 678,ACC0189,DG,Tunisie,2023-03-23
CON0495,Mehdi,Chebbi,mehdi.chebbi@yahoo.fr,+216 53 452 833,ACC0014,CDO,Tunisie,2020-12-08
CON0496,Tarek,Ncibi,tarek.ncibi@gmail.com,+216 90 354 118,ACC0174,RSSI,Tunisie,2021-07-14
CON0497,Mounir,Zouari,mounir.zouari@biat.com.tn,+216 53 132 904,ACC0118,DSI,Tunisie,2021-03-11
CON0498,Kais,Hamouda,kais.hamouda@biat.com.tn,+216 25 126 503,ACC0179,Directeur Operations,Tunisie,2019-11-05
CON0499,Ahmed,Cherni,ahmed.cherni@ooredoo.tn,+216 90 893 530,ACC0034,RSSI,Tunisie,2021-05-10
CON0500,Walid,Amri,walid.amri@gmail.com,+216 99 375 229,ACC0134,DG,Tunisie,2022-03-31
CON0501,Hajer,Hamdi,hajer.hamdi@gmail.com,+216 21 721 235,ACC0141,RSSI,Tunisie,2020-09-14
CON0502,Chaima,Chebbi,chaima.chebbi@biat.com.tn,+216 53 701 604,ACC0124,Chef de Projet,Tunisie,2023-04-26
CON0503,Dorra,Guesmi,dorra.guesmi@stb.com.tn,+216 53 464 867,ACC0183,CDO,Tunisie,2020-01-09
CON0504,Sami,Toumi,sami.toumi@bna.com.tn,+216 23 143 827,ACC0113,Chef de Projet,Tunisie,2020-01-13
CON0505,Dorra,Guesmi,dorra.guesmi@gmail.com,+216 55 592 760,ACC0096,Directeur Technique,Tunisie,2019-11-29
CON0506,Nizar,Haddad,nizar.haddad@attijari.tn,+216 23 129 582,ACC0118,Responsable SI,Tunisie,2019-01-09
CON0507,Walid,Hamdi,walid.hamdi@ttelecom.tn,+216 20 586 989,ACC0194,Chef de Projet,Tunisie,2023-06-26
CON0508,Zied,Ferjani,zied.ferjani@ooredoo.tn,+216 25 266 396,ACC0036,Directeur Financier,Tunisie,2020-09-22
CON0509,Mouna,Chebbi,mouna.chebbi@gmail.com,+216 27 527 809,ACC0015,Chef de Projet,Tunisie,2022-04-09
CON0510,Bilel,Dridi,bilel.dridi@attijari.tn,+216 99 785 375,ACC0115,Directeur Financier,Tunisie,2021-03-18
CON0511,Mohamed,Mansouri,mohamed.mansouri@ttelecom.tn,+216 23 950 714,ACC0102,Directeur Technique,Tunisie,2021-01-27
CON0512,Oussama,Mahfoudhi,oussama.mahfoudhi@bna.com.tn,+216 24 425 791,ACC0144,Architecte SI,Tunisie,2023-01-30
CON0513,Fares,Ben Youssef,fares.ben-youssef@biat.com.tn,+216 50 801 130,ACC0187,Architecte SI,Tunisie,2023-09-08
CON0514,Olfa,Guesmi,olfa.guesmi@yahoo.fr,+216 27 982 204,ACC0086,CDO,Tunisie,2023-03-29
CON0515,Tarek,Tlili,tarek.tlili@biat.com.tn,+216 92 133 324,ACC0143,DSI,Tunisie,2023-03-27
CON0516,Kais,Ayadi,kais.ayadi@attijari.tn,+216 99 438 306,ACC0078,Chef de Projet,Tunisie,2021-10-08
CON0517,Emna,Jebali,emna.jebali@biat.com.tn,+216 92 863 113,ACC0164,Architecte SI,Tunisie,2022-09-01
CON0518,Ghassen,Souissi,ghassen.souissi@ooredoo.tn,+216 24 797 102,ACC0008,DG,Tunisie,2021-10-06
CON0519,Tarek,Gharbi,tarek.gharbi@ttelecom.tn,+216 92 706 923,ACC0067,Chef de Projet,Tunisie,2021-02-03
CON0520,Oussama,Ben Youssef,oussama.ben-youssef@biat.com.tn,+216 90 736 395,ACC0082,Chef de Projet,Tunisie,2021-01-01
CON0521,Aymen,Guizani,aymen.guizani@bna.com.tn,+216 21 799 173,ACC0075,CDO,Tunisie,2022-08-01
CON0522,Yasmine,Bettaieb,yasmine.bettaieb@bna.com.tn,+216 95 840 674,ACC0140,CTO,Tunisie,2023-08-21
CON0523,Walid,Jlassi,walid.jlassi@bna.com.tn,+216 22 822 430,ACC0137,Architecte SI,Tunisie,2023-08-14
CON0524,Ghassen,Hamouda,ghassen.hamouda@yahoo.fr,+216 21 254 588,ACC0106,Chef de Projet,Tunisie,2019-07-29
CON0525,Khaled,Ben Salem,khaled.ben-salem@attijari.tn,+216 92 203 945,ACC0137,DG,Tunisie,2021-05-04
CON0526,Hamza,Elloumi,hamza.elloumi@attijari.tn,+216 23 451 900,ACC0177,DG,Tunisie,2023-08-01
CON0527,Mehdi,Cherni,mehdi.cherni@stb.com.tn,+216 21 823 791,ACC0191,Responsable SI,Tunisie,2019-09-21
CON0528,Afef,Haddad,afef.haddad@bna.com.tn,+216 98 365 606,ACC0021,Responsable SI,Tunisie,2019-06-09
CON0529,Mohamed,Hammami,mohamed.hammami@stb.com.tn,+216 92 670 771,ACC0169,CTO,Tunisie,2019-05-02
CON0530,Rania,Ben Amor,rania.ben-amor@ooredoo.tn,+216 92 733 240,ACC0194,Directeur Technique,Tunisie,2022-05-17
CON0531,Ameni,Bchir,ameni.bchir@bna.com.tn,+216 95 571 908,ACC0024,Architecte SI,Tunisie,2022-04-02
CON0532,Olfa,Ben Salem,olfa.ben-salem@ttelecom.tn,+216 24 501 511,ACC0146,DSI,Tunisie,2023-08-06
CON0533,Mounir,Ben Fredj,mounir.ben-fredj@biat.com.tn,+216 21 374 986,ACC0194,Directeur Technique,Tunisie,2023-01-25
CON0534,Houssem,Mahfoudhi,houssem.mahfoudhi@biat.com.tn,+216 23 781 786,ACC0113,CTO,Tunisie,2023-09-06
CON0535,Sofiene,Ben Romdhane,sofiene.ben-romdhane@yahoo.fr,+216 20 674 821,ACC0195,Directeur Operations,Tunisie,2021-08-12
CON0536,Slim,Hamouda,slim.hamouda@biat.com.tn,+216 26 749 850,ACC0143,Directeur Technique,Tunisie,2020-11-02
CON0537,Wassim,Gharbi,wassim.gharbi@biat.com.tn,+216 92 183 818,ACC0176,DG,Tunisie,2022-02-08
CON0538,Leila,Ben Ali,leila.ben-ali@yahoo.fr,+216 26 765 531,ACC0174,DG,Tunisie,2019-01-27
CON0539,Houssem,Kchaou,houssem.kchaou@stb.com.tn,+216 98 575 888,ACC0031,CTO,Tunisie,2021-03-31
CON0540,Hajer,Ncibi,hajer.ncibi@yahoo.fr,+216 50 569 764,ACC0087,DG,Tunisie,2023-09-25
CON0541,Oussama,Elloumi,oussama.elloumi@bna.com.tn,+216 21 710 289,ACC0194,Chef de Projet,Tunisie,2021-09-01
CON0542,Dorra,Hamdi,dorra.hamdi@gmail.com,+216 24 722 592,ACC0197,CDO,Tunisie,2019-09-08
CON0543,Nizar,Abidi,nizar.abidi@ooredoo.tn,+216 23 956 486,ACC0189,Directeur Financier,Tunisie,2021-10-17
CON0544,Houssem,Elloumi,houssem.elloumi@bna.com.tn,+216 53 769 821,ACC0040,Chef de Projet,Tunisie,2022-06-30
CON0545,Fares,Mahfoudhi,fares.mahfoudhi@gmail.com,+216 21 439 196,ACC0076,Directeur Operations,Tunisie,2021-10-30
CON0546,Kais,Souissi,kais.souissi@bna.com.tn,+216 27 586 888,ACC0111,Directeur Technique,Tunisie,2021-07-10
CON0547,Nacer,Bchir,nacer.bchir@yahoo.fr,+216 20 111 602,ACC0181,Directeur Financier,Tunisie,2021-06-01
CON0548,Slim,Ben Ali,slim.ben-ali@biat.com.tn,+216 98 946 612,ACC0169,Directeur Technique,Tunisie,2022-03-17
CON0549,Nacer,Ayadi,nacer.ayadi@ooredoo.tn,+216 98 200 296,ACC0127,Chef de Projet,Tunisie,2022-06-17
CON0550,Nour,Jlassi,nour.jlassi@ooredoo.tn,+216 98 764 902,ACC0033,Directeur Technique,Tunisie,2023-07-16
CON0551,Nizar,Hamdi,nizar.hamdi@bna.com.tn,+216 99 656 357,ACC0089,Directeur Financier,Tunisie,2020-12-20
CON0552,Fares,Mellouli,fares.mellouli@gmail.com,+216 21 268 190,ACC0177,RSSI,Tunisie,2019-08-23
CON0553,Mariem,Gharbi,mariem.gharbi@gmail.com,+216 25 658 849,ACC0146,DSI,Tunisie,2020-06-30
CON0554,Maroua,Mahfoudhi,maroua.mahfoudhi@gmail.com,+216 52 717 208,ACC0083,DG,Tunisie,2023-07-14
CON0555,Wael,Cherni,wael.cherni@gmail.com,+216 24 917 411,ACC0196,Directeur Financier,Tunisie,2022-06-13
CON0556,Khaled,Ben Romdhane,khaled.ben-romdhane@bna.com.tn,+216 55 577 629,ACC0138,Directeur Operations,Tunisie,2020-06-27
CON0557,Salma,Chebbi,salma.chebbi@ooredoo.tn,+216 52 989 609,ACC0184,Directeur Technique,Tunisie,2022-04-27
CON0558,Mariem,Jebali,mariem.jebali@ttelecom.tn,+216 21 659 760,ACC0089,RSSI,Tunisie,2021-10-30
CON0559,Salma,Abidi,salma.abidi@stb.com.tn,+216 27 721 151,ACC0065,DG,Tunisie,2021-07-17
CON0560,Slim,Mabrouk,slim.mabrouk@bna.com.tn,+216 21 320 118,ACC0148,Responsable SI,Tunisie,2022-09-15
CON0561,Ines,Souissi,ines.souissi@ttelecom.tn,+216 25 820 931,ACC0145,Chef de Projet,Tunisie,2020-02-15
CON0562,Mariem,Bchir,mariem.bchir@stb.com.tn,+216 95 521 693,ACC0112,Directeur Operations,Tunisie,2023-10-28
CON0563,Wael,Mansouri,wael.mansouri@bna.com.tn,+216 27 693 624,ACC0066,Directeur Technique,Tunisie,2021-04-11
CON0564,Nour,Mahfoudhi,nour.mahfoudhi@biat.com.tn,+216 22 940 716,ACC0119,Directeur Operations,Tunisie,2021-06-12
CON0565,Dorra,Mahfoudhi,dorra.mahfoudhi@bna.com.tn,+216 27 182 382,ACC0008,CDO,Tunisie,2022-09-10
CON0566,Mehdi,Ferjani,mehdi.ferjani@attijari.tn,+216 27 825 519,ACC0015,Architecte SI,Tunisie,2022-05-17
CON0567,Salma,Romdhane,salma.romdhane@ooredoo.tn,+216 95 320 196,ACC0102,Directeur Technique,Tunisie,2019-08-18
CON0568,Hedi,Souissi,hedi.souissi@gmail.com,+216 52 105 305,ACC0065,RSSI,Tunisie,2020-05-02
CON0569,Ameni,Ben Amor,ameni.ben-amor@gmail.com,+216 21 635 382,ACC0192,CTO,Tunisie,2020-03-22
CON0570,Slim,Ben Fredj,slim.ben-fredj@biat.com.tn,+216 21 775 892,ACC0151,Chef de Projet,Tunisie,2021-12-28
CON0571,Mohamed,Guizani,mohamed.guizani@ttelecom.tn,+216 90 125 843,ACC0072,Directeur Technique,Tunisie,2021-08-31
CON0572,Walid,Cherni,walid.cherni@gmail.com,+216 21 306 844,ACC0177,Chef de Projet,Tunisie,2022-02-05
CON0573,Emna,Ben Salem,emna.ben-salem@ooredoo.tn,+216 21 619 818,ACC0137,Directeur Technique,Tunisie,2021-03-06
CON0574,Oussama,Guizani,oussama.guizani@yahoo.fr,+216 20 130 270,ACC0077,Directeur Operations,Tunisie,2021-06-17
CON0575,Hamza,Karray,hamza.karray@yahoo.fr,+216 95 490 691,ACC0021,CTO,Tunisie,2023-02-18
CON0576,Nacer,Bouzid,nacer.bouzid@yahoo.fr,+216 23 441 834,ACC0130,Directeur Operations,Tunisie,2021-05-11
CON0577,Karim,Khelifi,karim.khelifi@bna.com.tn,+216 52 983 750,ACC0165,RSSI,Tunisie,2023-06-09
CON0578,Chaima,Trabelsi,chaima.trabelsi@ooredoo.tn,+216 52 630 187,ACC0148,CDO,Tunisie,2019-11-20
CON0579,Bilel,Hammami,bilel.hammami@yahoo.fr,+216 20 471 218,ACC0082,Chef de Projet,Tunisie,2023-11-24
CON0580,Yassine,Bettaieb,yassine.bettaieb@biat.com.tn,+216 24 315 395,ACC0051,CDO,Tunisie,2021-01-22
CON0581,Sofiene,Ben Slama,sofiene.ben-slama@yahoo.fr,+216 22 343 930,ACC0143,CTO,Tunisie,2019-07-02
CON0582,Nour,Bettaieb,nour.bettaieb@attijari.tn,+216 98 230 252,ACC0154,RSSI,Tunisie,2019-07-02
CON0583,Chaima,Ben Fredj,chaima.ben-fredj@ttelecom.tn,+216 90 738 200,ACC0112,Directeur Financier,Tunisie,2019-08-31
CON0584,Sami,Bettaieb,sami.bettaieb@bna.com.tn,+216 50 885 893,ACC0034,CDO,Tunisie,2022-05-13
CON0585,Leila,Ben Slama,leila.ben-slama@attijari.tn,+216 50 656 369,ACC0038,DSI,Tunisie,2020-06-20
CON0586,Ines,Jebali,ines.jebali@ooredoo.tn,+216 55 802 271,ACC0022,Directeur Technique,Tunisie,2019-09-30
CON0587,Asma,Hamdi,asma.hamdi@attijari.tn,+216 21 367 574,ACC0189,Responsable SI,Tunisie,2019-05-30
CON0588,Ameni,Bchir,ameni.bchir@bna.com.tn,+216 53 998 409,ACC0156,Directeur Operations,Tunisie,2019-01-11
CON0589,Ines,Chebbi,ines.chebbi@biat.com.tn,+216 23 230 183,ACC0034,Architecte SI,Tunisie,2022-04-03
CON0590,Wael,Ncibi,wael.ncibi@gmail.com,+216 22 470 355,ACC0034,RSSI,Tunisie,2022-12-25
CON0591,Nacer,Bouaziz,nacer.bouaziz@attijari.tn,+216 52 517 242,ACC0128,CTO,Tunisie,2021-05-30
CON0592,Hamza,Ben Youssef,hamza.ben-youssef@ooredoo.tn,+216 90 870 516,ACC0081,Directeur Technique,Tunisie,2022-02-12
CON0593,Hajer,Trabelsi,hajer.trabelsi@ooredoo.tn,+216 26 728 985,ACC0059,Directeur Technique,Tunisie,2021-08-21
CON0594,Sofiene,Ferjani,sofiene.ferjani@yahoo.fr,+216 26 945 407,ACC0114,Directeur Financier,Tunisie,2021-09-20
CON0595,Emna,Sassi,emna.sassi@bna.com.tn,+216 92 927 345,ACC0053,Directeur Technique,Tunisie,2023-09-06
CON0596,Sami,Chabbi,sami.chabbi@biat.com.tn,+216 22 947 379,ACC0150,DG,Tunisie,2023-04-20
CON0597,Mouna,Dridi,mouna.dridi@attijari.tn,+216 24 439 708,ACC0085,Chef de Projet,Tunisie,2022-10-27
CON0598,Chaima,Haddad,chaima.haddad@stb.com.tn,+216 26 753 692,ACC0040,DG,Tunisie,2021-07-31
CON0599,Walid,Chebbi,walid.chebbi@stb.com.tn,+216 53 247 725,ACC0085,RSSI,Tunisie,2021-07-16
CON0600,Tarek,Ben Romdhane,tarek.ben-romdhane@bna.com.tn,+216 52 722 808,ACC0083,Directeur Operations,Tunisie,2022-01-25
CON0601,Sarra,Rekik,sarra.rekik@gmail.com,+216 26 405 806,ACC0023,Architecte SI,Tunisie,2019-11-30
CON0602,Ines,Chabbi,ines.chabbi@stb.com.tn,+216 22 383 306,ACC0077,Directeur Financier,Tunisie,2023-02-16
CON0603,Fatma,Zouari,fatma.zouari@ttelecom.tn,+216 98 941 119,ACC0132,RSSI,Tunisie,2021-07-01
CON0604,Ines,Kchaou,ines.kchaou@biat.com.tn,+216 26 438 812,ACC0095,Chef de Projet,Tunisie,2021-06-08
CON0605,Nacer,Abidi,nacer.abidi@bna.com.tn,+216 26 306 781,ACC0166,CDO,Tunisie,2021-12-15
CON0606,Oussama,Ayadi,oussama.ayadi@ooredoo.tn,+216 50 176 867,ACC0123,DSI,Tunisie,2019-09-19
CON0607,Yassine,Bouzid,yassine.bouzid@attijari.tn,+216 26 300 821,ACC0142,Architecte SI,Tunisie,2021-11-17
CON0608,Amine,Khelifi,amine.khelifi@ttelecom.tn,+216 98 276 673,ACC0091,Directeur Financier,Tunisie,2019-06-17
CON0609,Oussama,Mabrouk,oussama.mabrouk@ttelecom.tn,+216 92 832 176,ACC0101,DG,Tunisie,2021-05-02
CON0610,Bilel,Ben Slama,bilel.ben-slama@ooredoo.tn,+216 90 100 554,ACC0160,Chef de Projet,Tunisie,2023-11-20
CON0611,Leila,Ben Youssef,leila.ben-youssef@gmail.com,+216 24 108 269,ACC0112,RSSI,Tunisie,2019-01-12
CON0612,Nacer,Souissi,nacer.souissi@ttelecom.tn,+216 20 534 115,ACC0169,DG,Tunisie,2020-09-12
CON0613,Mariem,Jebali,mariem.jebali@ttelecom.tn,+216 90 773 546,ACC0078,DSI,Tunisie,2019-10-04
CON0614,Mounir,Chebbi,mounir.chebbi@stb.com.tn,+216 95 732 404,ACC0054,RSSI,Tunisie,2022-08-23
CON0615,Dorra,Mabrouk,dorra.mabrouk@bna.com.tn,+216 20 154 787,ACC0198,Directeur Operations,Tunisie,2021-08-28
CON0616,Zied,Fehri,zied.fehri@bna.com.tn,+216 22 826 232,ACC0125,Directeur Operations,Tunisie,2023-10-27
CON0617,Salma,Ben Slama,salma.ben-slama@yahoo.fr,+216 27 589 504,ACC0014,CTO,Tunisie,2019-07-30
CON0618,Lotfi,Bchir,lotfi.bchir@biat.com.tn,+216 26 624 830,ACC0010,Chef de Projet,Tunisie,2021-09-22
CON0619,Mounir,Elloumi,mounir.elloumi@ooredoo.tn,+216 92 354 974,ACC0060,DG,Tunisie,2019-02-08
CON0620,Rami,Hamouda,rami.hamouda@attijari.tn,+216 90 542 942,ACC0122,Responsable SI,Tunisie,2022-06-29
CON0621,Sarra,Kchaou,sarra.kchaou@stb.com.tn,+216 26 796 654,ACC0186,Directeur Technique,Tunisie,2020-12-05
CON0622,Mehdi,Guesmi,mehdi.guesmi@bna.com.tn,+216 52 941 886,ACC0034,DSI,Tunisie,2021-05-03
CON0623,Leila,Ferjani,leila.ferjani@biat.com.tn,+216 22 458 370,ACC0177,DSI,Tunisie,2019-09-22
CON0624,Hajer,Jebali,hajer.jebali@ooredoo.tn,+216 27 335 256,ACC0127,DG,Tunisie,2020-03-04
CON0625,Wael,Karray,wael.karray@bna.com.tn,+216 90 359 720,ACC0045,RSSI,Tunisie,2023-07-11
CON0626,Maroua,Abidi,maroua.abidi@ooredoo.tn,+216 27 654 206,ACC0125,Responsable SI,Tunisie,2023-05-27
CON0627,Hamza,Ben Ali,hamza.ben-ali@ttelecom.tn,+216 26 712 125,ACC0155,Chef de Projet,Tunisie,2021-06-15
CON0628,Houssem,Cherni,houssem.cherni@stb.com.tn,+216 53 468 755,ACC0144,Responsable SI,Tunisie,2019-08-04
CON0629,Sofiene,Rekik,sofiene.rekik@ttelecom.tn,+216 24 574 710,ACC0182,Directeur Financier,Tunisie,2021-10-17
CON0630,Leila,Amri,leila.amri@ttelecom.tn,+216 25 783 790,ACC0052,Directeur Technique,Tunisie,2023-04-25
CON0631,Bilel,Ncibi,bilel.ncibi@stb.com.tn,+216 90 899 745,ACC0022,RSSI,Tunisie,2023-01-04
CON0632,Hedi,Guesmi,hedi.guesmi@biat.com.tn,+216 95 311 876,ACC0108,Responsable SI,Tunisie,2023-07-01
CON0633,Karim,Romdhane,karim.romdhane@ooredoo.tn,+216 53 739 732,ACC0008,CTO,Tunisie,2023-04-27
CON0634,Asma,Kchaou,asma.kchaou@ttelecom.tn,+216 24 980 497,ACC0198,Directeur Technique,Tunisie,2019-05-06
CON0635,Amine,Jebali,amine.jebali@ooredoo.tn,+216 92 256 763,ACC0076,Responsable SI,Tunisie,2023-12-20
CON0636,Emna,Karray,emna.karray@attijari.tn,+216 92 724 883,ACC0003,Architecte SI,Tunisie,2022-06-04
CON0637,Rania,Gharbi,rania.gharbi@ooredoo.tn,+216 92 297 100,ACC0179,DG,Tunisie,2023-05-08
CON0638,Aymen,Abidi,aymen.abidi@ooredoo.tn,+216 95 168 516,ACC0134,Directeur Financier,Tunisie,2020-03-13
CON0639,Leila,Ayadi,leila.ayadi@attijari.tn,+216 26 265 735,ACC0006,Architecte SI,Tunisie,2022-04-28
CON0640,Olfa,Ben Salem,olfa.ben-salem@bna.com.tn,+216 27 157 387,ACC0188,DSI,Tunisie,2020-06-15
CON0641,Fares,Bouaziz,fares.bouaziz@ooredoo.tn,+216 25 673 852,ACC0115,Architecte SI,Tunisie,2023-02-18
CON0642,Tarek,Chebbi,tarek.chebbi@stb.com.tn,+216 90 208 916,ACC0153,CTO,Tunisie,2020-09-04
CON0643,Ameni,Toumi,ameni.toumi@ttelecom.tn,+216 24 766 377,ACC0027,Directeur Technique,Tunisie,2022-04-07
CON0644,Ahmed,Rekik,ahmed.rekik@stb.com.tn,+216 98 216 848,ACC0021,RSSI,Tunisie,2021-05-20
CON0645,Karim,Ben Amor,karim.ben-amor@stb.com.tn,+216 55 652 275,ACC0104,Directeur Technique,Tunisie,2021-11-28
CON0646,Walid,Hamouda,walid.hamouda@bna.com.tn,+216 50 567 461,ACC0188,DSI,Tunisie,2019-10-23
CON0647,Ghassen,Toumi,ghassen.toumi@ooredoo.tn,+216 22 165 682,ACC0136,RSSI,Tunisie,2021-07-21
CON0648,Zied,Ferjani,zied.ferjani@biat.com.tn,+216 98 843 453,ACC0029,Directeur Technique,Tunisie,2022-03-16
CON0649,Mohamed,Hammami,mohamed.hammami@gmail.com,+216 20 631 264,ACC0078,DG,Tunisie,2019-02-27
CON0650,Olfa,Bettaieb,olfa.bettaieb@stb.com.tn,+216 23 926 485,ACC0056,DSI,Tunisie,2019-01-05
CON0651,Asma,Bouzid,asma.bouzid@bna.com.tn,+216 53 660 870,ACC0145,DG,Tunisie,2023-05-20
CON0652,Emna,Ben Fredj,emna.ben-fredj@ooredoo.tn,+216 95 629 934,ACC0130,RSSI,Tunisie,2022-09-28
CON0653,Zied,Sghaier,zied.sghaier@ooredoo.tn,+216 99 290 259,ACC0100,Directeur Financier,Tunisie,2020-11-25
CON0654,Hamza,Hammami,hamza.hammami@biat.com.tn,+216 23 377 217,ACC0043,Chef de Projet,Tunisie,2022-07-14
CON0655,Sarra,Abidi,sarra.abidi@biat.com.tn,+216 98 811 991,ACC0159,Chef de Projet,Tunisie,2023-04-01
CON0656,Asma,Haddad,asma.haddad@gmail.com,+216 52 256 208,ACC0031,Directeur Technique,Tunisie,2019-02-08
CON0657,Kais,Ben Salem,kais.ben-salem@ttelecom.tn,+216 55 177 946,ACC0156,Responsable SI,Tunisie,2022-04-21
CON0658,Karim,Ayadi,karim.ayadi@ttelecom.tn,+216 99 120 639,ACC0007,Directeur Operations,Tunisie,2021-02-21
CON0659,Nour,Chebbi,nour.chebbi@ttelecom.tn,+216 27 553 162,ACC0047,Responsable SI,Tunisie,2019-11-12
CON0660,Nacer,Ben Salem,nacer.ben-salem@ttelecom.tn,+216 27 633 172,ACC0007,Chef de Projet,Tunisie,2021-03-09
CON0661,Amine,Bouzid,amine.bouzid@biat.com.tn,+216 53 819 449,ACC0014,Responsable SI,Tunisie,2023-03-21
CON0662,Slim,Khelifi,slim.khelifi@gmail.com,+216 23 684 839,ACC0030,Directeur Financier,Tunisie,2020-10-13
CON0663,Aymen,Ben Amor,aymen.ben-amor@stb.com.tn,+216 99 184 664,ACC0005,RSSI,Tunisie,2022-04-15
CON0664,Bilel,Mahfoudhi,bilel.mahfoudhi@ttelecom.tn,+216 55 143 528,ACC0146,CTO,Tunisie,2019-06-21
CON0665,Mariem,Amri,mariem.amri@ooredoo.tn,+216 20 911 482,ACC0138,Chef de Projet,Tunisie,2021-07-14
CON0666,Walid,Cherni,walid.cherni@ttelecom.tn,+216 95 859 936,ACC0001,CTO,Tunisie,2020-07-13
CON0667,Nizar,Bchir,nizar.bchir@stb.com.tn,+216 95 659 400,ACC0150,Directeur Operations,Tunisie,2019-04-04
CON0668,Zied,Chabbi,zied.chabbi@ttelecom.tn,+216 26 584 831,ACC0036,Directeur Technique,Tunisie,2023-12-04
CON0669,Mounir,Ben Ali,mounir.ben-ali@attijari.tn,+216 22 546 825,ACC0193,Directeur Financier,Tunisie,2020-05-18
CON0670,Wassim,Chabbi,wassim.chabbi@bna.com.tn,+216 27 725 906,ACC0178,CTO,Tunisie,2022-05-31
CON0671,Asma,Cherni,asma.cherni@gmail.com,+216 52 430 566,ACC0196,Directeur Financier,Tunisie,2019-06-16
CON0672,Olfa,Bouzid,olfa.bouzid@ttelecom.tn,+216 23 215 343,ACC0091,Directeur Technique,Tunisie,2021-01-03
CON0673,Aymen,Tlili,aymen.tlili@stb.com.tn,+216 53 289 978,ACC0050,DG,Tunisie,2020-03-29
CON0674,Ameni,Trabelsi,ameni.trabelsi@stb.com.tn,+216 20 276 554,ACC0184,Directeur Operations,Tunisie,2021-10-08
CON0675,Aymen,Bchir,aymen.bchir@ooredoo.tn,+216 95 737 808,ACC0002,DG,Tunisie,2019-08-16
CON0676,Aziz,Gharbi,aziz.gharbi@attijari.tn,+216 52 803 921,ACC0017,DG,Tunisie,2023-03-08
CON0677,Chaima,Bouaziz,chaima.bouaziz@yahoo.fr,+216 24 787 599,ACC0050,DSI,Tunisie,2022-06-12
CON0678,Nacer,Brahim,nacer.brahim@ooredoo.tn,+216 23 509 424,ACC0083,Directeur Technique,Tunisie,2020-07-15
CON0679,Nour,Bchir,nour.bchir@biat.com.tn,+216 90 212 754,ACC0185,Architecte SI,Tunisie,2020-07-23
CON0680,Salma,Brahim,salma.brahim@gmail.com,+216 55 874 465,ACC0021,Responsable SI,Tunisie,2023-02-19
CON0681,Fares,Mabrouk,fares.mabrouk@stb.com.tn,+216 22 368 941,ACC0080,Directeur Operations,Tunisie,2019-02-27
CON0682,Wael,Ncibi,wael.ncibi@yahoo.fr,+216 26 446 857,ACC0065,Directeur Financier,Tunisie,2021-08-27
CON0683,Mounir,Ferjani,mounir.ferjani@yahoo.fr,+216 27 241 416,ACC0019,DG,Tunisie,2021-06-17
CON0684,Oussama,Elloumi,oussama.elloumi@attijari.tn,+216 98 664 857,ACC0097,CTO,Tunisie,2023-05-22
CON0685,Mounir,Jebali,mounir.jebali@yahoo.fr,+216 24 269 749,ACC0017,CDO,Tunisie,2022-02-19
CON0686,Kais,Kchaou,kais.kchaou@ooredoo.tn,+216 52 800 874,ACC0060,Responsable SI,Tunisie,2019-01-22
CON0687,Sofiene,Jebali,sofiene.jebali@yahoo.fr,+216 92 717 485,ACC0167,Directeur Technique,Tunisie,2021-11-25
CON0688,Dorra,Haddad,dorra.haddad@biat.com.tn,+216 27 485 873,ACC0152,Directeur Operations,Tunisie,2019-09-16
CON0689,Afef,Jebali,afef.jebali@gmail.com,+216 95 392 899,ACC0048,Directeur Operations,Tunisie,2023-06-21
CON0690,Ghassen,Ben Salem,ghassen.ben-salem@bna.com.tn,+216 53 564 797,ACC0080,Architecte SI,Tunisie,2023-05-08
CON0691,Ines,Gharbi,ines.gharbi@bna.com.tn,+216 20 228 940,ACC0003,Directeur Technique,Tunisie,2022-09-08
CON0692,Nour,Bettaieb,nour.bettaieb@ttelecom.tn,+216 92 836 318,ACC0109,CDO,Tunisie,2020-02-15
CON0693,Hamza,Ben Ali,hamza.ben-ali@bna.com.tn,+216 90 567 950,ACC0178,CTO,Tunisie,2022-11-19
CON0694,Karim,Dridi,karim.dridi@ooredoo.tn,+216 55 844 121,ACC0042,CDO,Tunisie,2023-11-30
CON0695,Ines,Guesmi,ines.guesmi@bna.com.tn,+216 50 677 323,ACC0120,Directeur Technique,Tunisie,2020-05-04
CON0696,Afef,Chebbi,afef.chebbi@gmail.com,+216 24 667 346,ACC0002,CDO,Tunisie,2019-06-01
CON0697,Hamza,Ben Fredj,hamza.ben-fredj@stb.com.tn,+216 92 264 752,ACC0162,CDO,Tunisie,2019-03-31
CON0698,Karim,Kchaou,karim.kchaou@gmail.com,+216 24 701 283,ACC0087,CTO,Tunisie,2020-01-01
CON0699,Aymen,Elloumi,aymen.elloumi@yahoo.fr,+216 50 989 996,ACC0098,DSI,Tunisie,2020-03-06
CON0700,Fatma,Souissi,fatma.souissi@bna.com.tn,+216 27 141 789,ACC0160,Directeur Financier,Tunisie,2019-08-31
CON0701,Mohamed,Kchaou,mohamed.kchaou@stb.com.tn,+216 22 964 166,ACC0082,DSI,Tunisie,2022-07-26
CON0702,Yassine,Laabidi,yassine.laabidi@attijari.tn,+216 21 431 402,ACC0076,Directeur Financier,Tunisie,2020-05-21
CON0703,Nizar,Laabidi,nizar.laabidi@ttelecom.tn,+216 53 301 616,ACC0054,Directeur Technique,Tunisie,2023-06-08
CON0704,Hajer,Hammami,hajer.hammami@ooredoo.tn,+216 27 524 793,ACC0096,Responsable SI,Tunisie,2021-08-08
CON0705,Walid,Brahim,walid.brahim@attijari.tn,+216 52 268 938,ACC0122,Directeur Operations,Tunisie,2021-04-01
CON0706,Wael,Ncibi,wael.ncibi@yahoo.fr,+216 21 263 647,ACC0061,Architecte SI,Tunisie,2020-09-18
CON0707,Emna,Guesmi,emna.guesmi@yahoo.fr,+216 24 484 789,ACC0035,Directeur Financier,Tunisie,2021-06-29
CON0708,Salma,Tlili,salma.tlili@attijari.tn,+216 20 258 925,ACC0110,CTO,Tunisie,2021-06-04
CON0709,Nour,Dridi,nour.dridi@ooredoo.tn,+216 25 900 368,ACC0046,CDO,Tunisie,2020-06-27
CON0710,Aziz,Haddad,aziz.haddad@attijari.tn,+216 90 960 145,ACC0140,Responsable SI,Tunisie,2020-04-11
CON0711,Asma,Ben Youssef,asma.ben-youssef@bna.com.tn,+216 95 451 845,ACC0051,CDO,Tunisie,2020-09-11
CON0712,Mouna,Oueslati,mouna.oueslati@stb.com.tn,+216 25 233 428,ACC0067,DSI,Tunisie,2020-07-31
CON0713,Hamza,Amri,hamza.amri@attijari.tn,+216 22 947 139,ACC0121,Directeur Financier,Tunisie,2023-11-08
CON0714,Amine,Ferjani,amine.ferjani@stb.com.tn,+216 27 441 437,ACC0133,Responsable SI,Tunisie,2023-04-01
CON0715,Sarra,Elloumi,sarra.elloumi@stb.com.tn,+216 25 524 585,ACC0198,CDO,Tunisie,2021-06-17
CON0716,Fatma,Toumi,fatma.toumi@bna.com.tn,+216 55 633 649,ACC0079,Directeur Financier,Tunisie,2023-07-18
CON0717,Olfa,Oueslati,olfa.oueslati@attijari.tn,+216 20 191 359,ACC0196,RSSI,Tunisie,2020-10-29
CON0718,Rami,Cherni,rami.cherni@stb.com.tn,+216 22 247 326,ACC0098,DSI,Tunisie,2019-05-11
CON0719,Chaima,Bouaziz,chaima.bouaziz@biat.com.tn,+216 27 294 866,ACC0164,CTO,Tunisie,2019-12-18
CON0720,Yasmine,Souissi,yasmine.souissi@gmail.com,+216 92 811 639,ACC0048,CTO,Tunisie,2021-03-01
CON0721,Aymen,Mabrouk,aymen.mabrouk@ooredoo.tn,+216 23 320 605,ACC0015,Architecte SI,Tunisie,2019-01-23
CON0722,Lotfi,Bettaieb,lotfi.bettaieb@attijari.tn,+216 99 176 335,ACC0138,Architecte SI,Tunisie,2023-03-02
CON0723,Asma,Brahim,asma.brahim@biat.com.tn,+216 99 724 797,ACC0111,Responsable SI,Tunisie,2022-05-21
CON0724,Lotfi,Ncibi,lotfi.ncibi@attijari.tn,+216 22 128 875,ACC0071,Responsable SI,Tunisie,2019-10-20
CON0725,Emna,Haddad,emna.haddad@stb.com.tn,+216 98 768 440,ACC0085,Directeur Operations,Tunisie,2021-07-31
CON0726,Karim,Ncibi,karim.ncibi@biat.com.tn,+216 98 900 378,ACC0089,Chef de Projet,Tunisie,2022-06-09
CON0727,Ameni,Mansouri,ameni.mansouri@bna.com.tn,+216 22 177 458,ACC0099,RSSI,Tunisie,2019-07-15
CON0728,Houssem,Sassi,houssem.sassi@yahoo.fr,+216 25 590 399,ACC0171,Directeur Operations,Tunisie,2021-10-07
CON0729,Leila,Ayadi,leila.ayadi@stb.com.tn,+216 53 327 104,ACC0197,Responsable SI,Tunisie,2021-07-12
CON0730,Aziz,Gharbi,aziz.gharbi@bna.com.tn,+216 26 704 285,ACC0164,Architecte SI,Tunisie,2020-12-04
CON0731,Fares,Ben Slama,fares.ben-slama@gmail.com,+216 26 503 277,ACC0084,CTO,Tunisie,2021-08-02
CON0732,Nacer,Jebali,nacer.jebali@stb.com.tn,+216 50 463 538,ACC0121,Directeur Financier,Tunisie,2019-12-16
CON0733,Rami,Hamdi,rami.hamdi@ttelecom.tn,+216 24 902 303,ACC0044,CTO,Tunisie,2022-10-19
CON0734,Rania,Hamouda,rania.hamouda@yahoo.fr,+216 24 736 282,ACC0173,Directeur Financier,Tunisie,2021-06-24
CON0735,Mouna,Ferjani,mouna.ferjani@attijari.tn,+216 23 166 454,ACC0100,Architecte SI,Tunisie,2019-04-18
CON0736,Lotfi,Jebali,lotfi.jebali@biat.com.tn,+216 27 557 357,ACC0052,CTO,Tunisie,2021-05-13
CON0737,Amine,Hamouda,amine.hamouda@gmail.com,+216 99 757 955,ACC0025,Directeur Technique,Tunisie,2019-04-01
CON0738,Sofiene,Ben Ali,sofiene.ben-ali@ooredoo.tn,+216 20 225 783,ACC0160,DSI,Tunisie,2021-03-20
CON0739,Lotfi,Hamdi,lotfi.hamdi@stb.com.tn,+216 27 329 401,ACC0004,Directeur Financier,Tunisie,2019-01-25
CON0740,Fatma,Ayadi,fatma.ayadi@stb.com.tn,+216 98 360 790,ACC0167,Architecte SI,Tunisie,2019-03-31
CON0741,Mouna,Tlili,mouna.tlili@bna.com.tn,+216 53 369 548,ACC0146,Chef de Projet,Tunisie,2019-07-14
CON0742,Yassine,Rekik,yassine.rekik@stb.com.tn,+216 99 957 591,ACC0086,CTO,Tunisie,2023-10-10
CON0743,Aymen,Ncibi,aymen.ncibi@attijari.tn,+216 55 336 587,ACC0098,CTO,Tunisie,2021-10-28
CON0744,Olfa,Hamdi,olfa.hamdi@ooredoo.tn,+216 90 891 423,ACC0061,Chef de Projet,Tunisie,2022-06-23
CON0745,Zied,Hammami,zied.hammami@ooredoo.tn,+216 90 127 910,ACC0097,DG,Tunisie,2020-05-02
CON0746,Fares,Laabidi,fares.laabidi@ooredoo.tn,+216 50 744 500,ACC0134,Directeur Operations,Tunisie,2023-03-18
CON0747,Wassim,Souissi,wassim.souissi@gmail.com,+216 23 848 884,ACC0139,CTO,Tunisie,2023-06-30
CON0748,Yasmine,Tlili,yasmine.tlili@ooredoo.tn,+216 22 479 328,ACC0162,CTO,Tunisie,2023-11-17
CON0749,Chaima,Ben Amor,chaima.ben-amor@yahoo.fr,+216 95 782 730,ACC0033,DG,Tunisie,2022-04-28
CON0750,Salma,Ben Amor,salma.ben-amor@attijari.tn,+216 55 714 481,ACC0080,Responsable SI,Tunisie,2020-05-16
CON0751,Nour,Guesmi,nour.guesmi@bna.com.tn,+216 52 181 555,ACC0163,DSI,Tunisie,2023-11-02
CON0752,Wael,Ayadi,wael.ayadi@yahoo.fr,+216 53 476 539,ACC0113,Chef de Projet,Tunisie,2022-06-02
CON0753,Mounir,Mabrouk,mounir.mabrouk@biat.com.tn,+216 21 747 956,ACC0022,RSSI,Tunisie,2022-01-05
CON0754,Slim,Guesmi,slim.guesmi@ooredoo.tn,+216 90 968 914,ACC0117,CTO,Tunisie,2022-02-25
CON0755,Nour,Ferjani,nour.ferjani@ooredoo.tn,+216 27 719 432,ACC0040,CTO,Tunisie,2019-01-27
CON0756,Khaled,Ayadi,khaled.ayadi@gmail.com,+216 90 315 807,ACC0099,Architecte SI,Tunisie,2022-08-05
CON0757,Ahmed,Tlili,ahmed.tlili@yahoo.fr,+216 22 226 810,ACC0050,DSI,Tunisie,2023-04-29
CON0758,Ines,Zouari,ines.zouari@ttelecom.tn,+216 92 980 888,ACC0167,DG,Tunisie,2023-02-15
CON0759,Amine,Sassi,amine.sassi@biat.com.tn,+216 99 550 243,ACC0179,DSI,Tunisie,2022-05-24
CON0760,Emna,Fehri,emna.fehri@biat.com.tn,+216 26 681 854,ACC0004,Directeur Technique,Tunisie,2022-08-12
CON0761,Leila,Kchaou,leila.kchaou@attijari.tn,+216 98 849 418,ACC0043,Directeur Operations,Tunisie,2022-11-17
CON0762,Sofiene,Ben Amor,sofiene.ben-amor@yahoo.fr,+216 24 301 715,ACC0188,Architecte SI,Tunisie,2019-08-12
CON0763,Fatma,Khelifi,fatma.khelifi@bna.com.tn,+216 98 287 450,ACC0192,DSI,Tunisie,2019-01-14
CON0764,Houssem,Guizani,houssem.guizani@yahoo.fr,+216 21 808 490,ACC0135,Directeur Operations,Tunisie,2023-02-10
CON0765,Mehdi,Sghaier,mehdi.sghaier@biat.com.tn,+216 53 216 784,ACC0125,Directeur Financier,Tunisie,2019-08-14
CON0766,Ghassen,Gharbi,ghassen.gharbi@gmail.com,+216 22 252 143,ACC0195,Responsable SI,Tunisie,2023-11-21
CON0767,Salma,Jebali,salma.jebali@ttelecom.tn,+216 99 466 603,ACC0021,Directeur Financier,Tunisie,2021-02-12
CON0768,Imen,Rekik,imen.rekik@yahoo.fr,+216 27 347 876,ACC0125,Responsable SI,Tunisie,2019-05-06
CON0769,Ahmed,Karray,ahmed.karray@yahoo.fr,+216 26 673 742,ACC0002,Responsable SI,Tunisie,2021-12-01
CON0770,Ameni,Ben Fredj,ameni.ben-fredj@bna.com.tn,+216 90 624 319,ACC0175,CDO,Tunisie,2023-07-31
CON0771,Ahmed,Bettaieb,ahmed.bettaieb@stb.com.tn,+216 90 147 273,ACC0085,RSSI,Tunisie,2021-07-24
CON0772,Mariem,Abidi,mariem.abidi@stb.com.tn,+216 99 564 417,ACC0180,Chef de Projet,Tunisie,2021-07-14
CON0773,Mouna,Abidi,mouna.abidi@attijari.tn,+216 99 865 545,ACC0005,CTO,Tunisie,2023-07-12
CON0774,Sofiene,Chabbi,sofiene.chabbi@stb.com.tn,+216 24 664 750,ACC0090,DSI,Tunisie,2022-09-10
CON0775,Chaima,Hammami,chaima.hammami@ooredoo.tn,+216 24 419 227,ACC0147,CDO,Tunisie,2019-09-19
CON0776,Mounir,Trabelsi,mounir.trabelsi@attijari.tn,+216 95 914 982,ACC0115,Chef de Projet,Tunisie,2022-09-19
CON0777,Oussama,Rekik,oussama.rekik@biat.com.tn,+216 90 183 443,ACC0028,Chef de Projet,Tunisie,2019-11-25
CON0778,Wael,Abidi,wael.abidi@ttelecom.tn,+216 24 188 892,ACC0172,Responsable SI,Tunisie,2021-12-30
CON0779,Rania,Mahfoudhi,rania.mahfoudhi@bna.com.tn,+216 95 640 414,ACC0165,Responsable SI,Tunisie,2023-01-09
CON0780,Dorra,Kchaou,dorra.kchaou@gmail.com,+216 23 364 895,ACC0067,RSSI,Tunisie,2019-06-29
CON0781,Slim,Mahfoudhi,slim.mahfoudhi@stb.com.tn,+216 55 653 596,ACC0147,DG,Tunisie,2023-10-14
CON0782,Fatma,Haddad,fatma.haddad@attijari.tn,+216 50 372 876,ACC0049,Directeur Financier,Tunisie,2020-10-16
CON0783,Salma,Hamouda,salma.hamouda@gmail.com,+216 53 342 494,ACC0102,Architecte SI,Tunisie,2023-10-12
CON0784,Yassine,Rekik,yassine.rekik@ooredoo.tn,+216 23 623 748,ACC0038,Directeur Financier,Tunisie,2019-10-26
CON0785,Mounir,Hammami,mounir.hammami@biat.com.tn,+216 20 761 114,ACC0071,CTO,Tunisie,2022-07-16
CON0786,Mouna,Tlili,mouna.tlili@ooredoo.tn,+216 26 843 202,ACC0040,CTO,Tunisie,2022-12-05
CON0787,Hajer,Mansouri,hajer.mansouri@attijari.tn,+216 52 480 538,ACC0006,Directeur Financier,Tunisie,2020-11-22
CON0788,Rami,Karray,rami.karray@stb.com.tn,+216 55 188 799,ACC0073,DG,Tunisie,2021-03-17
CON0789,Oussama,Hammami,oussama.hammami@bna.com.tn,+216 20 571 667,ACC0118,CTO,Tunisie,2019-10-09
CON0790,Oussama,Mansouri,oussama.mansouri@gmail.com,+216 27 184 957,ACC0189,RSSI,Tunisie,2023-01-26
CON0791,Rania,Cherni,rania.cherni@biat.com.tn,+216 92 855 368,ACC0015,Directeur Financier,Tunisie,2021-08-28
CON0792,Rania,Laabidi,rania.laabidi@ttelecom.tn,+216 21 530 401,ACC0039,CDO,Tunisie,2019-03-11
CON0793,Lotfi,Zouari,lotfi.zouari@stb.com.tn,+216 26 866 942,ACC0168,RSSI,Tunisie,2023-05-12
CON0794,Salma,Ben Youssef,salma.ben-youssef@bna.com.tn,+216 27 802 481,ACC0031,CDO,Tunisie,2019-09-07
CON0795,Mehdi,Chabbi,mehdi.chabbi@yahoo.fr,+216 24 252 652,ACC0071,Directeur Operations,Tunisie,2020-01-06
CON0796,Olfa,Brahim,olfa.brahim@stb.com.tn,+216 98 621 241,ACC0026,CDO,Tunisie,2023-01-01
CON0797,Nacer,Ben Slama,nacer.ben-slama@ooredoo.tn,+216 90 405 696,ACC0136,DG,Tunisie,2021-11-28
CON0798,Zied,Chabbi,zied.chabbi@biat.com.tn,+216 90 236 847,ACC0169,Directeur Operations,Tunisie,2023-11-01
CON0799,Asma,Bchir,asma.bchir@stb.com.tn,+216 53 135 924,ACC0011,CDO,Tunisie,2020-02-27
CON0800,Karim,Chebbi,karim.chebbi@gmail.com,+216 26 749 660,ACC0022,Directeur Operations,Tunisie,2020-09-03
