  crm_leads  ·  600 lignes  ·  10 colonnes,Unnamed: 1,Unnamed: 2,Unnamed: 3,Unnamed: 4,Unnamed: 5,Unnamed: 6,Unnamed: 7,Unnamed: 8,Unnamed: 9,Unnamed: 10
lead_id,name,email,company,phone,source,status,country,industry,created_at,lost_reason
LED0001,Slim Souissi,slim.souissi@yahoo.fr,Attijari Bank,+216 55 540 756,Event,Converted,Maroc,Secteur Public,2024-10-01,
LED0002,Ahmed Souissi,ahmed.souissi@yahoo.fr,Star Assurance,+216 24 125 114,Website,Contacted,Maroc,Energie,2022-10-18,
LED0003,Yasmine Hamdi,yasmine.hamdi@outlook.com,Tunisie Telecom,+216 21 900 382,LinkedIn,Converted,Maroc,Finance,2023-06-07,
LED0004,Ahmed Hamouda,ahmed.hamouda@outlook.com,Poulina Group,+216 55 375 722,LinkedIn,Converted,France,Industrie,2023-07-06,
LED0005,Sami Brahim,sami.brahim@yahoo.fr,Talan France,+216 23 884 217,LinkedIn,Disqualified,Maroc,Transport,2024-06-07,Wrong target
LED0006,Yassine Ncibi,yassine.ncibi@yahoo.fr,Total Energies TN,+216 52 165 622,Inbound,New,Maroc,Finance,2024-01-14,
LED0007,Mehdi Haddad,mehdi.haddad@outlook.com,BNA Banque,+216 23 617 875,Referral,New,Maroc,Technology,2023-09-20,
LED0008,Sofiene Guesmi,sofiene.guesmi@yahoo.fr,Banque Centrale Tunisie,+216 99 897 668,Referral,New,Algerie,Technology,2024-03-08,
LED0009,Mouna Dridi,mouna.dridi@yahoo.fr,Tunisair,+216 20 793 350,Trade Show,Converted,Tunisie,Transport,2022-01-20,
LED0010,Ines Sassi,ines.sassi@gmail.com,Banque Centrale Tunisie,+216 25 203 146,Website,Qualified,Tunisie,Telecom,2024-05-06,
LED0011,Bilel Jebali,bilel.jebali@yahoo.fr,UIB Banque,+216 98 944 832,Cold Call,Qualified,Maroc,Secteur Public,2024-04-12,
LED0012,Mohamed Amri,mohamed.amri@gmail.com,Leoni Tunisie,+216 90 627 883,Referral,Qualified,Maroc,Assurance,2022-01-22,
LED0013,Tarek Hammami,tarek.hammami@gmail.com,TTS,+216 55 849 368,Referral,Disqualified,Tunisie,Assurance,2023-01-25,Unresponsive
LED0014,Yasmine Souissi,yasmine.souissi@gmail.com,STIIP Assurance,+216 53 211 183,Website,Converted,Tunisie,Technology,2024-12-08,
LED0015,Aziz Ben Salem,aziz.ben-salem@gmail.com,Orange Tunisie,+216 24 321 736,Trade Show,Disqualified,Tunisie,Energie,2022-08-20,Competitor
LED0016,Yasmine Mabrouk,yasmine.mabrouk@yahoo.fr,BIAT Leasing,+216 55 899 449,Event,Qualified,Tunisie,Technology,2024-03-17,
LED0017,Maroua Ayadi,maroua.ayadi@outlook.com,GCT,+216 92 748 442,Website,Qualified,Tunisie,Energie,2024-07-31,
LED0018,Walid Khelifi,walid.khelifi@yahoo.fr,Total Energies TN,+216 20 921 247,Website,New,Tunisie,Industrie,2023-02-09,
LED0019,Mohamed Trabelsi,mohamed.trabelsi@gmail.com,TTS,+216 22 981 624,Cold Call,Disqualified,Tunisie,Technology,2023-09-05,No budget
LED0020,Nacer Bchir,nacer.bchir@outlook.com,Orange Tunisie,+216 53 220 976,LinkedIn,Contacted,France,Technology,2022-01-12,
LED0021,Sarra Mabrouk,sarra.mabrouk@outlook.com,Leoni Tunisie,+216 23 354 979,Website,Contacted,France,Technology,2023-06-29,
LED0022,Kais Ayadi,kais.ayadi@gmail.com,Leoni Tunisie,+216 90 790 791,Inbound,Converted,France,Finance,2022-08-13,
LED0023,Mehdi Mansouri,mehdi.mansouri@gmail.com,OCP Maroc,+216 22 879 923,Website,Qualified,Tunisie,Energie,2022-01-17,
LED0024,Aziz Ferjani,aziz.ferjani@gmail.com,IBM Tunisie,+216 50 379 434,LinkedIn,Contacted,Tunisie,Assurance,2023-06-24,
LED0025,Mouna Bouaziz,mouna.bouaziz@gmail.com,VERMEG,+216 50 347 321,LinkedIn,Contacted,Maroc,Energie,2023-04-15,
LED0026,Zied Hammami,zied.hammami@gmail.com,SNCFT,+216 52 507 616,Referral,New,France,Assurance,2024-12-11,
LED0027,Tarek Souissi,tarek.souissi@outlook.com,Sfax Cables,+216 20 404 888,Website,Qualified,Maroc,Transport,2024-01-15,
LED0028,Hajer Ben Romdhane,hajer.ben-romdhane@gmail.com,IBM Tunisie,+216 21 622 996,Website,Qualified,Tunisie,Finance,2024-08-24,
LED0029,Chaima Karray,chaima.karray@gmail.com,BH Bank,+216 55 986 533,Referral,New,Tunisie,Transport,2022-09-24,
LED0030,Khaled Ben Youssef,khaled.ben-youssef@gmail.com,STEG,+216 22 739 235,Cold Call,Qualified,Maroc,Transport,2024-02-26,
LED0031,Nour Laabidi,nour.laabidi@yahoo.fr,UIB Banque,+216 92 471 440,Cold Call,Disqualified,Algerie,Telecom,2023-12-04,Unresponsive
LED0032,Nizar Bouaziz,nizar.bouaziz@yahoo.fr,Sfax Cables,+216 90 116 626,Inbound,Converted,France,Secteur Public,2023-12-13,
LED0033,Aymen Laabidi,aymen.laabidi@gmail.com,BIAT Leasing,+216 95 102 999,Website,Contacted,Tunisie,Transport,2022-09-22,
LED0034,Mariem Haddad,mariem.haddad@gmail.com,Total Energies TN,+216 92 595 322,Trade Show,Converted,France,Secteur Public,2022-12-05,
LED0035,Lotfi Laabidi,lotfi.laabidi@yahoo.fr,Talan France,+216 92 600 809,LinkedIn,New,Tunisie,Energie,2023-03-23,
LED0036,Rania Ben Youssef,rania.ben-youssef@outlook.com,Delice Danone,+216 21 941 918,Event,Contacted,Tunisie,Secteur Public,2022-09-01,
LED0037,Zied Ben Ali,zied.ben-ali@yahoo.fr,CNAM,+216 27 761 744,LinkedIn,Qualified,Maroc,Finance,2023-03-07,
LED0038,Hedi Oueslati,hedi.oueslati@gmail.com,BH Bank,+216 21 119 240,Event,Contacted,Maroc,Technology,2023-08-27,
LED0039,Slim Guizani,slim.guizani@gmail.com,Total Energies TN,+216 27 244 673,Event,New,Algerie,Telecom,2022-08-06,
LED0040,Yassine Ayadi,yassine.ayadi@yahoo.fr,Orange Tunisie,+216 27 624 769,Trade Show,Contacted,Algerie,Secteur Public,2023-02-22,
LED0041,Nacer Fehri,nacer.fehri@gmail.com,Attijari Bank,+216 92 561 387,Partner,Contacted,Algerie,Technology,2024-10-12,
LED0042,Sami Bettaieb,sami.bettaieb@outlook.com,SOMOCER,+216 23 825 699,Website,Qualified,Tunisie,Telecom,2024-03-18,
LED0043,Rania Trabelsi,rania.trabelsi@gmail.com,Tunisie Telecom,+216 25 777 235,Referral,Converted,Tunisie,Industrie,2022-07-24,
LED0044,Mounir Mahfoudhi,mounir.mahfoudhi@outlook.com,Amen Bank,+216 98 614 876,LinkedIn,Contacted,France,Finance,2022-10-20,
LED0045,Nacer Oueslati,nacer.oueslati@outlook.com,Talan France,+216 92 763 160,Referral,Contacted,Tunisie,Assurance,2024-06-28,
LED0046,Amine Guesmi,amine.guesmi@yahoo.fr,Tunisair,+216 98 533 151,Referral,New,Algerie,Secteur Public,2023-08-31,
LED0047,Nacer Laabidi,nacer.laabidi@yahoo.fr,Carthage Cement,+216 55 144 762,Inbound,Contacted,Algerie,Telecom,2023-04-08,
LED0048,Zied Bouzid,zied.bouzid@outlook.com,Tunisie Telecom,+216 53 691 660,Cold Call,New,Tunisie,Industrie,2022-06-06,
LED0049,Olfa Romdhane,olfa.romdhane@gmail.com,Ministere de l Education,+216 26 856 695,Inbound,Converted,Tunisie,Transport,2023-01-07,
LED0050,Rami Jlassi,rami.jlassi@gmail.com,Attijari Bank,+216 52 308 894,Referral,Qualified,Tunisie,Finance,2023-06-28,
LED0051,Kais Ferjani,kais.ferjani@outlook.com,Orange Tunisie,+216 95 933 864,Trade Show,Disqualified,Tunisie,Assurance,2024-05-25,Competitor
LED0052,Slim Mahfoudhi,slim.mahfoudhi@gmail.com,STIIP Assurance,+216 27 522 937,Inbound,Disqualified,Maroc,Technology,2023-11-14,Competitor
LED0053,Kais Guizani,kais.guizani@yahoo.fr,CNAM,+216 24 249 407,Cold Call,Disqualified,Tunisie,Telecom,2024-05-13,No budget
LED0054,Maroua Elloumi,maroua.elloumi@yahoo.fr,Attijari Bank,+216 92 523 750,Partner,New,Maroc,Transport,2024-01-13,
LED0055,Imen Trabelsi,imen.trabelsi@outlook.com,Poulina Group,+216 90 278 966,Event,Disqualified,France,Telecom,2024-05-12,Unresponsive
LED0056,Afef Ben Fredj,afef.ben-fredj@gmail.com,CIH Bank Maroc,+216 53 906 174,Inbound,New,Maroc,Technology,2022-04-21,
LED0057,Ines Hamouda,ines.hamouda@yahoo.fr,Sfax Cables,+216 20 856 491,LinkedIn,New,Maroc,Finance,2022-01-26,
LED0058,Karim Ben Fredj,karim.ben-fredj@gmail.com,SOMOCER,+216 98 661 979,Trade Show,Disqualified,Tunisie,Secteur Public,2022-01-28,Unresponsive
LED0059,Wael Cherni,wael.cherni@gmail.com,SNCFT,+216 21 809 316,LinkedIn,New,Tunisie,Energie,2024-07-19,
LED0060,Oussama Ben Youssef,oussama.ben-youssef@yahoo.fr,Delice Danone,+216 26 426 886,Event,New,Tunisie,Technology,2022-09-14,
LED0061,Olfa Oueslati,olfa.oueslati@yahoo.fr,IBM Tunisie,+216 25 455 447,Trade Show,Disqualified,Tunisie,Finance,2024-02-19,Unresponsive
LED0062,Imen Haddad,imen.haddad@gmail.com,CNAM,+216 21 707 194,Referral,Qualified,France,Industrie,2022-02-27,
LED0063,Mohamed Toumi,mohamed.toumi@yahoo.fr,VERMEG,+216 55 854 991,Cold Call,Converted,Tunisie,Assurance,2023-05-08,
LED0064,Bilel Chabbi,bilel.chabbi@gmail.com,Ministere de l Education,+216 21 479 888,Referral,Qualified,Tunisie,Telecom,2023-08-02,
LED0065,Hedi Jebali,hedi.jebali@yahoo.fr,SPS Tunisia,+216 20 562 707,Partner,Disqualified,Tunisie,Secteur Public,2024-10-25,No budget
LED0066,Rania Sassi,rania.sassi@outlook.com,Ministere de l Education,+216 95 295 528,Trade Show,New,Maroc,Finance,2023-03-18,
LED0067,Zied Hamouda,zied.hamouda@yahoo.fr,SNCFT,+216 25 611 669,Partner,Disqualified,Tunisie,Telecom,2023-08-19,No budget
LED0068,Hedi Bouzid,hedi.bouzid@outlook.com,OCP Maroc,+216 27 458 857,Cold Call,Contacted,Tunisie,Energie,2022-06-03,
LED0069,Lotfi Trabelsi,lotfi.trabelsi@outlook.com,IBM Tunisie,+216 26 751 510,Referral,Disqualified,Maroc,Secteur Public,2023-10-05,Competitor
LED0070,Emna Karray,emna.karray@outlook.com,Talan France,+216 27 179 741,LinkedIn,Disqualified,Tunisie,Technology,2023-06-09,Unresponsive
LED0071,Olfa Gharbi,olfa.gharbi@outlook.com,Ministere des Finances,+216 27 763 975,Inbound,Disqualified,France,Transport,2024-06-21,Wrong target
LED0072,Sarra Abidi,sarra.abidi@yahoo.fr,OCP Maroc,+216 98 803 643,Trade Show,Qualified,Tunisie,Technology,2022-04-27,
LED0073,Imen Ncibi,imen.ncibi@gmail.com,BIAT,+216 95 682 619,Referral,Contacted,Tunisie,Energie,2022-07-11,
LED0074,Khaled Brahim,khaled.brahim@gmail.com,Ministere des Finances,+216 92 263 877,Referral,Disqualified,Tunisie,Assurance,2024-04-02,Competitor
LED0075,Fatma Hamdi,fatma.hamdi@outlook.com,Ooredoo Tunisie,+216 21 310 947,Referral,Qualified,Tunisie,Telecom,2022-11-15,
LED0076,Tarek Sghaier,tarek.sghaier@outlook.com,TTS,+216 26 928 695,Website,Qualified,Maroc,Assurance,2023-03-14,
LED0077,Yassine Mabrouk,yassine.mabrouk@gmail.com,Tunisair,+216 25 611 830,Referral,Contacted,Tunisie,Telecom,2024-04-09,
LED0078,Mounir Mansouri,mounir.mansouri@outlook.com,IBM Tunisie,+216 25 306 565,LinkedIn,New,Tunisie,Secteur Public,2023-12-02,
LED0079,Sofiene Bchir,sofiene.bchir@yahoo.fr,Attijari Bank,+216 90 855 462,Inbound,Qualified,Tunisie,Energie,2022-01-21,
LED0080,Wassim Sghaier,wassim.sghaier@yahoo.fr,SOMOCER,+216 55 677 700,Partner,New,Tunisie,Technology,2022-10-30,
LED0081,Wassim Guizani,wassim.guizani@outlook.com,Microsoft Tunisie,+216 22 571 726,LinkedIn,Disqualified,Tunisie,Finance,2022-03-16,Wrong target
LED0082,Karim Kchaou,karim.kchaou@gmail.com,TTS,+216 20 674 642,Partner,Contacted,Maroc,Secteur Public,2022-01-30,
LED0083,Ahmed Ben Ali,ahmed.ben-ali@outlook.com,Orange Tunisie,+216 95 543 477,Trade Show,Disqualified,Tunisie,Energie,2023-12-22,Competitor
LED0084,Ghassen Abidi,ghassen.abidi@yahoo.fr,Total Energies TN,+216 92 428 401,Partner,Contacted,Tunisie,Secteur Public,2022-11-30,
LED0085,Tarek Ben Ali,tarek.ben-ali@gmail.com,Star Assurance,+216 52 264 295,Referral,New,Tunisie,Technology,2022-02-03,
LED0086,Salma Haddad,salma.haddad@yahoo.fr,BIAT Leasing,+216 27 177 763,Website,Qualified,Tunisie,Secteur Public,2023-04-02,
LED0087,Emna Ferjani,emna.ferjani@outlook.com,CIH Bank Maroc,+216 22 175 792,Inbound,Disqualified,Algerie,Technology,2023-04-04,Wrong target
LED0088,Sami Tlili,sami.tlili@outlook.com,VERMEG,+216 53 313 582,Inbound,New,Algerie,Assurance,2022-11-11,
LED0089,Wassim Sassi,wassim.sassi@gmail.com,STB Banque,+216 92 441 871,Cold Call,Converted,France,Assurance,2024-03-16,
LED0090,Hedi Ben Slama,hedi.ben-slama@gmail.com,Attijari Bank,+216 27 546 840,LinkedIn,Disqualified,France,Telecom,2022-09-16,No budget
LED0091,Amine Jebali,amine.jebali@gmail.com,Banque Centrale Tunisie,+216 95 581 809,Partner,Contacted,France,Assurance,2022-02-22,
LED0092,Maroua Bouaziz,maroua.bouaziz@outlook.com,GCT,+216 99 925 203,Inbound,New,Tunisie,Transport,2024-01-04,
LED0093,Mehdi Hamouda,mehdi.hamouda@outlook.com,BIAT Leasing,+216 55 954 517,Event,New,Tunisie,Technology,2022-10-22,
LED0094,Mariem Fehri,mariem.fehri@outlook.com,Orange Tunisie,+216 98 134 994,Referral,Contacted,Maroc,Technology,2023-01-05,
LED0095,Bilel Amri,bilel.amri@yahoo.fr,Total Energies TN,+216 98 665 645,Website,Disqualified,Tunisie,Telecom,2022-06-06,Competitor
LED0096,Khaled Ben Slama,khaled.ben-slama@yahoo.fr,OCP Maroc,+216 24 398 981,Event,New,France,Industrie,2022-03-06,
LED0097,Sarra Ben Ali,sarra.ben-ali@outlook.com,Ooredoo Tunisie,+216 90 484 656,Event,New,Maroc,Finance,2022-03-02,
LED0098,Leila Sghaier,leila.sghaier@yahoo.fr,BIAT Leasing,+216 21 773 440,Cold Call,New,Algerie,Telecom,2023-03-27,
LED0099,Mounir Ben Slama,mounir.ben-slama@gmail.com,Tunisie Telecom,+216 20 544 362,Trade Show,Disqualified,France,Transport,2024-03-30,Competitor
LED0100,Kais Ferjani,kais.ferjani@gmail.com,Star Assurance,+216 92 251 973,Event,Contacted,Tunisie,Finance,2024-06-06,
LED0101,Ghassen Ben Fredj,ghassen.ben-fredj@gmail.com,VERMEG,+216 95 256 332,Inbound,Contacted,Tunisie,Assurance,2024-02-05,
LED0102,Imen Toumi,imen.toumi@outlook.com,Orange Tunisie,+216 20 856 588,Event,Converted,Tunisie,Secteur Public,2024-03-26,
LED0103,Ahmed Elloumi,ahmed.elloumi@gmail.com,Talan France,+216 27 554 415,Cold Call,Qualified,Tunisie,Transport,2023-10-06,
LED0104,Ameni Bouaziz,ameni.bouaziz@gmail.com,Sfax Cables,+216 23 954 457,Cold Call,Converted,Tunisie,Industrie,2023-08-04,
LED0105,Asma Rekik,asma.rekik@yahoo.fr,Leoni Tunisie,+216 25 576 550,Inbound,Disqualified,Tunisie,Industrie,2023-02-10,Not interested
LED0106,Yassine Souissi,yassine.souissi@outlook.com,Orange Tunisie,+216 99 371 183,Trade Show,Contacted,Tunisie,Transport,2024-02-24,
LED0107,Walid Toumi,walid.toumi@gmail.com,Banque Centrale Tunisie,+216 27 548 651,LinkedIn,Disqualified,Tunisie,Technology,2024-12-16,Wrong target
LED0108,Tarek Haddad,tarek.haddad@yahoo.fr,Total Energies TN,+216 90 468 815,Event,Qualified,Maroc,Assurance,2024-03-30,
LED0109,Nour Bchir,nour.bchir@outlook.com,Tunisair,+216 20 300 691,Trade Show,New,Tunisie,Finance,2022-07-30,
LED0110,Sofiene Guesmi,sofiene.guesmi@gmail.com,TTS,+216 53 180 694,Cold Call,Contacted,Tunisie,Assurance,2024-01-26,
LED0111,Wael Kchaou,wael.kchaou@yahoo.fr,BNA Banque,+216 52 223 389,Website,Qualified,Tunisie,Assurance,2023-11-06,
LED0112,Slim Elloumi,slim.elloumi@gmail.com,BNA Banque,+216 98 492 934,Referral,Contacted,Tunisie,Telecom,2024-04-26,
LED0113,Bilel Romdhane,bilel.romdhane@outlook.com,Sfax Cables,+216 50 417 842,Event,Qualified,Tunisie,Assurance,2022-07-08,
LED0114,Houssem Oueslati,houssem.oueslati@yahoo.fr,Tunisair,+216 90 461 513,Referral,New,France,Technology,2023-03-12,
LED0115,Mariem Jlassi,mariem.jlassi@yahoo.fr,Orange Tunisie,+216 95 488 424,Partner,Qualified,Algerie,Transport,2024-10-30,
LED0116,Maroua Jebali,maroua.jebali@yahoo.fr,Total Energies TN,+216 20 695 987,Cold Call,New,France,Industrie,2022-12-03,
LED0117,Chaima Mabrouk,chaima.mabrouk@gmail.com,Ministere de l Education,+216 52 893 660,Referral,Contacted,Tunisie,Transport,2023-01-19,
LED0118,Walid Ben Slama,walid.ben-slama@gmail.com,SNCFT,+216 50 230 706,Partner,Disqualified,Tunisie,Assurance,2024-03-23,Competitor
LED0119,Mohamed Souissi,mohamed.souissi@yahoo.fr,CNSS,+216 95 862 370,Inbound,Disqualified,Algerie,Industrie,2023-01-23,Competitor
LED0120,Yassine Ben Ali,yassine.ben-ali@outlook.com,SPS Tunisia,+216 23 786 669,Website,Contacted,Tunisie,Energie,2022-08-24,
LED0121,Khaled Mahfoudhi,khaled.mahfoudhi@yahoo.fr,Leoni Tunisie,+216 53 905 898,Inbound,Disqualified,Tunisie,Finance,2023-03-27,No budget
LED0122,Bilel Guizani,bilel.guizani@yahoo.fr,Talan France,+216 26 860 900,Event,New,Tunisie,Assurance,2024-10-27,
LED0123,Wael Rekik,wael.rekik@outlook.com,Ooredoo Tunisie,+216 52 701 348,Referral,Contacted,Tunisie,Finance,2024-07-21,
LED0124,Zied Elloumi,zied.elloumi@outlook.com,CNAM,+216 24 271 232,LinkedIn,New,Tunisie,Assurance,2024-08-28,
LED0125,Maroua Haddad,maroua.haddad@outlook.com,Banque Centrale Tunisie,+216 52 861 790,Cold Call,Converted,Tunisie,Technology,2022-10-28,
LED0126,Amine Bouaziz,amine.bouaziz@outlook.com,Amen Bank,+216 53 332 220,Event,Disqualified,Maroc,Telecom,2024-07-28,Wrong target
LED0127,Sofiene Fehri,sofiene.fehri@yahoo.fr,Star Assurance,+216 50 818 165,Referral,Qualified,Tunisie,Assurance,2022-10-30,
LED0128,Yasmine Mabrouk,yasmine.mabrouk@gmail.com,Tunisair,+216 20 990 547,Partner,Contacted,France,Finance,2024-02-13,
LED0129,Ghassen Ben Salem,ghassen.ben-salem@yahoo.fr,CNAM,+216 50 363 226,LinkedIn,Qualified,Tunisie,Telecom,2024-03-11,
LED0130,Houssem Amri,houssem.amri@gmail.com,Ministere de l Education,+216 52 508 765,Referral,Disqualified,France,Industrie,2023-12-12,Unresponsive
LED0131,Bilel Guizani,bilel.guizani@yahoo.fr,OCP Maroc,+216 92 576 221,Event,Converted,Tunisie,Technology,2023-09-14,
LED0132,Maroua Ayadi,maroua.ayadi@gmail.com,Yazaki Tunisie,+216 90 842 717,Website,Disqualified,Tunisie,Assurance,2024-05-31,Wrong target
LED0133,Lotfi Fehri,lotfi.fehri@gmail.com,SNCFT,+216 50 804 672,LinkedIn,New,Tunisie,Finance,2023-02-07,
LED0134,Rania Khelifi,rania.khelifi@outlook.com,STB Banque,+216 25 985 193,Inbound,Disqualified,Algerie,Technology,2023-06-20,Unresponsive
LED0135,Khaled Ncibi,khaled.ncibi@gmail.com,VERMEG,+216 22 452 159,Cold Call,Qualified,Tunisie,Technology,2023-02-13,
LED0136,Emna Chabbi,emna.chabbi@yahoo.fr,Poulina Group,+216 52 590 879,Inbound,Disqualified,Algerie,Industrie,2024-12-14,Competitor
LED0137,Karim Brahim,karim.brahim@gmail.com,Ministere des Finances,+216 92 298 652,Inbound,Disqualified,Algerie,Technology,2022-02-24,Wrong target
LED0138,Tarek Ncibi,tarek.ncibi@gmail.com,SONEDE,+216 99 863 537,Partner,Contacted,Tunisie,Industrie,2023-08-24,
LED0139,Olfa Mansouri,olfa.mansouri@gmail.com,TTS,+216 23 314 831,Trade Show,New,Tunisie,Industrie,2023-07-08,
LED0140,Karim Ncibi,karim.ncibi@outlook.com,Ministere des Finances,+216 53 804 442,Website,New,Maroc,Secteur Public,2022-04-19,
LED0141,Fatma Rekik,fatma.rekik@gmail.com,STEG,+216 22 710 243,Event,Qualified,Maroc,Finance,2023-02-16,
LED0142,Karim Mahfoudhi,karim.mahfoudhi@outlook.com,BIAT Leasing,+216 95 998 232,Cold Call,New,Maroc,Secteur Public,2024-11-01,
LED0143,Olfa Cherni,olfa.cherni@yahoo.fr,Orange Tunisie,+216 23 798 141,Event,Converted,France,Secteur Public,2022-09-10,
LED0144,Fares Mansouri,fares.mansouri@gmail.com,Ministere des Finances,+216 23 695 563,Cold Call,Disqualified,Algerie,Assurance,2023-08-16,Wrong target
LED0145,Mounir Oueslati,mounir.oueslati@yahoo.fr,Ministere de l Education,+216 90 649 312,Referral,Disqualified,Algerie,Telecom,2022-10-31,Wrong target
LED0146,Mohamed Haddad,mohamed.haddad@gmail.com,SOMOCER,+216 50 573 462,Trade Show,New,Maroc,Transport,2024-08-16,
LED0147,Hamza Guesmi,hamza.guesmi@yahoo.fr,Ministere des Finances,+216 21 981 216,Inbound,Converted,Maroc,Finance,2022-11-07,
LED0148,Emna Mabrouk,emna.mabrouk@outlook.com,Microsoft Tunisie,+216 25 871 685,Inbound,New,France,Secteur Public,2024-08-24,
LED0149,Mounir Kchaou,mounir.kchaou@yahoo.fr,Poulina Group,+216 52 799 390,Partner,Converted,Algerie,Telecom,2024-04-06,
LED0150,Nour Ben Romdhane,nour.ben-romdhane@yahoo.fr,UIB Banque,+216 26 512 220,Trade Show,Qualified,Tunisie,Finance,2022-08-04,
LED0151,Imen Sghaier,imen.sghaier@outlook.com,Talan Maroc,+216 21 869 752,Referral,Disqualified,Tunisie,Energie,2022-03-02,Wrong target
LED0152,Rania Fehri,rania.fehri@outlook.com,SOMOCER,+216 26 713 753,Cold Call,Qualified,Tunisie,Transport,2023-08-09,
LED0153,Wael Chebbi,wael.chebbi@yahoo.fr,Orange Tunisie,+216 52 640 218,Referral,Converted,Algerie,Energie,2023-02-21,
LED0154,Nour Ben Fredj,nour.ben-fredj@gmail.com,Microsoft Tunisie,+216 98 912 863,Partner,Contacted,Maroc,Assurance,2023-01-25,
LED0155,Yassine Bouaziz,yassine.bouaziz@yahoo.fr,UIB Banque,+216 25 900 722,Referral,Disqualified,Tunisie,Finance,2022-05-26,Wrong target
LED0156,Fares Ben Ali,fares.ben-ali@yahoo.fr,Delice Danone,+216 90 575 719,Partner,New,Tunisie,Energie,2023-05-30,
LED0157,Yasmine Guesmi,yasmine.guesmi@outlook.com,BIAT,+216 20 305 847,Event,Disqualified,Algerie,Assurance,2022-08-16,Not interested
LED0158,Mounir Laabidi,mounir.laabidi@yahoo.fr,CNAM,+216 26 546 899,Cold Call,Qualified,Maroc,Assurance,2023-02-23,
LED0159,Slim Mabrouk,slim.mabrouk@yahoo.fr,Star Assurance,+216 99 410 336,Website,Qualified,Tunisie,Finance,2022-06-15,
LED0160,Afef Bouzid,afef.bouzid@gmail.com,Banque Centrale Tunisie,+216 90 642 302,Cold Call,Qualified,France,Telecom,2023-09-14,
LED0161,Fares Mellouli,fares.mellouli@gmail.com,Attijari Bank,+216 53 215 622,Website,Converted,Tunisie,Assurance,2024-03-03,
LED0162,Yasmine Jlassi,yasmine.jlassi@gmail.com,Talan France,+216 90 377 276,Partner,Qualified,Tunisie,Secteur Public,2024-06-13,
LED0163,Asma Khelifi,asma.khelifi@gmail.com,BH Bank,+216 22 423 427,Website,New,France,Industrie,2022-06-06,
LED0164,Mehdi Ncibi,mehdi.ncibi@gmail.com,TTS,+216 50 342 334,Event,Contacted,Maroc,Energie,2024-09-07,
LED0165,Afef Ben Amor,afef.ben-amor@outlook.com,Tunisair,+216 21 783 458,Cold Call,Disqualified,France,Transport,2023-08-23,Not interested
LED0166,Mehdi Ncibi,mehdi.ncibi@yahoo.fr,Yazaki Tunisie,+216 92 607 772,Partner,Disqualified,Tunisie,Assurance,2023-07-27,Competitor
LED0167,Aziz Ben Ali,aziz.ben-ali@gmail.com,Star Assurance,+216 53 631 188,Referral,Qualified,Tunisie,Assurance,2023-04-27,
LED0168,Dorra Hamdi,dorra.hamdi@yahoo.fr,Leoni Tunisie,+216 23 405 970,Event,New,France,Transport,2024-02-26,
LED0169,Hamza Guesmi,hamza.guesmi@outlook.com,Amen Bank,+216 22 362 294,LinkedIn,Disqualified,France,Finance,2023-09-17,Unresponsive
LED0170,Yasmine Dridi,yasmine.dridi@outlook.com,Amen Bank,+216 92 569 905,Cold Call,New,Maroc,Telecom,2024-06-07,
LED0171,Walid Chabbi,walid.chabbi@yahoo.fr,STIIP Assurance,+216 90 115 210,Trade Show,Disqualified,Algerie,Industrie,2024-11-28,Wrong target
LED0172,Zied Brahim,zied.brahim@yahoo.fr,STB Banque,+216 98 843 253,Event,New,France,Telecom,2023-08-29,
LED0173,Slim Romdhane,slim.romdhane@gmail.com,BH Bank,+216 27 517 564,Website,New,Algerie,Industrie,2023-10-20,
LED0174,Yassine Haddad,yassine.haddad@outlook.com,GCT,+216 26 179 531,Trade Show,Converted,Maroc,Transport,2022-04-30,
LED0175,Salma Trabelsi,salma.trabelsi@yahoo.fr,BNA Banque,+216 92 862 121,Event,Qualified,Maroc,Finance,2023-04-11,
LED0176,Mouna Gharbi,mouna.gharbi@gmail.com,Tunisair,+216 99 249 906,LinkedIn,Converted,Maroc,Finance,2023-10-12,
LED0177,Chaima Dridi,chaima.dridi@gmail.com,SONEDE,+216 95 863 752,Website,Converted,Tunisie,Technology,2022-08-12,
LED0178,Aymen Jlassi,aymen.jlassi@outlook.com,CNSS,+216 20 573 405,Inbound,New,Tunisie,Telecom,2022-10-21,
LED0179,Sami Ben Fredj,sami.ben-fredj@outlook.com,Star Assurance,+216 21 303 136,Website,Contacted,Tunisie,Transport,2023-08-19,
LED0180,Karim Trabelsi,karim.trabelsi@yahoo.fr,TTS,+216 95 935 712,Partner,Contacted,Maroc,Industrie,2022-03-08,
LED0181,Mouna Elloumi,mouna.elloumi@outlook.com,STEG,+216 22 172 170,Inbound,Converted,France,Energie,2022-04-16,
LED0182,Yassine Chebbi,yassine.chebbi@yahoo.fr,IBM Tunisie,+216 27 798 845,Cold Call,Qualified,Tunisie,Technology,2023-04-18,
LED0183,Slim Ben Fredj,slim.ben-fredj@gmail.com,Microsoft Tunisie,+216 95 777 253,Referral,Qualified,Algerie,Secteur Public,2022-06-06,
LED0184,Hajer Chebbi,hajer.chebbi@outlook.com,BNA Banque,+216 24 164 392,Cold Call,Disqualified,France,Energie,2023-06-18,No budget
LED0185,Wassim Ben Ali,wassim.ben-ali@gmail.com,VERMEG,+216 27 744 124,Cold Call,Contacted,Tunisie,Transport,2022-12-08,
LED0186,Emna Amri,emna.amri@gmail.com,BIAT,+216 20 661 890,Website,Disqualified,Tunisie,Energie,2022-05-30,Competitor
LED0187,Yasmine Ncibi,yasmine.ncibi@yahoo.fr,SNCFT,+216 22 726 405,Cold Call,Qualified,France,Assurance,2023-11-21,
LED0188,Sofiene Ferjani,sofiene.ferjani@gmail.com,SOMOCER,+216 98 807 783,Inbound,Disqualified,Tunisie,Finance,2024-09-04,Competitor
LED0189,Ghassen Bouzid,ghassen.bouzid@outlook.com,SOMOCER,+216 98 657 998,Partner,Disqualified,France,Secteur Public,2024-06-17,Wrong target
LED0190,Salma Khelifi,salma.khelifi@yahoo.fr,STB Banque,+216 92 540 503,Partner,New,Tunisie,Technology,2024-12-11,
LED0191,Mohamed Toumi,mohamed.toumi@gmail.com,BIAT Leasing,+216 55 303 681,LinkedIn,New,Tunisie,Telecom,2024-11-29,
LED0192,Oussama Ferjani,oussama.ferjani@yahoo.fr,SONEDE,+216 53 802 122,Event,Qualified,Algerie,Secteur Public,2023-04-04,
LED0193,Nacer Ben Youssef,nacer.ben-youssef@gmail.com,SNCFT,+216 95 546 157,LinkedIn,New,Algerie,Telecom,2024-11-07,
LED0194,Kais Mahfoudhi,kais.mahfoudhi@yahoo.fr,BH Bank,+216 99 724 178,Trade Show,New,Tunisie,Technology,2023-08-01,
LED0195,Asma Fehri,asma.fehri@outlook.com,CNSS,+216 52 126 581,Trade Show,Disqualified,France,Transport,2022-06-27,Wrong target
LED0196,Dorra Ben Slama,dorra.ben-slama@yahoo.fr,BNA Banque,+216 92 988 938,Referral,Qualified,Tunisie,Finance,2023-11-18,
LED0197,Fatma Zouari,fatma.zouari@gmail.com,BH Bank,+216 52 238 966,Website,Disqualified,France,Assurance,2023-10-13,Unresponsive
LED0198,Sofiene Ben Youssef,sofiene.ben-youssef@yahoo.fr,SNCFT,+216 22 868 403,Inbound,Contacted,Tunisie,Transport,2024-08-20,
LED0199,Fatma Sghaier,fatma.sghaier@gmail.com,Ministere de l Education,+216 27 165 806,Cold Call,New,Maroc,Secteur Public,2024-10-01,
LED0200,Wassim Guizani,wassim.guizani@gmail.com,Carthage Cement,+216 52 182 445,Cold Call,Qualified,Algerie,Industrie,2023-01-04,
LED0201,Leila Amri,leila.amri@outlook.com,SNCFT,+216 53 827 184,Partner,Converted,Maroc,Industrie,2022-07-17,
LED0202,Ines Souissi,ines.souissi@gmail.com,SNCFT,+216 25 447 244,Referral,Contacted,Maroc,Assurance,2022-08-21,
LED0203,Khaled Amri,khaled.amri@gmail.com,STIIP Assurance,+216 92 706 981,Inbound,Contacted,Maroc,Technology,2023-07-03,
LED0204,Maroua Hammami,maroua.hammami@outlook.com,SOMOCER,+216 95 370 199,Inbound,Disqualified,Algerie,Energie,2024-03-27,Not interested
LED0205,Yasmine Trabelsi,yasmine.trabelsi@gmail.com,Talan France,+216 20 900 343,Event,Disqualified,Tunisie,Transport,2022-12-08,Competitor
LED0206,Emna Dridi,emna.dridi@outlook.com,BIAT,+216 20 635 343,Website,New,Tunisie,Industrie,2023-11-14,
LED0207,Ahmed Elloumi,ahmed.elloumi@gmail.com,SONEDE,+216 90 772 125,LinkedIn,Converted,Tunisie,Transport,2023-08-18,
LED0208,Olfa Ben Slama,olfa.ben-slama@outlook.com,Tunisair,+216 22 975 395,Website,Converted,Tunisie,Telecom,2024-03-25,
LED0209,Fares Ayadi,fares.ayadi@yahoo.fr,SNCFT,+216 24 216 559,Website,Qualified,France,Secteur Public,2024-03-31,
LED0210,Tarek Ben Slama,tarek.ben-slama@outlook.com,GCT,+216 20 204 113,Website,New,Tunisie,Industrie,2022-11-07,
LED0211,Kais Fehri,kais.fehri@outlook.com,Total Energies TN,+216 52 873 798,Inbound,Converted,Tunisie,Industrie,2023-07-16,
LED0212,Rami Sassi,rami.sassi@yahoo.fr,CNSS,+216 92 929 543,Referral,Contacted,Tunisie,Secteur Public,2023-07-25,
LED0213,Ahmed Rekik,ahmed.rekik@gmail.com,TTS,+216 27 621 290,Inbound,Qualified,Maroc,Technology,2024-07-15,
LED0214,Aziz Gharbi,aziz.gharbi@gmail.com,Total Energies TN,+216 95 484 744,Referral,Qualified,Tunisie,Finance,2022-06-21,
LED0215,Chaima Souissi,chaima.souissi@outlook.com,Tunisie Telecom,+216 23 626 631,Inbound,Converted,Algerie,Secteur Public,2023-04-22,
LED0216,Nizar Dridi,nizar.dridi@yahoo.fr,Banque Centrale Tunisie,+216 26 942 811,Partner,Converted,Maroc,Secteur Public,2022-01-12,
LED0217,Emna Karray,emna.karray@gmail.com,Carthage Cement,+216 25 550 210,Partner,Disqualified,Algerie,Technology,2022-06-16,Competitor
LED0218,Rami Oueslati,rami.oueslati@gmail.com,Ooredoo Tunisie,+216 21 709 112,Referral,Contacted,Tunisie,Assurance,2022-08-21,
LED0219,Wassim Fehri,wassim.fehri@gmail.com,Amen Bank,+216 53 680 540,Inbound,Disqualified,Algerie,Transport,2022-08-29,Wrong target
LED0220,Dorra Guizani,dorra.guizani@outlook.com,Amen Bank,+216 21 793 138,LinkedIn,Qualified,Algerie,Assurance,2024-01-31,
LED0221,Yassine Ncibi,yassine.ncibi@yahoo.fr,BIAT Leasing,+216 23 882 121,LinkedIn,Converted,Tunisie,Assurance,2023-10-13,
LED0222,Yassine Hamouda,yassine.hamouda@gmail.com,UIB Banque,+216 50 497 892,Referral,Converted,France,Telecom,2022-07-13,
LED0223,Ghassen Hammami,ghassen.hammami@outlook.com,Sfax Cables,+216 22 277 337,Partner,New,Maroc,Finance,2023-08-06,
LED0224,Hedi Brahim,hedi.brahim@outlook.com,CNSS,+216 50 961 620,Cold Call,New,France,Assurance,2022-07-30,
LED0225,Khaled Romdhane,khaled.romdhane@yahoo.fr,Ministere de l Education,+216 53 833 921,Partner,Converted,France,Telecom,2023-07-22,
LED0226,Oussama Gharbi,oussama.gharbi@outlook.com,Banque Centrale Tunisie,+216 92 932 932,LinkedIn,Contacted,Tunisie,Telecom,2023-10-25,
LED0227,Zied Ben Slama,zied.ben-slama@gmail.com,Yazaki Tunisie,+216 21 419 398,Event,Converted,Maroc,Finance,2024-03-16,
LED0228,Mohamed Toumi,mohamed.toumi@outlook.com,SOMOCER,+216 95 552 417,Cold Call,Contacted,Tunisie,Technology,2024-06-14,
LED0229,Fatma Zouari,fatma.zouari@outlook.com,Tunisair,+216 99 428 888,Partner,Contacted,Maroc,Transport,2024-08-12,
LED0230,Ines Karray,ines.karray@yahoo.fr,Ministere des Finances,+216 92 947 791,Partner,Contacted,France,Industrie,2024-06-24,
LED0231,Hajer Jlassi,hajer.jlassi@outlook.com,Orange Tunisie,+216 26 350 808,Website,Converted,Tunisie,Industrie,2023-07-18,
LED0232,Lotfi Guesmi,lotfi.guesmi@gmail.com,SOMOCER,+216 98 946 731,Website,Disqualified,Tunisie,Industrie,2024-10-01,Competitor
LED0233,Nour Elloumi,nour.elloumi@outlook.com,SPS Tunisia,+216 23 740 632,LinkedIn,Contacted,Tunisie,Assurance,2024-05-09,
LED0234,Ameni Bouzid,ameni.bouzid@outlook.com,Microsoft Tunisie,+216 27 560 786,Event,Contacted,Tunisie,Secteur Public,2023-11-13,
LED0235,Kais Ben Salem,kais.ben-salem@gmail.com,Ooredoo Tunisie,+216 52 647 666,Website,Disqualified,Maroc,Assurance,2022-05-14,No budget
LED0236,Sarra Karray,sarra.karray@gmail.com,Sfax Cables,+216 99 953 146,Cold Call,Converted,Tunisie,Telecom,2022-01-07,
LED0237,Khaled Mahfoudhi,khaled.mahfoudhi@outlook.com,Attijari Bank,+216 99 259 812,Trade Show,New,Algerie,Energie,2023-01-09,
LED0238,Walid Trabelsi,walid.trabelsi@outlook.com,BIAT,+216 20 144 383,Partner,Disqualified,Tunisie,Secteur Public,2023-09-23,Unresponsive
LED0239,Kais Ben Slama,kais.ben-slama@gmail.com,SPS Tunisia,+216 26 852 392,Inbound,Qualified,France,Energie,2022-10-15,
LED0240,Ameni Bouzid,ameni.bouzid@yahoo.fr,Attijari Bank,+216 22 771 413,Event,Disqualified,Tunisie,Energie,2024-09-30,Wrong target
LED0241,Ghassen Ben Ali,ghassen.ben-ali@outlook.com,CNSS,+216 90 420 714,Website,Converted,Tunisie,Secteur Public,2023-03-08,
LED0242,Mehdi Chebbi,mehdi.chebbi@outlook.com,Poulina Group,+216 22 972 943,Event,New,Tunisie,Finance,2023-06-13,
LED0243,Nizar Oueslati,nizar.oueslati@gmail.com,Total Energies TN,+216 24 422 217,LinkedIn,Disqualified,Tunisie,Secteur Public,2024-02-02,Unresponsive
LED0244,Yassine Guesmi,yassine.guesmi@gmail.com,BH Bank,+216 99 324 890,Website,Contacted,Tunisie,Energie,2023-11-17,
LED0245,Ahmed Bouzid,ahmed.bouzid@gmail.com,Sfax Cables,+216 23 661 371,LinkedIn,New,Tunisie,Finance,2024-07-23,
LED0246,Khaled Hamouda,khaled.hamouda@outlook.com,BIAT Leasing,+216 98 484 229,Partner,Converted,Tunisie,Secteur Public,2024-04-01,
LED0247,Kais Ben Romdhane,kais.ben-romdhane@outlook.com,CNAM,+216 98 285 384,Event,Converted,Algerie,Industrie,2022-02-28,
LED0248,Nour Bchir,nour.bchir@gmail.com,SPS Tunisia,+216 55 634 914,LinkedIn,Qualified,Maroc,Transport,2023-09-26,
LED0249,Fares Toumi,fares.toumi@gmail.com,IBM Tunisie,+216 52 966 853,LinkedIn,Qualified,France,Transport,2023-01-14,
LED0250,Ameni Jlassi,ameni.jlassi@gmail.com,SPS Tunisia,+216 20 603 205,Website,Disqualified,Maroc,Secteur Public,2022-07-24,Competitor
LED0251,Hamza Ben Salem,hamza.ben-salem@outlook.com,TTS,+216 95 728 224,Cold Call,New,Algerie,Transport,2023-10-14,
LED0252,Dorra Gharbi,dorra.gharbi@outlook.com,Sfax Cables,+216 55 766 491,Inbound,Converted,Algerie,Technology,2024-09-27,
LED0253,Fatma Toumi,fatma.toumi@gmail.com,BIAT,+216 27 189 100,Partner,Qualified,France,Telecom,2024-03-26,
LED0254,Ines Ferjani,ines.ferjani@gmail.com,Ooredoo Tunisie,+216 52 700 293,Referral,Qualified,France,Technology,2024-05-21,
LED0255,Chaima Mabrouk,chaima.mabrouk@yahoo.fr,Poulina Group,+216 95 555 503,LinkedIn,Contacted,Tunisie,Secteur Public,2022-08-06,
LED0256,Mohamed Abidi,mohamed.abidi@yahoo.fr,Microsoft Tunisie,+216 90 684 234,LinkedIn,Qualified,France,Industrie,2024-11-04,
LED0257,Bilel Hamouda,bilel.hamouda@gmail.com,CIH Bank Maroc,+216 98 835 827,Event,Disqualified,Tunisie,Industrie,2024-07-11,Not interested
LED0258,Nacer Karray,nacer.karray@outlook.com,Ooredoo Tunisie,+216 90 156 309,Inbound,Converted,Tunisie,Transport,2022-11-04,
LED0259,Tarek Ferjani,tarek.ferjani@yahoo.fr,Orange Tunisie,+216 27 951 468,Inbound,New,Tunisie,Energie,2022-03-23,
LED0260,Karim Bouaziz,karim.bouaziz@gmail.com,Banque Centrale Tunisie,+216 92 594 843,Inbound,Qualified,Tunisie,Assurance,2023-07-02,
LED0261,Emna Mahfoudhi,emna.mahfoudhi@yahoo.fr,Star Assurance,+216 25 268 788,Referral,Qualified,Tunisie,Energie,2024-03-22,
LED0262,Mohamed Laabidi,mohamed.laabidi@outlook.com,Poulina Group,+216 23 538 769,Inbound,Qualified,Tunisie,Transport,2023-05-15,
LED0263,Amine Dridi,amine.dridi@yahoo.fr,BIAT,+216 50 613 930,Inbound,Converted,Tunisie,Telecom,2023-09-11,
LED0264,Leila Ben Amor,leila.ben-amor@yahoo.fr,Ministere des Finances,+216 20 713 528,Inbound,New,Tunisie,Transport,2023-06-19,
LED0265,Mohamed Tlili,mohamed.tlili@gmail.com,STB Banque,+216 98 800 529,Partner,Converted,Algerie,Secteur Public,2024-06-13,
LED0266,Tarek Ferjani,tarek.ferjani@gmail.com,Microsoft Tunisie,+216 92 910 622,Event,New,Maroc,Assurance,2022-02-08,
LED0267,Salma Bouzid,salma.bouzid@gmail.com,STIIP Assurance,+216 52 349 916,Cold Call,New,Tunisie,Industrie,2022-05-11,
LED0268,Sarra Ferjani,sarra.ferjani@gmail.com,Sfax Cables,+216 23 679 121,Inbound,Disqualified,Tunisie,Industrie,2023-12-04,Not interested
LED0269,Aymen Abidi,aymen.abidi@gmail.com,Delice Danone,+216 90 545 476,LinkedIn,Disqualified,Maroc,Telecom,2022-03-08,No budget
LED0270,Zied Ferjani,zied.ferjani@gmail.com,Talan Maroc,+216 52 448 983,Partner,Qualified,Tunisie,Transport,2024-07-13,
LED0271,Amine Karray,amine.karray@gmail.com,BIAT Leasing,+216 27 516 340,Inbound,New,Maroc,Technology,2024-10-02,
LED0272,Ameni Ben Amor,ameni.ben-amor@outlook.com,Orange Tunisie,+216 21 260 502,Inbound,Contacted,Tunisie,Secteur Public,2023-08-16,
LED0273,Mehdi Karray,mehdi.karray@gmail.com,SNCFT,+216 52 754 926,Inbound,Converted,France,Industrie,2024-01-14,
LED0274,Imen Jlassi,imen.jlassi@yahoo.fr,SNCFT,+216 52 612 909,Inbound,Contacted,Tunisie,Energie,2024-08-08,
LED0275,Mariem Ben Youssef,mariem.ben-youssef@gmail.com,Total Energies TN,+216 95 473 450,Trade Show,Contacted,Tunisie,Transport,2024-05-06,
LED0276,Karim Ayadi,karim.ayadi@outlook.com,Ministere de l Education,+216 52 158 403,Referral,Converted,France,Transport,2022-02-16,
LED0277,Hedi Chebbi,hedi.chebbi@gmail.com,Tunisie Telecom,+216 95 832 183,Website,Converted,Tunisie,Energie,2024-11-13,
LED0278,Sami Zouari,sami.zouari@outlook.com,Microsoft Tunisie,+216 23 643 612,Partner,Contacted,Tunisie,Technology,2022-03-05,
LED0279,Leila Ben Romdhane,leila.ben-romdhane@yahoo.fr,STIIP Assurance,+216 53 568 812,Trade Show,Converted,France,Secteur Public,2023-11-10,
LED0280,Bilel Mansouri,bilel.mansouri@yahoo.fr,Tunisair,+216 92 621 783,Trade Show,Disqualified,Maroc,Secteur Public,2023-06-17,No budget
LED0281,Walid Cherni,walid.cherni@yahoo.fr,Orange Tunisie,+216 27 892 837,Website,Qualified,Tunisie,Technology,2024-01-15,
LED0282,Wassim Ben Fredj,wassim.ben-fredj@yahoo.fr,BIAT,+216 92 348 957,Referral,Contacted,France,Assurance,2023-11-27,
LED0283,Fares Ferjani,fares.ferjani@outlook.com,BIAT Leasing,+216 21 214 133,Trade Show,Disqualified,Maroc,Industrie,2023-12-03,Wrong target
LED0284,Khaled Trabelsi,khaled.trabelsi@gmail.com,SOMOCER,+216 26 821 413,LinkedIn,Contacted,Tunisie,Secteur Public,2022-02-23,
LED0285,Yassine Cherni,yassine.cherni@outlook.com,Star Assurance,+216 25 858 308,Trade Show,Disqualified,Tunisie,Transport,2022-09-21,No budget
LED0286,Yassine Souissi,yassine.souissi@outlook.com,STIIP Assurance,+216 23 582 396,Event,Contacted,Tunisie,Secteur Public,2023-06-16,
LED0287,Nacer Jebali,nacer.jebali@gmail.com,Yazaki Tunisie,+216 52 878 665,Partner,Converted,Tunisie,Assurance,2024-09-20,
LED0288,Fares Brahim,fares.brahim@yahoo.fr,VERMEG,+216 52 915 675,Partner,Contacted,France,Assurance,2023-04-05,
LED0289,Yassine Trabelsi,yassine.trabelsi@outlook.com,CNSS,+216 24 423 798,Trade Show,Converted,Maroc,Transport,2023-04-13,
LED0290,Walid Cherni,walid.cherni@yahoo.fr,OCP Maroc,+216 22 872 564,Event,Converted,Tunisie,Energie,2022-06-12,
LED0291,Asma Ben Romdhane,asma.ben-romdhane@outlook.com,BNA Banque,+216 23 538 102,Cold Call,Contacted,Maroc,Secteur Public,2022-03-24,
LED0292,Wael Guesmi,wael.guesmi@gmail.com,BH Bank,+216 95 155 835,LinkedIn,Converted,Maroc,Transport,2023-03-02,
LED0293,Rania Mabrouk,rania.mabrouk@outlook.com,VERMEG,+216 23 551 138,Partner,New,France,Assurance,2022-08-27,
LED0294,Amine Rekik,amine.rekik@yahoo.fr,TTS,+216 24 362 745,Event,Converted,Algerie,Transport,2024-05-30,
LED0295,Hamza Ben Slama,hamza.ben-slama@outlook.com,Talan France,+216 24 933 453,Website,Qualified,Maroc,Industrie,2023-07-09,
LED0296,Mohamed Cherni,mohamed.cherni@yahoo.fr,STB Banque,+216 95 659 320,Event,Converted,Tunisie,Industrie,2023-07-18,
LED0297,Asma Ncibi,asma.ncibi@outlook.com,Orange Tunisie,+216 25 642 189,Website,Qualified,Tunisie,Technology,2024-10-12,
LED0298,Salma Ayadi,salma.ayadi@gmail.com,Carthage Cement,+216 98 248 793,LinkedIn,Contacted,Tunisie,Industrie,2023-03-13,
LED0299,Mounir Hamdi,mounir.hamdi@outlook.com,Attijari Bank,+216 55 800 883,Cold Call,Converted,Tunisie,Telecom,2022-11-17,
LED0300,Ahmed Ben Salem,ahmed.ben-salem@outlook.com,Poulina Group,+216 95 212 797,Trade Show,Converted,Tunisie,Assurance,2023-04-14,
LED0301,Aymen Romdhane,aymen.romdhane@gmail.com,Attijari Bank,+216 50 447 303,Partner,Disqualified,Tunisie,Transport,2024-03-16,Competitor
LED0302,Maroua Zouari,maroua.zouari@gmail.com,CIH Bank Maroc,+216 20 627 757,Trade Show,Qualified,France,Technology,2023-03-04,
LED0303,Khaled Laabidi,khaled.laabidi@gmail.com,Microsoft Tunisie,+216 95 717 523,Cold Call,Contacted,Tunisie,Telecom,2024-06-20,
LED0304,Mehdi Elloumi,mehdi.elloumi@outlook.com,Banque Centrale Tunisie,+216 50 608 524,Website,Disqualified,Tunisie,Energie,2023-07-28,Wrong target
LED0305,Bilel Laabidi,bilel.laabidi@yahoo.fr,STIIP Assurance,+216 23 727 186,Partner,Disqualified,Tunisie,Finance,2024-08-24,Not interested
LED0306,Chaima Sghaier,chaima.sghaier@yahoo.fr,TTS,+216 99 227 765,Cold Call,Converted,Tunisie,Secteur Public,2023-05-18,
LED0307,Hamza Ben Youssef,hamza.ben-youssef@gmail.com,OCP Maroc,+216 20 360 289,LinkedIn,New,Tunisie,Industrie,2024-07-02,
LED0308,Yassine Mabrouk,yassine.mabrouk@gmail.com,Microsoft Tunisie,+216 90 167 889,Event,Converted,Tunisie,Industrie,2022-09-02,
LED0309,Bilel Guesmi,bilel.guesmi@outlook.com,Attijari Bank,+216 99 441 857,Partner,New,Maroc,Assurance,2022-03-07,
LED0310,Maroua Gharbi,maroua.gharbi@gmail.com,Attijari Bank,+216 92 956 118,Referral,Converted,France,Finance,2022-08-19,
LED0311,Fatma Bchir,fatma.bchir@yahoo.fr,Delice Danone,+216 27 857 738,Referral,Disqualified,France,Technology,2024-07-13,Unresponsive
LED0312,Hajer Khelifi,hajer.khelifi@outlook.com,Leoni Tunisie,+216 27 680 512,Website,Disqualified,Algerie,Telecom,2022-01-14,Unresponsive
LED0313,Imen Hamdi,imen.hamdi@yahoo.fr,GCT,+216 53 881 715,Partner,Converted,Maroc,Transport,2023-12-28,
LED0314,Asma Guizani,asma.guizani@yahoo.fr,Delice Danone,+216 27 134 276,Website,Contacted,Tunisie,Assurance,2022-05-22,
LED0315,Hedi Fehri,hedi.fehri@outlook.com,Total Energies TN,+216 55 248 480,Event,Contacted,Tunisie,Telecom,2022-02-25,
LED0316,Asma Haddad,asma.haddad@gmail.com,CIH Bank Maroc,+216 52 884 582,Inbound,New,Algerie,Transport,2024-03-28,
LED0317,Mariem Amri,mariem.amri@gmail.com,BIAT,+216 99 613 931,Referral,Contacted,France,Assurance,2024-09-28,
LED0318,Amine Hammami,amine.hammami@gmail.com,Orange Tunisie,+216 98 956 784,Partner,Disqualified,Algerie,Transport,2022-08-18,Competitor
LED0319,Slim Oueslati,slim.oueslati@gmail.com,TTS,+216 21 871 420,Partner,Qualified,Tunisie,Finance,2023-09-08,
LED0320,Dorra Ben Slama,dorra.ben-slama@outlook.com,Talan Maroc,+216 20 365 584,Website,Contacted,France,Finance,2022-01-19,
LED0321,Oussama Hammami,oussama.hammami@gmail.com,SNCFT,+216 55 780 693,Event,Qualified,France,Energie,2022-11-19,
LED0322,Mohamed Gharbi,mohamed.gharbi@outlook.com,GCT,+216 53 636 682,LinkedIn,New,Algerie,Finance,2023-09-19,
LED0323,Olfa Ben Salem,olfa.ben-salem@gmail.com,STB Banque,+216 95 135 224,Website,Disqualified,Algerie,Secteur Public,2024-04-14,Competitor
LED0324,Kais Ben Fredj,kais.ben-fredj@outlook.com,Delice Danone,+216 92 470 193,Partner,Contacted,Tunisie,Assurance,2022-05-16,
LED0325,Leila Ben Youssef,leila.ben-youssef@yahoo.fr,UIB Banque,+216 98 683 375,Event,Disqualified,Maroc,Secteur Public,2022-09-20,No budget
LED0326,Nacer Ben Amor,nacer.ben-amor@yahoo.fr,Leoni Tunisie,+216 98 656 173,LinkedIn,Contacted,Tunisie,Energie,2022-10-20,
LED0327,Fares Khelifi,fares.khelifi@yahoo.fr,Tunisair,+216 21 392 493,Cold Call,Qualified,Maroc,Transport,2023-11-05,
LED0328,Zied Chebbi,zied.chebbi@gmail.com,Ministere de l Education,+216 22 297 782,Inbound,Qualified,Tunisie,Telecom,2022-03-12,
LED0329,Nacer Mahfoudhi,nacer.mahfoudhi@outlook.com,SONEDE,+216 90 841 113,LinkedIn,Disqualified,Maroc,Finance,2024-09-11,Competitor
LED0330,Yassine Bchir,yassine.bchir@gmail.com,TTS,+216 20 228 489,Trade Show,Converted,Tunisie,Assurance,2024-06-19,
LED0331,Leila Jebali,leila.jebali@gmail.com,STEG,+216 24 947 585,Trade Show,New,Maroc,Technology,2023-06-23,
LED0332,Houssem Rekik,houssem.rekik@yahoo.fr,SNCFT,+216 53 460 320,Referral,New,France,Energie,2022-09-16,
LED0333,Oussama Sassi,oussama.sassi@yahoo.fr,Tunisair,+216 99 869 301,Cold Call,Contacted,Tunisie,Assurance,2023-02-11,
LED0334,Zied Ben Fredj,zied.ben-fredj@outlook.com,SONEDE,+216 99 130 918,Partner,Converted,Tunisie,Secteur Public,2022-12-08,
LED0335,Aymen Ayadi,aymen.ayadi@gmail.com,BIAT,+216 52 167 777,LinkedIn,Converted,Maroc,Assurance,2023-02-19,
LED0336,Mounir Amri,mounir.amri@gmail.com,Tunisair,+216 95 414 606,Partner,Contacted,Algerie,Secteur Public,2022-06-03,
LED0337,Hamza Fehri,hamza.fehri@yahoo.fr,Sfax Cables,+216 25 141 646,Website,Disqualified,Tunisie,Assurance,2024-09-11,Unresponsive
LED0338,Fares Cherni,fares.cherni@outlook.com,SPS Tunisia,+216 24 940 395,Partner,New,Maroc,Transport,2022-10-15,
LED0339,Oussama Souissi,oussama.souissi@outlook.com,Star Assurance,+216 50 684 649,Event,Qualified,Algerie,Industrie,2024-12-02,
LED0340,Wael Karray,wael.karray@outlook.com,Ooredoo Tunisie,+216 50 585 135,Referral,Converted,Tunisie,Energie,2022-11-11,
LED0341,Lotfi Sghaier,lotfi.sghaier@yahoo.fr,VERMEG,+216 53 598 802,Inbound,Converted,France,Technology,2023-08-20,
LED0342,Rami Kchaou,rami.kchaou@yahoo.fr,STIIP Assurance,+216 22 725 407,Trade Show,Disqualified,Tunisie,Assurance,2022-08-04,Wrong target
LED0343,Ghassen Sghaier,ghassen.sghaier@yahoo.fr,Microsoft Tunisie,+216 99 976 357,Partner,New,Tunisie,Energie,2024-09-21,
LED0344,Hamza Sghaier,hamza.sghaier@outlook.com,BH Bank,+216 24 833 964,Inbound,Converted,France,Telecom,2022-03-28,
LED0345,Wael Abidi,wael.abidi@outlook.com,Microsoft Tunisie,+216 26 697 443,Partner,Converted,Tunisie,Energie,2024-03-17,
LED0346,Hajer Hamouda,hajer.hamouda@gmail.com,Microsoft Tunisie,+216 21 177 861,Inbound,Disqualified,Maroc,Finance,2023-01-06,Unresponsive
LED0347,Mariem Hammami,mariem.hammami@yahoo.fr,CNAM,+216 98 933 111,Event,Qualified,Tunisie,Transport,2023-05-25,
LED0348,Imen Ben Salem,imen.ben-salem@yahoo.fr,Total Energies TN,+216 53 184 638,Cold Call,Converted,Maroc,Industrie,2024-04-01,
LED0349,Nour Jebali,nour.jebali@gmail.com,CNAM,+216 92 130 360,Cold Call,Qualified,Tunisie,Energie,2022-07-05,
LED0350,Rania Ben Amor,rania.ben-amor@gmail.com,Attijari Bank,+216 20 348 673,Event,Disqualified,Tunisie,Secteur Public,2024-06-15,No budget
LED0351,Hamza Kchaou,hamza.kchaou@gmail.com,TTS,+216 20 747 217,Event,Converted,Tunisie,Technology,2024-03-26,
LED0352,Chaima Hamdi,chaima.hamdi@yahoo.fr,Tunisair,+216 50 133 192,Event,Contacted,Maroc,Finance,2023-12-26,
LED0353,Nour Gharbi,nour.gharbi@yahoo.fr,STB Banque,+216 25 294 896,Referral,Qualified,Tunisie,Assurance,2022-03-25,
LED0354,Houssem Jebali,houssem.jebali@yahoo.fr,STIIP Assurance,+216 27 409 423,Cold Call,Contacted,Algerie,Finance,2022-10-25,
LED0355,Fares Ben Salem,fares.ben-salem@outlook.com,STIIP Assurance,+216 27 746 905,Cold Call,Disqualified,France,Telecom,2024-03-29,Competitor
LED0356,Hamza Haddad,hamza.haddad@gmail.com,SNCFT,+216 53 138 145,Inbound,Qualified,France,Finance,2023-10-18,
LED0357,Leila Ben Youssef,leila.ben-youssef@yahoo.fr,Banque Centrale Tunisie,+216 50 743 385,LinkedIn,New,Tunisie,Technology,2023-10-05,
LED0358,Mounir Mellouli,mounir.mellouli@yahoo.fr,SNCFT,+216 27 518 890,Trade Show,Qualified,France,Finance,2024-07-31,
LED0359,Leila Guesmi,leila.guesmi@yahoo.fr,Tunisie Telecom,+216 26 339 894,Website,Qualified,Maroc,Technology,2022-05-11,
LED0360,Imen Ben Amor,imen.ben-amor@gmail.com,SOMOCER,+216 90 731 424,Inbound,Contacted,Maroc,Technology,2024-07-14,
LED0361,Aymen Bouaziz,aymen.bouaziz@gmail.com,SONEDE,+216 20 242 844,Inbound,Contacted,Tunisie,Finance,2023-10-07,
LED0362,Hedi Jebali,hedi.jebali@outlook.com,Amen Bank,+216 24 664 366,Referral,Converted,Tunisie,Telecom,2023-02-03,
LED0363,Karim Bouaziz,karim.bouaziz@outlook.com,BNA Banque,+216 99 874 279,Partner,New,Tunisie,Technology,2024-03-04,
LED0364,Nizar Amri,nizar.amri@yahoo.fr,CNSS,+216 21 919 997,Partner,Contacted,France,Industrie,2024-10-20,
LED0365,Wael Souissi,wael.souissi@yahoo.fr,SPS Tunisia,+216 20 748 841,Partner,Disqualified,Tunisie,Secteur Public,2023-06-12,Not interested
LED0366,Hamza Sghaier,hamza.sghaier@yahoo.fr,Amen Bank,+216 99 854 442,Website,New,Tunisie,Secteur Public,2023-09-20,
LED0367,Mounir Elloumi,mounir.elloumi@gmail.com,OCP Maroc,+216 25 909 759,LinkedIn,Converted,Tunisie,Finance,2022-07-18,
LED0368,Imen Bettaieb,imen.bettaieb@gmail.com,STIIP Assurance,+216 50 890 705,LinkedIn,Disqualified,Algerie,Transport,2022-03-21,No budget
LED0369,Olfa Bouaziz,olfa.bouaziz@gmail.com,Talan Maroc,+216 21 755 508,LinkedIn,New,Tunisie,Industrie,2022-11-14,
LED0370,Mouna Haddad,mouna.haddad@outlook.com,CNSS,+216 50 913 696,Referral,Qualified,Tunisie,Transport,2022-10-17,
LED0371,Karim Guesmi,karim.guesmi@outlook.com,Total Energies TN,+216 98 705 562,Referral,Qualified,Tunisie,Industrie,2024-12-25,
LED0372,Sami Sassi,sami.sassi@outlook.com,SOMOCER,+216 92 442 628,Cold Call,Qualified,Tunisie,Energie,2024-06-10,
LED0373,Afef Elloumi,afef.elloumi@yahoo.fr,Talan France,+216 90 888 720,Event,Disqualified,Tunisie,Industrie,2024-12-16,Not interested
LED0374,Sarra Zouari,sarra.zouari@yahoo.fr,GCT,+216 24 127 254,LinkedIn,Qualified,Maroc,Finance,2022-02-27,
LED0375,Wassim Ben Slama,wassim.ben-slama@outlook.com,Poulina Group,+216 98 873 944,LinkedIn,Converted,Maroc,Finance,2023-03-16,
LED0376,Ahmed Zouari,ahmed.zouari@yahoo.fr,BNA Banque,+216 22 685 133,Trade Show,Contacted,Tunisie,Finance,2022-02-01,
LED0377,Aymen Sassi,aymen.sassi@gmail.com,SNCFT,+216 53 925 328,LinkedIn,Disqualified,Tunisie,Finance,2024-04-03,Wrong target
LED0378,Chaima Souissi,chaima.souissi@outlook.com,BH Bank,+216 98 298 338,Cold Call,Qualified,Algerie,Energie,2024-05-01,
LED0379,Emna Chabbi,emna.chabbi@yahoo.fr,Total Energies TN,+216 27 289 796,Inbound,New,France,Assurance,2023-04-02,
LED0380,Kais Guesmi,kais.guesmi@yahoo.fr,UIB Banque,+216 99 689 155,Partner,Contacted,Maroc,Assurance,2023-08-07,
LED0381,Hedi Hammami,hedi.hammami@gmail.com,STB Banque,+216 20 655 741,Referral,Converted,France,Assurance,2022-09-18,
LED0382,Hamza Mahfoudhi,hamza.mahfoudhi@gmail.com,Talan France,+216 21 537 637,LinkedIn,New,Algerie,Energie,2024-06-11,
LED0383,Hajer Trabelsi,hajer.trabelsi@yahoo.fr,VERMEG,+216 98 927 986,Cold Call,Contacted,Tunisie,Industrie,2022-01-30,
LED0384,Rania Brahim,rania.brahim@gmail.com,Microsoft Tunisie,+216 50 344 196,Inbound,Disqualified,Tunisie,Industrie,2024-11-01,Unresponsive
LED0385,Mouna Guesmi,mouna.guesmi@gmail.com,Tunisie Telecom,+216 27 830 340,Trade Show,New,Tunisie,Transport,2024-12-18,
LED0386,Mohamed Mahfoudhi,mohamed.mahfoudhi@yahoo.fr,SOMOCER,+216 90 951 396,Inbound,Converted,Algerie,Transport,2022-12-14,
LED0387,Mehdi Dridi,mehdi.dridi@outlook.com,Ooredoo Tunisie,+216 95 816 931,Website,Converted,Tunisie,Technology,2022-09-03,
LED0388,Amine Amri,amine.amri@outlook.com,OCP Maroc,+216 92 830 308,Inbound,Qualified,France,Secteur Public,2024-07-09,
LED0389,Nizar Ben Salem,nizar.ben-salem@yahoo.fr,STIIP Assurance,+216 21 499 507,Partner,Contacted,Tunisie,Industrie,2022-12-24,
LED0390,Olfa Ben Slama,olfa.ben-slama@gmail.com,CNAM,+216 24 197 608,LinkedIn,New,Maroc,Assurance,2023-04-10,
LED0391,Salma Sghaier,salma.sghaier@yahoo.fr,Total Energies TN,+216 21 918 123,Trade Show,Disqualified,Tunisie,Finance,2024-01-15,Not interested
LED0392,Yasmine Bchir,yasmine.bchir@yahoo.fr,Star Assurance,+216 98 911 586,Cold Call,Converted,France,Finance,2024-01-15,
LED0393,Lotfi Abidi,lotfi.abidi@gmail.com,Amen Bank,+216 20 824 895,Trade Show,New,Tunisie,Transport,2023-09-08,
LED0394,Nacer Rekik,nacer.rekik@yahoo.fr,SNCFT,+216 52 355 326,Inbound,Contacted,Tunisie,Telecom,2023-02-27,
LED0395,Slim Trabelsi,slim.trabelsi@outlook.com,SONEDE,+216 26 550 682,Inbound,Converted,Algerie,Telecom,2024-04-22,
LED0396,Hamza Hamdi,hamza.hamdi@gmail.com,Carthage Cement,+216 21 948 590,Website,New,Algerie,Telecom,2022-02-13,
LED0397,Sami Cherni,sami.cherni@gmail.com,BIAT Leasing,+216 20 340 371,Cold Call,Qualified,Tunisie,Energie,2023-10-09,
LED0398,Mouna Dridi,mouna.dridi@yahoo.fr,STB Banque,+216 20 245 349,LinkedIn,Contacted,Algerie,Secteur Public,2024-12-26,
LED0399,Tarek Bettaieb,tarek.bettaieb@yahoo.fr,OCP Maroc,+216 24 835 344,Referral,Contacted,Tunisie,Transport,2022-03-22,
LED0400,Walid Mabrouk,walid.mabrouk@yahoo.fr,Tunisair,+216 24 953 799,Trade Show,Converted,Maroc,Secteur Public,2024-07-05,
LED0401,Ines Khelifi,ines.khelifi@yahoo.fr,Carthage Cement,+216 98 777 947,LinkedIn,Contacted,Algerie,Energie,2024-03-17,
LED0402,Sarra Ben Slama,sarra.ben-slama@yahoo.fr,Leoni Tunisie,+216 55 443 907,Partner,Converted,Algerie,Assurance,2024-05-05,
LED0403,Bilel Kchaou,bilel.kchaou@outlook.com,SNCFT,+216 26 672 986,Partner,Contacted,Maroc,Finance,2023-09-20,
LED0404,Ines Kchaou,ines.kchaou@gmail.com,STIIP Assurance,+216 52 398 424,Referral,Qualified,France,Telecom,2022-09-25,
LED0405,Fares Fehri,fares.fehri@gmail.com,Poulina Group,+216 20 715 888,Inbound,New,France,Technology,2023-11-19,
LED0406,Khaled Ben Youssef,khaled.ben-youssef@outlook.com,Star Assurance,+216 92 685 216,Cold Call,Disqualified,Maroc,Industrie,2022-06-20,Competitor
LED0407,Hajer Elloumi,hajer.elloumi@gmail.com,SOMOCER,+216 55 341 546,Referral,Contacted,Tunisie,Secteur Public,2024-02-04,
LED0408,Bilel Bchir,bilel.bchir@outlook.com,Total Energies TN,+216 92 609 672,Partner,Converted,Tunisie,Telecom,2024-08-01,
LED0409,Nacer Bchir,nacer.bchir@outlook.com,Talan Maroc,+216 26 863 579,Cold Call,New,Tunisie,Assurance,2022-07-07,
LED0410,Mehdi Haddad,mehdi.haddad@gmail.com,Microsoft Tunisie,+216 92 538 286,Partner,Converted,Maroc,Finance,2023-02-09,
LED0411,Sarra Tlili,sarra.tlili@outlook.com,Leoni Tunisie,+216 21 319 553,Trade Show,Contacted,Tunisie,Energie,2022-06-12,
LED0412,Nour Karray,nour.karray@gmail.com,SPS Tunisia,+216 23 445 455,Referral,Contacted,Algerie,Technology,2023-04-12,
LED0413,Nacer Ayadi,nacer.ayadi@yahoo.fr,IBM Tunisie,+216 21 792 287,Cold Call,Disqualified,France,Telecom,2023-05-09,Not interested
LED0414,Hedi Gharbi,hedi.gharbi@yahoo.fr,Microsoft Tunisie,+216 92 335 706,Referral,Disqualified,Maroc,Finance,2024-05-30,No budget
LED0415,Sofiene Jebali,sofiene.jebali@gmail.com,Banque Centrale Tunisie,+216 26 926 863,Referral,Converted,France,Energie,2024-07-12,
LED0416,Aymen Khelifi,aymen.khelifi@yahoo.fr,Amen Bank,+216 98 923 238,Cold Call,Converted,Tunisie,Industrie,2023-12-24,
LED0417,Houssem Bouaziz,houssem.bouaziz@outlook.com,BIAT,+216 55 207 177,Trade Show,Contacted,Algerie,Technology,2024-05-09,
LED0418,Hajer Mellouli,hajer.mellouli@yahoo.fr,Sfax Cables,+216 23 933 834,Website,Disqualified,Maroc,Secteur Public,2023-01-12,Unresponsive
LED0419,Wassim Bouzid,wassim.bouzid@yahoo.fr,UIB Banque,+216 23 306 772,Trade Show,Disqualified,Tunisie,Assurance,2023-07-23,Wrong target
LED0420,Afef Ben Youssef,afef.ben-youssef@yahoo.fr,Banque Centrale Tunisie,+216 99 324 714,Trade Show,New,France,Secteur Public,2022-05-18,
LED0421,Amine Hammami,amine.hammami@yahoo.fr,SPS Tunisia,+216 92 200 304,Inbound,Disqualified,France,Secteur Public,2022-11-21,No budget
LED0422,Aymen Karray,aymen.karray@yahoo.fr,SNCFT,+216 90 941 150,Event,Qualified,France,Technology,2024-01-27,
LED0423,Tarek Hammami,tarek.hammami@outlook.com,CIH Bank Maroc,+216 22 747 139,Cold Call,Qualified,Tunisie,Industrie,2023-11-29,
LED0424,Walid Amri,walid.amri@yahoo.fr,Ministere de l Education,+216 25 675 466,Cold Call,Contacted,France,Transport,2024-08-20,
LED0425,Mouna Bouaziz,mouna.bouaziz@outlook.com,UIB Banque,+216 20 928 177,Trade Show,Disqualified,Maroc,Secteur Public,2022-05-18,Competitor
LED0426,Houssem Jlassi,houssem.jlassi@gmail.com,STEG,+216 92 499 694,Website,Disqualified,Maroc,Assurance,2022-01-07,Not interested
LED0427,Walid Mahfoudhi,walid.mahfoudhi@gmail.com,Ministere de l Education,+216 53 993 335,Trade Show,Qualified,Maroc,Finance,2023-02-14,
LED0428,Maroua Mellouli,maroua.mellouli@gmail.com,OCP Maroc,+216 22 819 560,Event,Contacted,France,Telecom,2022-01-23,
LED0429,Leila Zouari,leila.zouari@yahoo.fr,STB Banque,+216 21 334 974,Referral,Qualified,France,Energie,2024-07-03,
LED0430,Afef Laabidi,afef.laabidi@yahoo.fr,SONEDE,+216 22 260 524,Trade Show,Qualified,Tunisie,Assurance,2024-07-17,
LED0431,Khaled Sassi,khaled.sassi@gmail.com,Ministere des Finances,+216 23 556 923,Trade Show,Qualified,Algerie,Transport,2024-02-08,
LED0432,Mehdi Rekik,mehdi.rekik@outlook.com,SOMOCER,+216 22 300 893,Event,Qualified,Maroc,Energie,2022-03-22,
LED0433,Ameni Souissi,ameni.souissi@gmail.com,Talan Maroc,+216 53 674 465,LinkedIn,New,Tunisie,Secteur Public,2023-04-27,
LED0434,Olfa Mabrouk,olfa.mabrouk@outlook.com,IBM Tunisie,+216 98 227 722,Trade Show,Disqualified,Maroc,Industrie,2024-12-10,Competitor
LED0435,Hamza Bouzid,hamza.bouzid@outlook.com,Ministere de l Education,+216 27 910 746,Trade Show,Contacted,Maroc,Assurance,2023-04-11,
LED0436,Wassim Oueslati,wassim.oueslati@outlook.com,SOMOCER,+216 52 560 797,Trade Show,New,Algerie,Secteur Public,2023-04-22,
LED0437,Tarek Bettaieb,tarek.bettaieb@outlook.com,STB Banque,+216 27 164 866,Website,Converted,Algerie,Secteur Public,2022-02-18,
LED0438,Amine Romdhane,amine.romdhane@outlook.com,SOMOCER,+216 22 951 850,Trade Show,New,Tunisie,Energie,2024-01-24,
LED0439,Dorra Brahim,dorra.brahim@gmail.com,BNA Banque,+216 52 222 845,Event,Converted,Tunisie,Transport,2024-03-06,
LED0440,Lotfi Jebali,lotfi.jebali@outlook.com,BH Bank,+216 98 274 193,Referral,Qualified,Maroc,Technology,2024-07-01,
LED0441,Aymen Hammami,aymen.hammami@yahoo.fr,Carthage Cement,+216 53 677 771,Cold Call,Contacted,Tunisie,Technology,2023-03-15,
LED0442,Afef Ben Ali,afef.ben-ali@gmail.com,Orange Tunisie,+216 50 224 347,Cold Call,Converted,Algerie,Telecom,2022-01-26,
LED0443,Aziz Abidi,aziz.abidi@outlook.com,Ooredoo Tunisie,+216 53 799 153,Trade Show,Disqualified,Tunisie,Transport,2024-10-03,Not interested
LED0444,Dorra Hamdi,dorra.hamdi@outlook.com,Tunisie Telecom,+216 90 479 242,Website,New,Algerie,Transport,2022-01-23,
LED0445,Sami Hamouda,sami.hamouda@gmail.com,Delice Danone,+216 22 570 495,Partner,Contacted,Tunisie,Finance,2024-02-03,
LED0446,Leila Hamouda,leila.hamouda@gmail.com,TTS,+216 50 463 758,Event,Disqualified,Tunisie,Telecom,2022-03-04,Unresponsive
LED0447,Aziz Gharbi,aziz.gharbi@gmail.com,Tunisair,+216 99 785 806,Event,New,Tunisie,Transport,2022-05-10,
LED0448,Oussama Abidi,oussama.abidi@gmail.com,STB Banque,+216 21 964 486,Inbound,Disqualified,Tunisie,Industrie,2022-01-28,Wrong target
LED0449,Chaima Haddad,chaima.haddad@outlook.com,Poulina Group,+216 21 850 450,Cold Call,Qualified,Tunisie,Finance,2023-01-21,
LED0450,Sofiene Bouzid,sofiene.bouzid@outlook.com,Total Energies TN,+216 90 830 338,Trade Show,Contacted,Tunisie,Energie,2024-01-16,
LED0451,Oussama Bettaieb,oussama.bettaieb@yahoo.fr,SNCFT,+216 26 712 800,LinkedIn,Qualified,France,Secteur Public,2022-12-23,
LED0452,Hamza Mahfoudhi,hamza.mahfoudhi@gmail.com,IBM Tunisie,+216 26 157 606,Inbound,Qualified,Maroc,Finance,2023-06-03,
LED0453,Wael Ferjani,wael.ferjani@yahoo.fr,BNA Banque,+216 26 240 663,Website,Qualified,Maroc,Telecom,2023-12-01,
LED0454,Slim Ben Youssef,slim.ben-youssef@gmail.com,Sfax Cables,+216 23 127 718,Inbound,New,Tunisie,Telecom,2024-10-23,
LED0455,Khaled Rekik,khaled.rekik@yahoo.fr,Total Energies TN,+216 98 714 351,Cold Call,Qualified,Maroc,Assurance,2023-10-29,
LED0456,Houssem Ferjani,houssem.ferjani@gmail.com,Attijari Bank,+216 23 548 677,Inbound,New,Algerie,Technology,2022-11-15,
LED0457,Tarek Ben Slama,tarek.ben-slama@yahoo.fr,Amen Bank,+216 99 503 655,LinkedIn,New,Tunisie,Assurance,2024-04-11,
LED0458,Hedi Ben Slama,hedi.ben-slama@gmail.com,Carthage Cement,+216 21 629 169,Event,New,Tunisie,Transport,2022-05-27,
LED0459,Ines Trabelsi,ines.trabelsi@outlook.com,CNAM,+216 95 321 590,Partner,Disqualified,Tunisie,Telecom,2023-09-15,Unresponsive
LED0460,Emna Hammami,emna.hammami@outlook.com,Yazaki Tunisie,+216 98 553 485,Website,Disqualified,France,Finance,2022-03-05,Unresponsive
LED0461,Rami Souissi,rami.souissi@gmail.com,Tunisie Telecom,+216 25 848 520,Trade Show,New,Tunisie,Assurance,2024-09-25,
LED0462,Sami Zouari,sami.zouari@outlook.com,CNAM,+216 98 913 649,Trade Show,Disqualified,Tunisie,Finance,2024-08-19,Wrong target
LED0463,Walid Bouzid,walid.bouzid@gmail.com,UIB Banque,+216 23 376 486,Referral,New,Tunisie,Telecom,2022-02-27,
LED0464,Ameni Mansouri,ameni.mansouri@gmail.com,OCP Maroc,+216 22 994 397,Website,Qualified,Algerie,Assurance,2024-11-24,
LED0465,Oussama Ben Slama,oussama.ben-slama@outlook.com,Leoni Tunisie,+216 23 684 581,Inbound,New,Tunisie,Transport,2023-02-12,
LED0466,Sarra Jebali,sarra.jebali@gmail.com,CNSS,+216 99 563 662,Inbound,New,Tunisie,Energie,2023-04-03,
LED0467,Oussama Ben Amor,oussama.ben-amor@yahoo.fr,Sfax Cables,+216 99 223 732,Referral,Contacted,Tunisie,Technology,2022-02-18,
LED0468,Maroua Ayadi,maroua.ayadi@outlook.com,SPS Tunisia,+216 53 207 168,Referral,Disqualified,Algerie,Secteur Public,2023-07-26,Competitor
LED0469,Kais Bouaziz,kais.bouaziz@outlook.com,Ooredoo Tunisie,+216 90 221 743,Trade Show,Disqualified,Algerie,Technology,2022-10-09,Wrong target
LED0470,Emna Chabbi,emna.chabbi@yahoo.fr,Talan France,+216 24 372 753,Partner,Converted,Maroc,Finance,2022-05-17,
LED0471,Oussama Trabelsi,oussama.trabelsi@outlook.com,Talan France,+216 27 161 110,Event,Contacted,Tunisie,Transport,2024-02-01,
LED0472,Mounir Chabbi,mounir.chabbi@outlook.com,BH Bank,+216 22 738 329,Website,Qualified,Tunisie,Technology,2023-05-15,
LED0473,Ameni Souissi,ameni.souissi@yahoo.fr,OCP Maroc,+216 22 675 703,Inbound,Converted,Tunisie,Energie,2022-10-27,
LED0474,Yassine Tlili,yassine.tlili@outlook.com,STEG,+216 20 662 321,Referral,Converted,Maroc,Finance,2024-04-26,
LED0475,Kais Sghaier,kais.sghaier@yahoo.fr,Tunisie Telecom,+216 55 918 396,Website,Qualified,Tunisie,Energie,2023-01-30,
LED0476,Hamza Brahim,hamza.brahim@outlook.com,Total Energies TN,+216 26 209 757,Inbound,Contacted,Algerie,Secteur Public,2024-12-03,
LED0477,Tarek Bchir,tarek.bchir@outlook.com,GCT,+216 24 469 172,LinkedIn,New,Tunisie,Secteur Public,2024-03-16,
LED0478,Ameni Chabbi,ameni.chabbi@gmail.com,Attijari Bank,+216 99 275 922,Trade Show,Converted,Tunisie,Telecom,2022-10-09,
LED0479,Mounir Kchaou,mounir.kchaou@gmail.com,STEG,+216 50 431 369,Event,Qualified,Algerie,Assurance,2024-11-17,
LED0480,Aziz Abidi,aziz.abidi@yahoo.fr,SOMOCER,+216 22 113 249,Cold Call,Qualified,Tunisie,Industrie,2023-07-25,
LED0481,Asma Hamdi,asma.hamdi@gmail.com,Delice Danone,+216 23 573 443,Cold Call,Qualified,Algerie,Energie,2023-10-20,
LED0482,Walid Haddad,walid.haddad@gmail.com,BNA Banque,+216 90 859 969,Cold Call,Contacted,Tunisie,Secteur Public,2023-01-10,
LED0483,Mariem Ayadi,mariem.ayadi@outlook.com,SONEDE,+216 52 413 757,Partner,Contacted,Tunisie,Finance,2022-05-28,
LED0484,Slim Sassi,slim.sassi@outlook.com,Star Assurance,+216 98 818 418,Event,Disqualified,Tunisie,Secteur Public,2023-07-22,Not interested
LED0485,Slim Cherni,slim.cherni@gmail.com,Carthage Cement,+216 90 370 334,Trade Show,Disqualified,Tunisie,Telecom,2022-09-02,Not interested
LED0486,Wassim Brahim,wassim.brahim@gmail.com,CNSS,+216 90 410 454,Event,New,France,Transport,2023-07-04,
LED0487,Dorra Ferjani,dorra.ferjani@gmail.com,STB Banque,+216 95 244 704,Website,New,France,Telecom,2023-07-22,
LED0488,Fares Karray,fares.karray@outlook.com,Banque Centrale Tunisie,+216 23 472 823,Partner,Contacted,Maroc,Telecom,2023-10-11,
LED0489,Yassine Ncibi,yassine.ncibi@yahoo.fr,Banque Centrale Tunisie,+216 25 897 328,Event,Disqualified,Maroc,Energie,2023-05-20,Unresponsive
LED0490,Aymen Mabrouk,aymen.mabrouk@outlook.com,SONEDE,+216 26 416 687,Website,Contacted,Tunisie,Assurance,2024-03-02,
LED0491,Bilel Sassi,bilel.sassi@outlook.com,STEG,+216 22 770 211,LinkedIn,Disqualified,France,Assurance,2022-02-17,No budget
LED0492,Aymen Gharbi,aymen.gharbi@yahoo.fr,SNCFT,+216 90 320 925,Trade Show,Converted,Tunisie,Transport,2024-06-24,
LED0493,Wael Jlassi,wael.jlassi@outlook.com,Sfax Cables,+216 52 947 744,LinkedIn,Disqualified,Algerie,Telecom,2023-10-06,Not interested
LED0494,Chaima Sassi,chaima.sassi@yahoo.fr,CIH Bank Maroc,+216 23 954 810,Website,Converted,Tunisie,Transport,2024-07-15,
LED0495,Fares Amri,fares.amri@outlook.com,Ministere des Finances,+216 52 359 272,Inbound,New,Maroc,Transport,2023-12-15,
LED0496,Salma Khelifi,salma.khelifi@yahoo.fr,Carthage Cement,+216 25 235 142,Cold Call,New,Algerie,Finance,2022-04-09,
LED0497,Fatma Mabrouk,fatma.mabrouk@yahoo.fr,SNCFT,+216 95 980 469,Referral,Converted,Maroc,Industrie,2022-11-02,
LED0498,Wassim Bouaziz,wassim.bouaziz@gmail.com,Ooredoo Tunisie,+216 26 361 653,LinkedIn,Converted,France,Energie,2022-07-08,
LED0499,Amine Guesmi,amine.guesmi@yahoo.fr,SPS Tunisia,+216 24 387 855,Trade Show,Disqualified,Maroc,Assurance,2022-02-05,Unresponsive
LED0500,Houssem Bouaziz,houssem.bouaziz@gmail.com,SOMOCER,+216 24 731 824,Referral,Disqualified,Algerie,Secteur Public,2023-01-02,No budget
LED0501,Houssem Souissi,houssem.souissi@yahoo.fr,BIAT Leasing,+216 23 700 878,Event,Converted,Tunisie,Finance,2024-10-30,
LED0502,Aziz Karray,aziz.karray@gmail.com,BIAT Leasing,+216 98 355 499,Partner,Converted,Maroc,Finance,2023-05-19,
LED0503,Nacer Kchaou,nacer.kchaou@gmail.com,Ministere de l Education,+216 21 815 335,Referral,Disqualified,Tunisie,Transport,2023-08-12,Wrong target
LED0504,Karim Laabidi,karim.laabidi@gmail.com,Talan Maroc,+216 53 655 504,Trade Show,Converted,Algerie,Assurance,2024-04-09,
LED0505,Yasmine Elloumi,yasmine.elloumi@gmail.com,BIAT Leasing,+216 95 402 716,Cold Call,New,Maroc,Telecom,2023-09-04,
LED0506,Olfa Trabelsi,olfa.trabelsi@yahoo.fr,Carthage Cement,+216 99 433 460,Trade Show,Contacted,Tunisie,Assurance,2024-06-10,
LED0507,Rami Oueslati,rami.oueslati@outlook.com,SONEDE,+216 52 430 513,Inbound,Contacted,Maroc,Technology,2023-04-11,
LED0508,Mariem Hamouda,mariem.hamouda@yahoo.fr,Total Energies TN,+216 25 323 766,LinkedIn,Disqualified,Maroc,Assurance,2022-10-26,No budget
LED0509,Dorra Khelifi,dorra.khelifi@gmail.com,Poulina Group,+216 53 868 415,Referral,Converted,Algerie,Secteur Public,2024-11-15,
LED0510,Nacer Rekik,nacer.rekik@outlook.com,STIIP Assurance,+216 92 216 430,LinkedIn,New,France,Assurance,2023-07-07,
LED0511,Afef Guesmi,afef.guesmi@yahoo.fr,Banque Centrale Tunisie,+216 98 726 530,Partner,Converted,Maroc,Energie,2023-10-31,
LED0512,Yassine Ben Youssef,yassine.ben-youssef@gmail.com,IBM Tunisie,+216 22 108 117,Website,Converted,Tunisie,Technology,2022-05-18,
LED0513,Sami Gharbi,sami.gharbi@gmail.com,STB Banque,+216 23 256 820,LinkedIn,Contacted,Tunisie,Telecom,2024-02-26,
LED0514,Hajer Rekik,hajer.rekik@yahoo.fr,VERMEG,+216 50 667 431,Cold Call,Disqualified,Tunisie,Energie,2023-06-07,Competitor
LED0515,Wael Bouzid,wael.bouzid@yahoo.fr,CNSS,+216 25 255 883,Cold Call,Disqualified,Maroc,Telecom,2022-08-22,Unresponsive
LED0516,Tarek Bouzid,tarek.bouzid@gmail.com,CNSS,+216 95 351 939,Partner,Qualified,Tunisie,Finance,2024-12-01,
LED0517,Sarra Chebbi,sarra.chebbi@yahoo.fr,UIB Banque,+216 53 339 237,Inbound,Disqualified,Algerie,Finance,2024-11-08,Unresponsive
LED0518,Mouna Toumi,mouna.toumi@gmail.com,Orange Tunisie,+216 50 943 657,Referral,Contacted,Tunisie,Secteur Public,2023-03-25,
LED0519,Mariem Sghaier,mariem.sghaier@yahoo.fr,Ministere des Finances,+216 25 103 376,Inbound,Disqualified,France,Finance,2023-09-05,Unresponsive
LED0520,Ahmed Bchir,ahmed.bchir@yahoo.fr,Delice Danone,+216 95 864 996,Website,Disqualified,Maroc,Assurance,2022-11-12,Not interested
LED0521,Wassim Hammami,wassim.hammami@yahoo.fr,SOMOCER,+216 95 640 354,Inbound,Converted,Tunisie,Telecom,2024-05-30,
LED0522,Leila Jlassi,leila.jlassi@outlook.com,BIAT Leasing,+216 90 736 880,Inbound,New,Tunisie,Secteur Public,2022-06-18,
LED0523,Houssem Mabrouk,houssem.mabrouk@outlook.com,IBM Tunisie,+216 50 262 808,Website,New,Tunisie,Secteur Public,2022-03-08,
LED0524,Amine Ben Romdhane,amine.ben-romdhane@yahoo.fr,SNCFT,+216 24 203 605,Website,Contacted,Tunisie,Secteur Public,2022-07-24,
LED0525,Yasmine Ben Salem,yasmine.ben-salem@yahoo.fr,Total Energies TN,+216 50 340 961,Trade Show,New,Algerie,Secteur Public,2023-08-20,
LED0526,Fatma Cherni,fatma.cherni@gmail.com,SONEDE,+216 99 456 124,LinkedIn,Converted,Maroc,Energie,2023-04-04,
LED0527,Tarek Jlassi,tarek.jlassi@yahoo.fr,STB Banque,+216 27 232 811,Trade Show,Qualified,Tunisie,Telecom,2023-08-25,
LED0528,Mouna Souissi,mouna.souissi@gmail.com,SONEDE,+216 99 452 471,Cold Call,Disqualified,Maroc,Industrie,2022-03-17,Competitor
LED0529,Yasmine Trabelsi,yasmine.trabelsi@yahoo.fr,SPS Tunisia,+216 95 762 786,Event,Qualified,Tunisie,Assurance,2023-05-05,
LED0530,Oussama Guesmi,oussama.guesmi@yahoo.fr,OCP Maroc,+216 50 341 129,Cold Call,Disqualified,Maroc,Industrie,2022-11-17,No budget
LED0531,Aziz Ferjani,aziz.ferjani@yahoo.fr,STB Banque,+216 24 251 595,Trade Show,Disqualified,Tunisie,Transport,2022-09-30,Wrong target
LED0532,Houssem Kchaou,houssem.kchaou@yahoo.fr,Yazaki Tunisie,+216 50 878 450,Website,Contacted,Tunisie,Finance,2022-07-10,
LED0533,Wael Mabrouk,wael.mabrouk@outlook.com,VERMEG,+216 27 123 350,Event,Contacted,Tunisie,Energie,2022-03-20,
LED0534,Chaima Chebbi,chaima.chebbi@yahoo.fr,Total Energies TN,+216 95 693 611,Referral,Disqualified,Tunisie,Technology,2023-03-09,No budget
LED0535,Kais Ben Salem,kais.ben-salem@gmail.com,Delice Danone,+216 20 945 707,Inbound,Converted,Tunisie,Assurance,2023-02-07,
LED0536,Rami Hammami,rami.hammami@yahoo.fr,Microsoft Tunisie,+216 52 316 858,Website,Qualified,Tunisie,Transport,2024-04-14,
LED0537,Nizar Trabelsi,nizar.trabelsi@yahoo.fr,STB Banque,+216 25 395 810,Partner,Converted,France,Industrie,2023-06-27,
LED0538,Aymen Guesmi,aymen.guesmi@outlook.com,Carthage Cement,+216 26 532 380,Website,Converted,Tunisie,Transport,2023-03-31,
LED0539,Olfa Hamouda,olfa.hamouda@outlook.com,STIIP Assurance,+216 26 410 286,Inbound,New,France,Secteur Public,2022-04-15,
LED0540,Nizar Sassi,nizar.sassi@outlook.com,Star Assurance,+216 27 340 497,Inbound,Converted,Tunisie,Secteur Public,2023-02-15,
LED0541,Hamza Ben Salem,hamza.ben-salem@yahoo.fr,BIAT Leasing,+216 25 577 502,Event,Contacted,Tunisie,Technology,2024-05-01,
LED0542,Kais Hamouda,kais.hamouda@yahoo.fr,Ooredoo Tunisie,+216 52 955 772,Referral,New,Maroc,Technology,2022-01-07,
LED0543,Ameni Dridi,ameni.dridi@gmail.com,Banque Centrale Tunisie,+216 90 551 307,Trade Show,Converted,France,Secteur Public,2023-07-24,
LED0544,Chaima Dridi,chaima.dridi@outlook.com,BIAT,+216 50 573 875,Event,New,Algerie,Assurance,2022-05-10,
LED0545,Rami Oueslati,rami.oueslati@outlook.com,SPS Tunisia,+216 50 552 199,Partner,New,Tunisie,Assurance,2024-06-04,
LED0546,Sarra Rekik,sarra.rekik@yahoo.fr,BH Bank,+216 27 429 499,Referral,Contacted,France,Finance,2024-07-26,
LED0547,Mohamed Oueslati,mohamed.oueslati@outlook.com,Banque Centrale Tunisie,+216 95 820 883,Website,Converted,Algerie,Finance,2024-02-02,
LED0548,Rania Ayadi,rania.ayadi@outlook.com,Talan Maroc,+216 98 924 130,LinkedIn,New,Algerie,Energie,2022-08-27,
LED0549,Mehdi Oueslati,mehdi.oueslati@outlook.com,SONEDE,+216 23 391 528,Website,Qualified,Algerie,Secteur Public,2024-05-21,
LED0550,Mounir Gharbi,mounir.gharbi@outlook.com,STEG,+216 23 994 744,Inbound,Contacted,Tunisie,Industrie,2024-04-23,
LED0551,Fares Romdhane,fares.romdhane@outlook.com,Orange Tunisie,+216 92 256 386,Website,Qualified,Maroc,Technology,2022-07-10,
LED0552,Amine Bouaziz,amine.bouaziz@yahoo.fr,Tunisie Telecom,+216 24 683 545,Partner,Qualified,Algerie,Energie,2023-03-11,
LED0553,Tarek Bouaziz,tarek.bouaziz@yahoo.fr,Ministere de l Education,+216 50 172 166,Referral,Converted,Tunisie,Transport,2023-09-01,
LED0554,Ines Romdhane,ines.romdhane@gmail.com,Star Assurance,+216 95 899 759,Referral,Qualified,Algerie,Energie,2022-10-08,
LED0555,Bilel Hamouda,bilel.hamouda@outlook.com,SPS Tunisia,+216 99 730 197,Inbound,Converted,Maroc,Technology,2022-11-22,
LED0556,Ahmed Ben Ali,ahmed.ben-ali@yahoo.fr,SOMOCER,+216 98 495 399,Website,Disqualified,Tunisie,Transport,2022-12-13,Competitor
LED0557,Walid Ben Amor,walid.ben-amor@gmail.com,Banque Centrale Tunisie,+216 50 191 278,Trade Show,Converted,Maroc,Assurance,2024-05-30,
LED0558,Nacer Brahim,nacer.brahim@gmail.com,Talan France,+216 90 185 826,Inbound,Converted,Maroc,Technology,2023-08-13,
LED0559,Bilel Tlili,bilel.tlili@outlook.com,BIAT,+216 92 922 815,Website,New,Maroc,Telecom,2023-01-27,
LED0560,Amine Guizani,amine.guizani@gmail.com,SOMOCER,+216 25 991 478,LinkedIn,New,France,Industrie,2022-04-06,
LED0561,Mouna Chabbi,mouna.chabbi@yahoo.fr,CIH Bank Maroc,+216 92 493 283,Referral,New,Tunisie,Assurance,2023-12-01,
LED0562,Rami Sassi,rami.sassi@gmail.com,Ministere des Finances,+216 55 230 539,Inbound,Disqualified,Tunisie,Industrie,2024-06-27,No budget
LED0563,Zied Sassi,zied.sassi@gmail.com,VERMEG,+216 92 940 273,Trade Show,Disqualified,Tunisie,Finance,2022-04-11,Competitor
LED0564,Olfa Sghaier,olfa.sghaier@outlook.com,CIH Bank Maroc,+216 98 464 914,Event,Contacted,Tunisie,Industrie,2023-08-12,
LED0565,Mohamed Bettaieb,mohamed.bettaieb@outlook.com,Leoni Tunisie,+216 50 594 303,Referral,Converted,France,Finance,2023-09-13,
LED0566,Chaima Bettaieb,chaima.bettaieb@gmail.com,TTS,+216 99 937 279,Event,Contacted,France,Assurance,2024-06-16,
LED0567,Mohamed Mansouri,mohamed.mansouri@yahoo.fr,BNA Banque,+216 22 973 321,LinkedIn,New,Tunisie,Technology,2024-12-05,
LED0568,Emna Bouzid,emna.bouzid@gmail.com,TTS,+216 22 692 327,Referral,Converted,Tunisie,Industrie,2023-08-03,
LED0569,Mouna Bchir,mouna.bchir@gmail.com,STIIP Assurance,+216 95 379 902,LinkedIn,Disqualified,Algerie,Assurance,2022-11-02,Not interested
LED0570,Slim Hamouda,slim.hamouda@gmail.com,CNAM,+216 90 155 673,Trade Show,Contacted,Tunisie,Secteur Public,2023-09-20,
LED0571,Rania Zouari,rania.zouari@yahoo.fr,BH Bank,+216 99 943 426,Referral,Disqualified,Tunisie,Energie,2023-02-06,Competitor
LED0572,Asma Cherni,asma.cherni@yahoo.fr,BIAT,+216 22 141 303,Trade Show,Contacted,France,Technology,2022-02-03,
LED0573,Bilel Ben Romdhane,bilel.ben-romdhane@gmail.com,CNSS,+216 92 660 754,Cold Call,Disqualified,Tunisie,Energie,2022-05-29,Competitor
LED0574,Slim Sghaier,slim.sghaier@gmail.com,Total Energies TN,+216 53 420 676,Referral,New,Tunisie,Transport,2024-04-17,
LED0575,Chaima Dridi,chaima.dridi@outlook.com,IBM Tunisie,+216 50 988 853,Referral,New,Tunisie,Assurance,2023-05-09,
LED0576,Sarra Mabrouk,sarra.mabrouk@gmail.com,Delice Danone,+216 24 873 625,Trade Show,Contacted,Maroc,Transport,2022-07-24,
LED0577,Zied Hamdi,zied.hamdi@gmail.com,Microsoft Tunisie,+216 50 547 618,Partner,Disqualified,Algerie,Secteur Public,2022-02-25,Competitor
LED0578,Tarek Bouzid,tarek.bouzid@outlook.com,SNCFT,+216 95 758 626,Cold Call,New,Tunisie,Transport,2023-03-05,
LED0579,Chaima Guesmi,chaima.guesmi@yahoo.fr,BIAT Leasing,+216 20 610 589,Website,New,Tunisie,Industrie,2023-09-06,
LED0580,Hajer Ben Amor,hajer.ben-amor@yahoo.fr,Tunisie Telecom,+216 24 613 297,LinkedIn,Qualified,Tunisie,Assurance,2022-12-25,
LED0581,Fares Khelifi,fares.khelifi@outlook.com,Total Energies TN,+216 25 370 489,Referral,Disqualified,Algerie,Energie,2023-06-30,Competitor
LED0582,Emna Abidi,emna.abidi@yahoo.fr,Attijari Bank,+216 95 512 276,LinkedIn,Converted,France,Secteur Public,2023-03-18,
LED0583,Ameni Sassi,ameni.sassi@gmail.com,TTS,+216 92 868 895,Cold Call,New,Maroc,Energie,2023-08-29,
LED0584,Afef Ben Fredj,afef.ben-fredj@gmail.com,Ooredoo Tunisie,+216 52 828 336,Website,Contacted,Tunisie,Transport,2024-09-08,
LED0585,Afef Hammami,afef.hammami@yahoo.fr,VERMEG,+216 99 122 592,Cold Call,Contacted,France,Transport,2024-11-07,
LED0586,Walid Brahim,walid.brahim@yahoo.fr,BH Bank,+216 98 934 334,Referral,Qualified,Tunisie,Industrie,2022-10-06,
LED0587,Dorra Tlili,dorra.tlili@gmail.com,Banque Centrale Tunisie,+216 95 778 156,Referral,Converted,Tunisie,Finance,2024-06-24,
LED0588,Mouna Haddad,mouna.haddad@gmail.com,Sfax Cables,+216 24 387 807,LinkedIn,Qualified,Algerie,Transport,2022-03-09,
LED0589,Mohamed Jlassi,mohamed.jlassi@outlook.com,Carthage Cement,+216 90 143 463,LinkedIn,Converted,Tunisie,Technology,2023-01-25,
LED0590,Tarek Dridi,tarek.dridi@yahoo.fr,Delice Danone,+216 25 712 830,LinkedIn,Qualified,Tunisie,Secteur Public,2022-08-24,
LED0591,Dorra Bchir,dorra.bchir@gmail.com,SNCFT,+216 90 211 892,Trade Show,Qualified,France,Transport,2022-06-06,
LED0592,Bilel Ayadi,bilel.ayadi@outlook.com,CNAM,+216 23 186 114,Website,Converted,Maroc,Transport,2022-02-23,
LED0593,Leila Hammami,leila.hammami@outlook.com,Carthage Cement,+216 52 873 485,Referral,Qualified,Tunisie,Industrie,2024-12-21,
LED0594,Mohamed Kchaou,mohamed.kchaou@outlook.com,STEG,+216 98 812 457,Cold Call,Qualified,Tunisie,Technology,2024-01-20,
LED0595,Mariem Sghaier,mariem.sghaier@gmail.com,Amen Bank,+216 25 157 389,Trade Show,New,Maroc,Technology,2023-05-08,
LED0596,Sami Tlili,sami.tlili@yahoo.fr,Ministere de l Education,+216 95 543 359,LinkedIn,Contacted,France,Secteur Public,2023-07-03,
LED0597,Fares Bouzid,fares.bouzid@yahoo.fr,OCP Maroc,+216 24 208 553,Website,Qualified,Algerie,Assurance,2024-08-28,
LED0598,Nizar Chebbi,nizar.chebbi@gmail.com,CIH Bank Maroc,+216 52 407 758,Inbound,Qualified,Tunisie,Energie,2022-05-15,
LED0599,Sarra Kchaou,sarra.kchaou@yahoo.fr,Attijari Bank,+216 25 882 618,Inbound,Qualified,France,Transport,2023-05-13,
LED0600,Nacer Amri,nacer.amri@gmail.com,Ministere de l Education,+216 99 166 452,Event,Qualified,Tunisie,Energie,2022-03-25,
