  crm_opportunities  ·  500 lignes  ·  10 colonnes,Unnamed: 1,Unnamed: 2,Unnamed: 3,Unnamed: 4,Unnamed: 5,Unnamed: 6,Unnamed: 7,Unnamed: 8,Unnamed: 9,Unnamed: 10,Unnamed: 11
opportunity_id,account_id,deal_name,stage,amount,probability,close_date,currency,owner_id,created_at,forecast_amount,lost_reason
OPP0001,ACC0162,Transformation Digitale STB,Negotiation,136868.41,75,2024-08-20,TND,EMP0096,2023-08-19,102651.31,
OPP0002,ACC0104,Deploiement Cloud IBM,Prospecting,787586.4,10,2024-01-18,TND,EMP0048,2023-08-25,78758.64,
OPP0003,ACC0172,Migration SAP Delice,Qualification,748282.96,25,2023-02-17,TND,EMP0106,2023-07-28,187070.74,
OPP0004,ACC0148,Migration SAP Ministere,Proposal,1811094.1,50,2025-11-16,TND,EMP0095,2023-05-10,905547.05,
OPP0005,ACC0133,Accompagnement Agile GCT,Closed Won,721017.53,100,2025-10-22,TND,EMP0035,2024-08-11,721017.53,
OPP0006,ACC0173,Implementation CRM Carthage,Closed Won,818526.82,100,2023-05-07,TND,EMP0015,2023-08-20,818526.82,
OPP0007,ACC0056,Audit Urbanisation SI SNCFT,Qualification,2133256.97,25,2024-02-24,TND,EMP0135,2023-06-12,533314.24,
OPP0008,ACC0182,Assistant IA Ministere,Closed Won,119896.64,100,2024-10-07,TND,EMP0037,2022-07-29,119896.64,
OPP0009,ACC0183,Integration ERP STEG,Prospecting,1322339.95,10,2023-07-13,TND,EMP0032,2022-04-09,132233.99,
OPP0010,ACC0062,Cybersecurite UIB,Closed Won,2339907.62,100,2024-02-11,TND,EMP0035,2024-04-09,2339907.62,
OPP0011,ACC0058,Audit Urbanisation SI Orange,Closed Lost,2189202.43,0,2024-10-23,TND,EMP0020,2022-06-21,0,Price too high
OPP0012,ACC0128,Transformation Digitale Carthage,Closed Won,1897021.89,100,2025-10-31,TND,EMP0129,2024-04-13,1897021.89,
OPP0013,ACC0003,Transformation Digitale Ministere,Closed Won,2245986.12,100,2025-12-10,TND,EMP0007,2022-03-02,2245986.12,
OPP0014,ACC0086,Refonte Architecture SI Ministere,Closed Won,766567.05,100,2023-08-07,TND,EMP0135,2022-01-27,766567.05,
OPP0015,ACC0086,Migration SAP Tunisair,Qualification,1444027.55,25,2025-02-11,TND,EMP0073,2022-09-03,361006.89,
OPP0016,ACC0001,Transformation Digitale CNSS,Closed Lost,740828.08,0,2025-04-30,TND,EMP0089,2022-10-02,0,No decision
OPP0017,ACC0080,Digital Twin Leoni,Prospecting,1354445.52,10,2023-06-06,TND,EMP0148,2023-08-11,135444.55,
OPP0018,ACC0058,Implementation CRM CIH,Prospecting,691585.08,10,2024-08-21,TND,EMP0088,2022-02-24,69158.51,
OPP0019,ACC0194,Migration SAP STIIP,Closed Won,1208032.68,100,2023-10-13,TND,EMP0041,2023-03-18,1208032.68,
OPP0020,ACC0038,Data Platform Poulina,Closed Won,2293025.59,100,2025-11-01,TND,EMP0086,2023-11-23,2293025.59,
OPP0021,ACC0024,Cybersecurite Talan,Negotiation,1412068.43,75,2023-06-07,TND,EMP0076,2022-09-24,1059051.32,
OPP0022,ACC0192,Implementation CRM BNA,Closed Won,576650.85,100,2025-04-14,TND,EMP0087,2023-05-02,576650.85,
OPP0023,ACC0110,Accompagnement Agile Attijari,Negotiation,309913.85,75,2025-03-20,TND,EMP0025,2022-08-27,232435.39,
OPP0024,ACC0110,Assistant IA GCT,Closed Lost,1120141.76,0,2023-09-21,TND,EMP0015,2024-12-01,0,No budget
OPP0025,ACC0100,Audit Urbanisation SI CNSS,Qualification,2260928.4,25,2025-01-09,TND,EMP0007,2024-03-02,565232.1,
OPP0026,ACC0019,Migration SAP Yazaki,Qualification,1246320.78,25,2025-07-22,TND,EMP0045,2023-03-24,311580.2,
OPP0027,ACC0092,Integration ERP Leoni,Proposal,882785.21,50,2024-11-28,TND,EMP0047,2024-06-12,441392.6,
OPP0028,ACC0125,Refonte Architecture SI Delice,Closed Won,2413872.12,100,2023-08-11,TND,EMP0037,2023-03-08,2413872.12,
OPP0029,ACC0075,Digital Twin BH,Closed Won,2461915.5,100,2024-06-24,TND,EMP0142,2022-01-11,2461915.5,
OPP0030,ACC0200,Data Platform Star,Closed Won,2238967.63,100,2025-07-05,TND,EMP0123,2024-12-18,2238967.63,
OPP0031,ACC0012,Assistant IA Microsoft,Qualification,1319727.36,25,2025-04-14,TND,EMP0032,2022-04-20,329931.84,
OPP0032,ACC0116,Digital Twin IBM,Prospecting,551187.3,10,2025-01-28,TND,EMP0145,2022-05-13,55118.73,
OPP0033,ACC0147,Accompagnement Agile Orange,Proposal,743390.57,50,2024-08-08,TND,EMP0116,2023-06-07,371695.28,
OPP0034,ACC0104,Audit Urbanisation SI SNCFT,Closed Won,530263.9,100,2023-12-06,TND,EMP0076,2024-07-23,530263.9,
OPP0035,ACC0076,Migration SAP Yazaki,Prospecting,1640801.99,10,2025-12-05,TND,EMP0146,2023-05-24,164080.2,
OPP0036,ACC0145,Cybersecurite Carthage,Qualification,1386136.15,25,2024-11-07,TND,EMP0129,2023-09-27,346534.04,
OPP0037,ACC0045,Deploiement Cloud Leoni,Closed Won,708610.55,100,2024-02-03,TND,EMP0058,2023-08-26,708610.55,
OPP0038,ACC0104,Data Platform Attijari,Qualification,1886615.47,25,2025-05-30,TND,EMP0006,2024-08-26,471653.87,
OPP0039,ACC0164,Migration SAP BIAT,Qualification,825825.64,25,2025-03-26,TND,EMP0008,2024-06-24,206456.41,
OPP0040,ACC0080,Migration SAP Sfax,Qualification,270381.72,25,2024-03-18,TND,EMP0093,2023-05-15,67595.43,
OPP0041,ACC0169,Refonte Architecture SI SNCFT,Closed Won,1579107.37,100,2023-10-11,TND,EMP0089,2024-04-14,1579107.37,
OPP0042,ACC0037,Implementation CRM BH,Closed Lost,2018016,0,2023-08-30,TND,EMP0038,2024-04-11,0,Price too high
OPP0043,ACC0140,Integration ERP SPS,Closed Won,1648116.76,100,2025-01-04,TND,EMP0024,2024-02-23,1648116.76,
OPP0044,ACC0089,Cybersecurite Delice,Closed Won,1498162.52,100,2025-02-13,TND,EMP0056,2022-01-31,1498162.52,
OPP0045,ACC0110,Migration SAP Tunisie,Closed Won,463959.24,100,2025-09-13,TND,EMP0136,2023-10-05,463959.24,
OPP0046,ACC0193,Cybersecurite Tunisie,Closed Won,2320158.73,100,2024-11-20,TND,EMP0069,2024-03-27,2320158.73,
OPP0047,ACC0062,Cybersecurite Ooredoo,Closed Won,406500.08,100,2023-11-02,TND,EMP0011,2022-03-02,406500.08,
OPP0048,ACC0193,Integration ERP Yazaki,Qualification,2139268.69,25,2025-09-06,TND,EMP0132,2024-06-08,534817.17,
OPP0049,ACC0100,Implementation CRM STB,Closed Won,523003.23,100,2025-03-11,TND,EMP0100,2024-10-28,523003.23,
OPP0050,ACC0021,Data Platform BH,Qualification,1417891.38,25,2023-06-03,TND,EMP0007,2022-04-09,354472.84,
OPP0051,ACC0136,Deploiement Cloud SPS,Prospecting,165737.01,10,2025-02-07,TND,EMP0019,2023-10-21,16573.7,
OPP0052,ACC0105,Digital Twin Ooredoo,Prospecting,1913327.23,10,2025-07-17,TND,EMP0114,2024-04-22,191332.72,
OPP0053,ACC0013,Cybersecurite SPS,Closed Lost,489536.63,0,2023-10-22,TND,EMP0070,2022-02-04,0,No decision
OPP0054,ACC0114,Audit Urbanisation SI VERMEG,Negotiation,1170528.06,75,2025-06-21,TND,EMP0115,2022-10-14,877896.05,
OPP0055,ACC0196,Data Platform BIAT,Closed Lost,309744.65,0,2025-04-05,TND,EMP0089,2022-02-09,0,No budget
OPP0056,ACC0191,Accompagnement Agile SPS,Closed Won,2311061.24,100,2023-07-08,TND,EMP0013,2022-11-26,2311061.24,
OPP0057,ACC0197,Assistant IA BH,Closed Won,150638.83,100,2023-05-17,TND,EMP0135,2024-12-28,150638.83,
OPP0058,ACC0050,Integration ERP SNCFT,Proposal,1843403.34,50,2023-05-18,TND,EMP0023,2022-09-29,921701.67,
OPP0059,ACC0184,Digital Twin CNAM,Proposal,834542.95,50,2025-01-02,TND,EMP0103,2022-08-11,417271.47,
OPP0060,ACC0119,Deploiement Cloud Ministere,Negotiation,1538601.81,75,2023-06-12,TND,EMP0043,2022-07-28,1153951.36,
OPP0061,ACC0001,Deploiement Cloud CNSS,Prospecting,913856.35,10,2023-12-01,TND,EMP0109,2023-05-03,91385.63,
OPP0062,ACC0034,Data Platform Sfax,Closed Won,462623.09,100,2024-10-12,TND,EMP0089,2024-02-10,462623.09,
OPP0063,ACC0056,Cybersecurite BIAT,Prospecting,2177804.75,10,2024-01-25,TND,EMP0140,2023-08-31,217780.48,
OPP0064,ACC0152,Deploiement Cloud CIH,Proposal,678840.33,50,2024-06-25,TND,EMP0083,2022-04-08,339420.16,
OPP0065,ACC0076,Data Platform IBM,Qualification,304685.64,25,2025-03-21,TND,EMP0073,2022-04-19,76171.41,
OPP0066,ACC0053,Digital Twin Star,Qualification,1004939.95,25,2025-07-14,TND,EMP0137,2022-08-10,251234.99,
OPP0067,ACC0190,Migration SAP BIAT,Qualification,2115395.8,25,2025-08-06,TND,EMP0020,2022-01-29,528848.95,
OPP0068,ACC0126,Transformation Digitale Star,Qualification,195280.33,25,2023-07-08,TND,EMP0067,2024-11-29,48820.08,
OPP0069,ACC0147,Cybersecurite Microsoft,Negotiation,1517242.37,75,2023-12-18,TND,EMP0113,2023-04-24,1137931.78,
OPP0070,ACC0139,Accompagnement Agile Poulina,Negotiation,1656999.36,75,2024-04-19,TND,EMP0046,2023-10-15,1242749.52,
OPP0071,ACC0087,Data Platform CIH,Negotiation,2130909.38,75,2023-03-01,TND,EMP0006,2024-10-06,1598182.03,
OPP0072,ACC0104,Assistant IA BNA,Closed Lost,775274.86,0,2025-05-27,TND,EMP0016,2024-04-04,0,Price too high
OPP0073,ACC0104,Implementation CRM VERMEG,Negotiation,1919877.86,75,2024-04-28,TND,EMP0001,2024-02-10,1439908.4,
OPP0074,ACC0022,Transformation Digitale SNCFT,Closed Won,773742.09,100,2023-10-22,TND,EMP0090,2023-11-03,773742.09,
OPP0075,ACC0023,Transformation Digitale SNCFT,Closed Lost,1141734.84,0,2023-11-23,TND,EMP0086,2024-07-05,0,Price too high
OPP0076,ACC0104,Integration ERP IBM,Prospecting,559226.47,10,2024-06-26,TND,EMP0045,2022-05-29,55922.65,
OPP0077,ACC0084,Refonte Architecture SI Tunisie,Closed Won,1919671.56,100,2023-10-12,TND,EMP0011,2024-12-30,1919671.56,
OPP0078,ACC0061,Assistant IA BIAT,Closed Lost,1474081.93,0,2024-07-03,TND,EMP0005,2022-11-21,0,Project cancelled
OPP0079,ACC0085,Migration SAP OCP,Qualification,1189041.07,25,2023-03-19,TND,EMP0139,2024-06-06,297260.27,
OPP0080,ACC0130,Transformation Digitale Carthage,Closed Lost,1242358.38,0,2024-05-28,TND,EMP0087,2024-11-14,0,No budget
OPP0081,ACC0166,Refonte Architecture SI BIAT,Closed Won,155100.57,100,2023-05-16,TND,EMP0140,2024-11-05,155100.57,
OPP0082,ACC0178,Migration SAP Talan,Negotiation,493982.14,75,2023-03-15,TND,EMP0046,2023-04-27,370486.6,
OPP0083,ACC0115,Refonte Architecture SI BIAT,Closed Won,666707.61,100,2025-04-02,TND,EMP0048,2022-02-23,666707.61,
OPP0084,ACC0071,Implementation CRM Poulina,Closed Won,816188.69,100,2025-07-14,TND,EMP0017,2024-08-02,816188.69,
OPP0085,ACC0127,Refonte Architecture SI VERMEG,Negotiation,2074431.12,75,2025-12-25,TND,EMP0148,2024-06-12,1555823.34,
OPP0086,ACC0184,Digital Twin Ministere,Closed Won,2051958.83,100,2025-10-15,TND,EMP0148,2023-02-06,2051958.83,
OPP0087,ACC0165,Assistant IA SOMOCER,Negotiation,1757328.87,75,2023-03-20,TND,EMP0048,2023-05-02,1317996.65,
OPP0088,ACC0179,Accompagnement Agile IBM,Proposal,1791839.66,50,2023-04-17,TND,EMP0093,2024-03-10,895919.83,
OPP0089,ACC0176,Digital Twin BIAT,Negotiation,2324919.56,75,2024-11-10,TND,EMP0032,2022-12-10,1743689.67,
OPP0090,ACC0200,Transformation Digitale Ministere,Proposal,2147698.5,50,2023-12-27,TND,EMP0047,2024-12-08,1073849.25,
OPP0091,ACC0152,Accompagnement Agile IBM,Negotiation,1217186.9,75,2025-08-01,TND,EMP0076,2023-01-16,912890.18,
OPP0092,ACC0163,Deploiement Cloud Ooredoo,Closed Lost,1593380.15,0,2024-05-20,TND,EMP0057,2023-02-03,0,Project cancelled
OPP0093,ACC0088,Implementation CRM STB,Closed Won,1324340.07,100,2023-07-31,TND,EMP0084,2023-01-18,1324340.07,
OPP0094,ACC0185,Refonte Architecture SI Attijari,Closed Won,1463759.96,100,2024-11-22,TND,EMP0088,2024-03-07,1463759.96,
OPP0095,ACC0104,Implementation CRM SOMOCER,Qualification,2493572.5,25,2023-12-18,TND,EMP0095,2022-07-29,623393.12,
OPP0096,ACC0028,Accompagnement Agile STB,Qualification,2466076.18,25,2025-10-30,TND,EMP0126,2024-11-28,616519.05,
OPP0097,ACC0144,Accompagnement Agile Ooredoo,Proposal,704139.42,50,2025-03-02,TND,EMP0125,2023-08-12,352069.71,
OPP0098,ACC0002,Accompagnement Agile GCT,Proposal,1813722.06,50,2024-04-04,TND,EMP0031,2024-11-15,906861.03,
OPP0099,ACC0029,Digital Twin Orange,Closed Won,1340583.83,100,2023-06-02,TND,EMP0051,2024-12-04,1340583.83,
OPP0100,ACC0149,Data Platform Amen,Closed Lost,306068.64,0,2024-11-14,TND,EMP0023,2024-01-16,0,No decision
OPP0101,ACC0079,Audit Urbanisation SI TTS,Qualification,2278802.89,25,2025-03-18,TND,EMP0028,2023-11-01,569700.72,
OPP0102,ACC0028,Cybersecurite Talan,Proposal,771226.69,50,2024-02-19,TND,EMP0055,2024-05-09,385613.34,
OPP0103,ACC0025,Accompagnement Agile Orange,Negotiation,824191.39,75,2025-12-10,TND,EMP0082,2022-04-04,618143.54,
OPP0104,ACC0039,Cybersecurite IBM,Prospecting,436579.67,10,2024-06-28,TND,EMP0023,2022-03-14,43657.97,
OPP0105,ACC0117,Deploiement Cloud Leoni,Proposal,2499569.04,50,2023-12-30,TND,EMP0135,2024-08-26,1249784.52,
OPP0106,ACC0155,Deploiement Cloud Leoni,Closed Won,901571.78,100,2023-05-04,TND,EMP0093,2022-09-23,901571.78,
OPP0107,ACC0135,Implementation CRM Banque,Qualification,221487.49,25,2025-11-19,TND,EMP0036,2023-11-09,55371.87,
OPP0108,ACC0107,Refonte Architecture SI STB,Closed Won,667963.79,100,2025-05-26,TND,EMP0150,2024-11-03,667963.79,
OPP0109,ACC0138,Audit Urbanisation SI IBM,Negotiation,1217996.52,75,2025-07-10,TND,EMP0043,2022-10-11,913497.39,
OPP0110,ACC0131,Migration SAP Delice,Negotiation,939197.91,75,2024-11-22,TND,EMP0087,2024-05-14,704398.43,
OPP0111,ACC0183,Integration ERP TTS,Proposal,1129365.86,50,2024-10-11,TND,EMP0078,2022-09-01,564682.93,
OPP0112,ACC0086,Implementation CRM CNAM,Prospecting,647561.83,10,2025-05-26,TND,EMP0002,2022-03-22,64756.18,
OPP0113,ACC0079,Cybersecurite Sfax,Prospecting,1292427.51,10,2023-11-16,TND,EMP0060,2022-05-29,129242.75,
OPP0114,ACC0165,Cybersecurite Poulina,Qualification,1163608.11,25,2023-09-26,TND,EMP0018,2023-03-03,290902.03,
OPP0115,ACC0088,Digital Twin Delice,Prospecting,764712.53,10,2024-10-25,TND,EMP0109,2023-01-09,76471.25,
OPP0116,ACC0073,Data Platform Talan,Closed Lost,1139743.24,0,2023-07-25,TND,EMP0135,2024-02-24,0,Price too high
OPP0117,ACC0037,Assistant IA STB,Negotiation,2286218.41,75,2025-10-01,TND,EMP0113,2023-08-23,1714663.81,
OPP0118,ACC0039,Transformation Digitale OCP,Closed Lost,1457135.15,0,2025-04-26,TND,EMP0132,2022-12-10,0,No budget
OPP0119,ACC0054,Transformation Digitale Tunisair,Proposal,815355.93,50,2024-08-12,TND,EMP0045,2022-08-05,407677.97,
OPP0120,ACC0049,Accompagnement Agile Tunisair,Closed Lost,2407478.09,0,2023-10-01,TND,EMP0037,2022-01-15,0,No budget
OPP0121,ACC0160,Refonte Architecture SI SOMOCER,Closed Lost,1925168.65,0,2024-09-16,TND,EMP0003,2022-07-04,0,Competitor selected
OPP0122,ACC0107,Digital Twin BNA,Closed Won,1357493.91,100,2024-05-16,TND,EMP0142,2024-08-06,1357493.91,
OPP0123,ACC0137,Data Platform Delice,Proposal,413680.35,50,2023-02-19,TND,EMP0023,2024-07-22,206840.17,
OPP0124,ACC0090,Accompagnement Agile CNSS,Qualification,1592949.19,25,2024-01-06,TND,EMP0093,2023-06-29,398237.3,
OPP0125,ACC0098,Audit Urbanisation SI Sfax,Negotiation,718735.9,75,2023-10-05,TND,EMP0024,2024-11-12,539051.93,
OPP0126,ACC0098,Integration ERP Poulina,Closed Lost,2012739.01,0,2025-07-17,TND,EMP0141,2023-01-08,0,No decision
OPP0127,ACC0031,Assistant IA TTS,Closed Lost,1905543.26,0,2025-06-19,TND,EMP0056,2023-02-11,0,Price too high
OPP0128,ACC0145,Deploiement Cloud Tunisie,Negotiation,563852.87,75,2024-03-20,TND,EMP0045,2022-11-14,422889.65,
OPP0129,ACC0190,Deploiement Cloud Carthage,Closed Won,285825.31,100,2024-03-14,TND,EMP0110,2023-11-01,285825.31,
OPP0130,ACC0164,Refonte Architecture SI Microsoft,Closed Lost,455873.69,0,2023-06-04,TND,EMP0037,2023-04-30,0,No decision
OPP0131,ACC0168,Migration SAP UIB,Qualification,1838671.54,25,2024-10-27,TND,EMP0139,2023-02-21,459667.89,
OPP0132,ACC0069,Accompagnement Agile Ooredoo,Proposal,2450143.91,50,2024-09-22,TND,EMP0119,2024-10-06,1225071.96,
OPP0133,ACC0101,Audit Urbanisation SI Microsoft,Qualification,2349423.21,25,2023-11-27,TND,EMP0147,2023-11-13,587355.8,
OPP0134,ACC0148,Transformation Digitale Total,Proposal,846903.28,50,2024-06-03,TND,EMP0115,2024-06-17,423451.64,
OPP0135,ACC0147,Integration ERP Leoni,Prospecting,1146188.72,10,2024-01-18,TND,EMP0015,2023-11-10,114618.87,
OPP0136,ACC0195,Refonte Architecture SI Talan,Qualification,344304.45,25,2025-08-17,TND,EMP0084,2022-10-11,86076.11,
OPP0137,ACC0063,Migration SAP BH,Closed Won,1750530.71,100,2025-11-28,TND,EMP0026,2022-10-03,1750530.71,
OPP0138,ACC0187,Transformation Digitale Yazaki,Proposal,2338447.39,50,2025-03-24,TND,EMP0012,2023-06-28,1169223.7,
OPP0139,ACC0156,Migration SAP Sfax,Closed Won,1301951.5,100,2025-09-28,TND,EMP0054,2024-02-02,1301951.5,
OPP0140,ACC0092,Migration SAP SOMOCER,Closed Lost,325053.22,0,2025-11-19,TND,EMP0101,2022-05-05,0,Competitor selected
OPP0141,ACC0005,Assistant IA Amen,Prospecting,2195727.33,10,2024-02-18,TND,EMP0100,2022-06-17,219572.73,
OPP0142,ACC0029,Integration ERP Attijari,Closed Won,1238395.02,100,2024-10-18,TND,EMP0042,2023-03-07,1238395.02,
OPP0143,ACC0006,Data Platform SNCFT,Closed Lost,388566.7,0,2023-07-11,TND,EMP0090,2022-02-19,0,Competitor selected
OPP0144,ACC0051,Refonte Architecture SI Talan,Prospecting,1229027.78,10,2024-09-12,TND,EMP0131,2023-01-30,122902.78,
OPP0145,ACC0002,Audit Urbanisation SI BNA,Prospecting,387266.51,10,2024-02-07,TND,EMP0128,2022-07-10,38726.65,
OPP0146,ACC0038,Accompagnement Agile Tunisie,Closed Won,378215.38,100,2023-08-24,TND,EMP0039,2022-08-25,378215.38,
OPP0147,ACC0031,Audit Urbanisation SI CIH,Qualification,1903810.43,25,2023-11-19,TND,EMP0036,2022-04-20,475952.61,
OPP0148,ACC0030,Cybersecurite BIAT,Prospecting,1315941.38,10,2023-07-02,TND,EMP0034,2023-01-06,131594.14,
OPP0149,ACC0159,Implementation CRM Ministere,Prospecting,1251527.89,10,2023-09-05,TND,EMP0088,2024-12-19,125152.79,
OPP0150,ACC0051,Audit Urbanisation SI Sfax,Negotiation,601614.4,75,2024-05-24,TND,EMP0050,2024-06-02,451210.8,
OPP0151,ACC0054,Accompagnement Agile OCP,Negotiation,1812393,75,2024-11-21,TND,EMP0078,2024-12-02,1359294.75,
OPP0152,ACC0196,Refonte Architecture SI Ministere,Prospecting,1074629.63,10,2023-11-03,TND,EMP0073,2022-02-16,107462.96,
OPP0153,ACC0161,Integration ERP SOMOCER,Closed Won,2118138.27,100,2025-03-19,TND,EMP0148,2023-10-31,2118138.27,
OPP0154,ACC0153,Data Platform Tunisie,Qualification,1784087.59,25,2023-11-04,TND,EMP0050,2024-01-22,446021.9,
OPP0155,ACC0017,Refonte Architecture SI STB,Proposal,1542309.21,50,2025-02-18,TND,EMP0146,2023-12-09,771154.6,
OPP0156,ACC0005,Accompagnement Agile CNAM,Qualification,2061880.69,25,2025-10-13,TND,EMP0031,2022-10-18,515470.17,
OPP0157,ACC0109,Digital Twin Carthage,Proposal,325327.2,50,2024-01-26,TND,EMP0100,2023-09-21,162663.6,
OPP0158,ACC0007,Cybersecurite Ministere,Qualification,144214.8,25,2024-03-10,TND,EMP0040,2022-02-22,36053.7,
OPP0159,ACC0014,Migration SAP Sfax,Qualification,422499.99,25,2025-09-13,TND,EMP0042,2024-09-08,105625,
OPP0160,ACC0072,Implementation CRM Total,Qualification,1303169.86,25,2025-10-10,TND,EMP0016,2024-06-26,325792.47,
OPP0161,ACC0111,Accompagnement Agile GCT,Closed Lost,1581095.4,0,2023-06-24,TND,EMP0034,2022-09-17,0,No budget
OPP0162,ACC0167,Deploiement Cloud Ministere,Proposal,1769926.21,50,2025-12-23,TND,EMP0041,2022-01-16,884963.1,
OPP0163,ACC0009,Digital Twin Ministere,Qualification,1008416.65,25,2024-08-07,TND,EMP0093,2024-04-10,252104.16,
OPP0164,ACC0095,Transformation Digitale CIH,Negotiation,526687.78,75,2025-07-13,TND,EMP0095,2024-06-25,395015.84,
OPP0165,ACC0096,Transformation Digitale Leoni,Closed Won,102534.71,100,2024-12-13,TND,EMP0064,2023-05-30,102534.71,
OPP0166,ACC0036,Digital Twin Banque,Negotiation,196255.84,75,2023-08-06,TND,EMP0029,2022-04-01,147191.88,
OPP0167,ACC0197,Migration SAP Amen,Closed Won,2283202.71,100,2023-05-02,TND,EMP0007,2024-04-24,2283202.71,
OPP0168,ACC0026,Implementation CRM Ooredoo,Closed Won,2370031.39,100,2024-04-15,TND,EMP0024,2024-09-28,2370031.39,
OPP0169,ACC0133,Integration ERP BH,Qualification,2011113.65,25,2025-05-17,TND,EMP0094,2024-07-06,502778.41,
OPP0170,ACC0152,Data Platform Carthage,Prospecting,1338743.75,10,2023-10-31,TND,EMP0016,2024-08-07,133874.38,
OPP0171,ACC0131,Migration SAP GCT,Prospecting,2468046.95,10,2024-02-05,TND,EMP0064,2022-04-21,246804.7,
OPP0172,ACC0086,Data Platform CNSS,Negotiation,1054664.58,75,2024-04-14,TND,EMP0074,2024-01-10,790998.44,
OPP0173,ACC0126,Refonte Architecture SI CNSS,Closed Won,1451019.44,100,2024-07-18,TND,EMP0045,2022-08-22,1451019.44,
OPP0174,ACC0007,Audit Urbanisation SI STIIP,Closed Lost,2343982.55,0,2024-02-07,TND,EMP0137,2024-12-17,0,Competitor selected
OPP0175,ACC0115,Integration ERP TTS,Closed Lost,915130.33,0,2024-12-28,TND,EMP0128,2022-03-02,0,No decision
OPP0176,ACC0144,Deploiement Cloud SONEDE,Qualification,2027285.93,25,2023-09-04,TND,EMP0052,2024-04-04,506821.48,
OPP0177,ACC0066,Deploiement Cloud BIAT,Qualification,2388443.95,25,2025-06-19,TND,EMP0039,2022-06-11,597110.99,
OPP0178,ACC0135,Digital Twin CNSS,Proposal,650720.49,50,2023-05-12,TND,EMP0122,2022-02-08,325360.24,
OPP0179,ACC0069,Refonte Architecture SI STB,Prospecting,1692555.06,10,2023-04-28,TND,EMP0080,2023-11-08,169255.51,
OPP0180,ACC0194,Migration SAP Yazaki,Closed Lost,171111.78,0,2023-02-21,TND,EMP0125,2024-08-15,0,Price too high
OPP0181,ACC0010,Audit Urbanisation SI SPS,Prospecting,1696712.54,10,2024-05-31,TND,EMP0140,2022-05-20,169671.25,
OPP0182,ACC0147,Deploiement Cloud GCT,Closed Lost,345530.08,0,2024-07-06,TND,EMP0017,2023-10-11,0,Project cancelled
OPP0183,ACC0066,Accompagnement Agile UIB,Qualification,2133847.85,25,2023-03-28,TND,EMP0128,2024-03-19,533461.96,
OPP0184,ACC0127,Migration SAP Ministere,Closed Won,1784959.18,100,2025-12-19,TND,EMP0113,2022-09-04,1784959.18,
OPP0185,ACC0155,Data Platform Ooredoo,Negotiation,2003116.83,75,2025-02-21,TND,EMP0098,2022-07-23,1502337.62,
OPP0186,ACC0125,Assistant IA SNCFT,Qualification,2098682.54,25,2024-03-18,TND,EMP0147,2023-06-30,524670.64,
OPP0187,ACC0045,Deploiement Cloud BIAT,Qualification,2348779.51,25,2024-04-22,TND,EMP0132,2023-08-16,587194.88,
OPP0188,ACC0157,Refonte Architecture SI SPS,Closed Won,343042.19,100,2023-08-22,TND,EMP0068,2022-12-05,343042.19,
OPP0189,ACC0007,Accompagnement Agile Amen,Negotiation,783380.85,75,2023-10-13,TND,EMP0118,2022-12-18,587535.64,
OPP0190,ACC0106,Cybersecurite Carthage,Prospecting,736038.28,10,2023-07-02,TND,EMP0008,2023-06-16,73603.83,
OPP0191,ACC0061,Transformation Digitale Delice,Prospecting,1074229.94,10,2023-06-21,TND,EMP0029,2022-06-21,107422.99,
OPP0192,ACC0188,Implementation CRM Banque,Negotiation,184987.31,75,2023-02-15,TND,EMP0019,2024-03-28,138740.48,
OPP0193,ACC0137,Accompagnement Agile STEG,Proposal,773028.36,50,2024-09-14,TND,EMP0116,2023-12-31,386514.18,
OPP0194,ACC0189,Assistant IA Yazaki,Closed Won,730216.28,100,2025-11-16,TND,EMP0096,2024-06-15,730216.28,
OPP0195,ACC0016,Data Platform Orange,Prospecting,2427699.82,10,2023-12-20,TND,EMP0108,2024-08-29,242769.98,
OPP0196,ACC0171,Migration SAP STEG,Proposal,1085492.13,50,2025-08-27,TND,EMP0098,2022-06-24,542746.06,
OPP0197,ACC0024,Digital Twin Banque,Proposal,495213.63,50,2025-04-05,TND,EMP0128,2023-07-08,247606.82,
OPP0198,ACC0144,Cybersecurite Star,Qualification,902272.77,25,2025-05-17,TND,EMP0101,2024-09-04,225568.19,
OPP0199,ACC0069,Cybersecurite Delice,Closed Lost,2065047.46,0,2023-04-13,TND,EMP0031,2023-06-14,0,No decision
OPP0200,ACC0029,Deploiement Cloud Sfax,Prospecting,907813.35,10,2025-05-17,TND,EMP0142,2023-05-24,90781.34,
OPP0201,ACC0073,Audit Urbanisation SI IBM,Qualification,2387260.47,25,2025-09-25,TND,EMP0091,2022-08-08,596815.12,
OPP0202,ACC0047,Cybersecurite CNAM,Negotiation,1162559.78,75,2025-03-26,TND,EMP0108,2023-08-03,871919.83,
OPP0203,ACC0099,Implementation CRM STB,Closed Won,1508216,100,2025-02-09,TND,EMP0110,2022-02-22,1508216,
OPP0204,ACC0131,Assistant IA SONEDE,Proposal,2366826.85,50,2025-07-16,TND,EMP0003,2022-11-10,1183413.43,
OPP0205,ACC0027,Assistant IA Total,Closed Won,1863156.1,100,2024-11-23,TND,EMP0092,2023-05-13,1863156.1,
OPP0206,ACC0071,Refonte Architecture SI Microsoft,Closed Lost,2392051.06,0,2025-04-12,TND,EMP0147,2023-03-31,0,Competitor selected
OPP0207,ACC0103,Audit Urbanisation SI STEG,Proposal,2436006.09,50,2025-12-30,TND,EMP0036,2023-06-14,1218003.04,
OPP0208,ACC0039,Cybersecurite VERMEG,Negotiation,1318190.9,75,2025-09-09,TND,EMP0017,2022-07-02,988643.18,
OPP0209,ACC0055,Deploiement Cloud STEG,Proposal,686720.76,50,2023-06-01,TND,EMP0042,2023-02-23,343360.38,
OPP0210,ACC0028,Integration ERP SOMOCER,Closed Lost,1002637.3,0,2025-04-14,TND,EMP0105,2022-01-01,0,Competitor selected
OPP0211,ACC0064,Transformation Digitale Ooredoo,Proposal,1496404.97,50,2024-01-18,TND,EMP0131,2022-07-13,748202.48,
OPP0212,ACC0200,Audit Urbanisation SI Ministere,Negotiation,570983.92,75,2024-11-11,TND,EMP0072,2023-09-11,428237.94,
OPP0213,ACC0068,Digital Twin Ministere,Negotiation,146808.24,75,2023-10-24,TND,EMP0009,2023-01-31,110106.18,
OPP0214,ACC0071,Integration ERP Ministere,Closed Lost,243963.71,0,2024-08-15,TND,EMP0017,2024-08-20,0,No budget
OPP0215,ACC0192,Implementation CRM SNCFT,Closed Lost,2061031.01,0,2025-09-18,TND,EMP0138,2022-03-27,0,No budget
OPP0216,ACC0103,Deploiement Cloud SPS,Closed Won,1609999.68,100,2023-01-06,TND,EMP0021,2024-06-25,1609999.68,
OPP0217,ACC0133,Digital Twin Tunisie,Proposal,510538.27,50,2025-04-27,TND,EMP0048,2024-03-18,255269.14,
OPP0218,ACC0068,Accompagnement Agile TTS,Closed Lost,1966671.87,0,2025-02-10,TND,EMP0149,2024-03-21,0,No budget
OPP0219,ACC0080,Audit Urbanisation SI Ministere,Closed Lost,1143854.5,0,2025-06-20,TND,EMP0024,2023-11-02,0,No decision
OPP0220,ACC0081,Cybersecurite SPS,Proposal,1161107.1,50,2024-06-18,TND,EMP0035,2023-01-05,580553.55,
OPP0221,ACC0093,Accompagnement Agile IBM,Prospecting,472810.26,10,2025-09-05,TND,EMP0012,2023-12-21,47281.03,
OPP0222,ACC0122,Implementation CRM Total,Prospecting,2370456.96,10,2023-05-25,TND,EMP0016,2023-04-11,237045.7,
OPP0223,ACC0054,Digital Twin Delice,Closed Won,1319989.52,100,2025-03-19,TND,EMP0033,2022-07-24,1319989.52,
OPP0224,ACC0084,Digital Twin BIAT,Closed Won,1865781.98,100,2024-06-16,TND,EMP0002,2022-04-11,1865781.98,
OPP0225,ACC0035,Assistant IA UIB,Prospecting,1756759.19,10,2024-09-08,TND,EMP0076,2024-02-10,175675.92,
OPP0226,ACC0190,Transformation Digitale Talan,Negotiation,2444216.2,75,2024-07-15,TND,EMP0013,2023-11-01,1833162.15,
OPP0227,ACC0042,Assistant IA Attijari,Negotiation,435956.08,75,2024-06-20,TND,EMP0094,2024-09-30,326967.06,
OPP0228,ACC0138,Deploiement Cloud Ministere,Negotiation,2124120.03,75,2024-11-27,TND,EMP0079,2023-10-16,1593090.02,
OPP0229,ACC0130,Migration SAP OCP,Qualification,248886.43,25,2024-01-29,TND,EMP0095,2023-06-13,62221.61,
OPP0230,ACC0034,Implementation CRM TTS,Negotiation,2038057.89,75,2025-02-19,TND,EMP0075,2022-04-21,1528543.42,
OPP0231,ACC0162,Assistant IA UIB,Prospecting,1850972.46,10,2025-03-23,TND,EMP0014,2022-01-19,185097.25,
OPP0232,ACC0042,Cybersecurite GCT,Closed Lost,2116674.65,0,2025-05-21,TND,EMP0076,2023-01-06,0,Project cancelled
OPP0233,ACC0123,Audit Urbanisation SI Ooredoo,Negotiation,1703802.14,75,2025-05-26,TND,EMP0081,2022-05-18,1277851.6,
OPP0234,ACC0027,Migration SAP SONEDE,Negotiation,354413.83,75,2023-02-26,TND,EMP0026,2022-07-09,265810.37,
OPP0235,ACC0065,Implementation CRM Sfax,Proposal,2253031.41,50,2025-10-27,TND,EMP0138,2022-01-31,1126515.71,
OPP0236,ACC0151,Integration ERP STB,Prospecting,1368246.5,10,2025-08-29,TND,EMP0144,2022-09-19,136824.65,
OPP0237,ACC0045,Migration SAP Attijari,Qualification,2160059.8,25,2023-06-12,TND,EMP0004,2023-07-14,540014.95,
OPP0238,ACC0184,Data Platform Ooredoo,Negotiation,86330.96,75,2023-10-04,TND,EMP0109,2022-06-05,64748.22,
OPP0239,ACC0043,Refonte Architecture SI Sfax,Qualification,1395891.08,25,2023-08-16,TND,EMP0059,2024-09-07,348972.77,
OPP0240,ACC0111,Transformation Digitale Delice,Proposal,578452.79,50,2024-04-11,TND,EMP0137,2022-04-09,289226.4,
OPP0241,ACC0163,Audit Urbanisation SI Amen,Negotiation,1778385.07,75,2024-12-18,TND,EMP0132,2022-12-25,1333788.8,
OPP0242,ACC0032,Data Platform Leoni,Proposal,1171358.2,50,2023-09-19,TND,EMP0093,2023-07-04,585679.1,
OPP0243,ACC0174,Digital Twin Talan,Prospecting,1761839.77,10,2023-03-06,TND,EMP0095,2023-08-08,176183.98,
OPP0244,ACC0087,Integration ERP Microsoft,Closed Lost,1378456.51,0,2025-08-14,TND,EMP0020,2022-08-17,0,No budget
OPP0245,ACC0040,Digital Twin Ministere,Qualification,1175369.71,25,2024-02-01,TND,EMP0126,2022-06-23,293842.43,
OPP0246,ACC0199,Deploiement Cloud Leoni,Negotiation,1244382.06,75,2025-06-16,TND,EMP0076,2022-12-07,933286.55,
OPP0247,ACC0008,Transformation Digitale Tunisair,Negotiation,317207.27,75,2023-12-14,TND,EMP0019,2024-08-30,237905.45,
OPP0248,ACC0168,Digital Twin Microsoft,Proposal,730171.57,50,2023-01-26,TND,EMP0100,2023-05-21,365085.78,
OPP0249,ACC0085,Assistant IA Tunisair,Prospecting,1619032.21,10,2024-06-06,TND,EMP0059,2023-10-28,161903.22,
OPP0250,ACC0038,Digital Twin Ministere,Closed Lost,805054.32,0,2025-10-27,TND,EMP0059,2023-09-18,0,Price too high
OPP0251,ACC0180,Audit Urbanisation SI CIH,Prospecting,724846.58,10,2023-03-15,TND,EMP0102,2024-06-21,72484.66,
OPP0252,ACC0074,Transformation Digitale Amen,Negotiation,2079722.93,75,2025-10-31,TND,EMP0045,2023-07-26,1559792.2,
OPP0253,ACC0172,Accompagnement Agile Amen,Proposal,454430.84,50,2024-06-04,TND,EMP0014,2024-12-24,227215.42,
OPP0254,ACC0093,Audit Urbanisation SI Sfax,Qualification,594675.3,25,2025-12-31,TND,EMP0056,2024-07-11,148668.83,
OPP0255,ACC0004,Data Platform GCT,Closed Lost,1604814.39,0,2023-08-08,TND,EMP0032,2022-10-29,0,Price too high
OPP0256,ACC0129,Refonte Architecture SI SNCFT,Closed Won,2466752.29,100,2025-07-23,TND,EMP0146,2024-05-21,2466752.29,
OPP0257,ACC0132,Transformation Digitale Orange,Closed Won,462301.38,100,2025-12-16,TND,EMP0081,2024-09-12,462301.38,
OPP0258,ACC0123,Migration SAP BNA,Closed Won,1825027.59,100,2023-09-30,TND,EMP0036,2023-06-04,1825027.59,
OPP0259,ACC0010,Digital Twin Ministere,Negotiation,2246437.46,75,2024-04-21,TND,EMP0045,2023-07-03,1684828.09,
OPP0260,ACC0143,Audit Urbanisation SI Sfax,Qualification,2229099.93,25,2024-02-22,TND,EMP0061,2023-05-03,557274.98,
OPP0261,ACC0039,Integration ERP SPS,Closed Won,426998.69,100,2023-07-31,TND,EMP0041,2023-03-07,426998.69,
OPP0262,ACC0132,Integration ERP Orange,Qualification,1664635.72,25,2025-11-24,TND,EMP0032,2022-04-02,416158.93,
OPP0263,ACC0048,Audit Urbanisation SI Carthage,Prospecting,2260912.83,10,2023-01-31,TND,EMP0005,2022-05-10,226091.28,
OPP0264,ACC0099,Assistant IA OCP,Closed Lost,2219009.1,0,2025-12-05,TND,EMP0012,2022-03-03,0,No budget
OPP0265,ACC0184,Digital Twin Attijari,Closed Won,426798.82,100,2025-09-11,TND,EMP0022,2023-08-29,426798.82,
OPP0266,ACC0099,Deploiement Cloud Amen,Qualification,1729716.81,25,2025-02-02,TND,EMP0061,2023-08-16,432429.2,
OPP0267,ACC0165,Integration ERP STIIP,Proposal,1174979.82,50,2024-05-14,TND,EMP0071,2024-05-12,587489.91,
OPP0268,ACC0050,Implementation CRM GCT,Closed Won,2199421.97,100,2023-10-11,TND,EMP0081,2022-07-20,2199421.97,
OPP0269,ACC0051,Cybersecurite CNSS,Prospecting,2025338.64,10,2023-01-08,TND,EMP0104,2023-01-09,202533.86,
OPP0270,ACC0072,Audit Urbanisation SI IBM,Prospecting,2435575.55,10,2025-01-27,TND,EMP0020,2023-11-10,243557.55,
OPP0271,ACC0112,Assistant IA Talan,Prospecting,1196901.61,10,2023-04-05,TND,EMP0024,2022-06-01,119690.16,
OPP0272,ACC0095,Assistant IA VERMEG,Prospecting,2001429.05,10,2025-03-15,TND,EMP0058,2023-08-01,200142.9,
OPP0273,ACC0139,Transformation Digitale SNCFT,Prospecting,2037028.13,10,2025-07-04,TND,EMP0069,2024-08-19,203702.81,
OPP0274,ACC0158,Data Platform SONEDE,Prospecting,1318897.65,10,2025-12-06,TND,EMP0050,2024-05-30,131889.77,
OPP0275,ACC0076,Digital Twin Ministere,Negotiation,626366.46,75,2024-02-19,TND,EMP0146,2024-04-09,469774.84,
OPP0276,ACC0156,Cybersecurite VERMEG,Qualification,935623.99,25,2025-03-06,TND,EMP0139,2024-06-06,233906,
OPP0277,ACC0163,Refonte Architecture SI SONEDE,Closed Won,1286009.84,100,2025-12-01,TND,EMP0125,2022-05-29,1286009.84,
OPP0278,ACC0095,Accompagnement Agile CNSS,Proposal,1742274.69,50,2023-03-04,TND,EMP0020,2024-07-19,871137.34,
OPP0279,ACC0178,Cybersecurite TTS,Negotiation,1521109.36,75,2023-02-17,TND,EMP0023,2022-09-29,1140832.02,
OPP0280,ACC0117,Transformation Digitale UIB,Negotiation,308594.51,75,2025-01-04,TND,EMP0021,2022-01-12,231445.88,
OPP0281,ACC0036,Transformation Digitale STB,Closed Won,2496503.4,100,2025-01-24,TND,EMP0131,2023-10-06,2496503.4,
OPP0282,ACC0125,Deploiement Cloud STEG,Prospecting,1613835.16,10,2025-08-01,TND,EMP0036,2024-09-26,161383.52,
OPP0283,ACC0155,Transformation Digitale VERMEG,Proposal,1112516.89,50,2025-02-27,TND,EMP0142,2022-10-24,556258.44,
OPP0284,ACC0156,Accompagnement Agile Sfax,Proposal,934159.26,50,2023-07-08,TND,EMP0046,2022-11-30,467079.63,
OPP0285,ACC0086,Digital Twin UIB,Qualification,713019.5,25,2025-09-04,TND,EMP0068,2024-01-21,178254.88,
OPP0286,ACC0027,Accompagnement Agile CNAM,Proposal,383684.47,50,2023-09-28,TND,EMP0012,2023-10-16,191842.23,
OPP0287,ACC0033,Transformation Digitale IBM,Negotiation,382009.59,75,2025-11-01,TND,EMP0094,2024-10-14,286507.19,
OPP0288,ACC0188,Audit Urbanisation SI STB,Prospecting,1631999.44,10,2023-02-06,TND,EMP0057,2023-12-02,163199.94,
OPP0289,ACC0014,Cybersecurite Microsoft,Negotiation,2289554.2,75,2024-07-17,TND,EMP0035,2023-07-25,1717165.65,
OPP0290,ACC0129,Cybersecurite SNCFT,Negotiation,771608.62,75,2023-12-30,TND,EMP0072,2022-01-11,578706.46,
OPP0291,ACC0125,Assistant IA Banque,Prospecting,1608739.99,10,2023-07-02,TND,EMP0116,2023-05-08,160874,
OPP0292,ACC0108,Digital Twin Banque,Prospecting,1723390.24,10,2023-10-07,TND,EMP0139,2024-02-04,172339.02,
OPP0293,ACC0017,Assistant IA SPS,Prospecting,2159876.46,10,2025-09-13,TND,EMP0016,2022-07-07,215987.65,
OPP0294,ACC0001,Transformation Digitale CIH,Prospecting,960511.46,10,2025-01-31,TND,EMP0028,2022-06-26,96051.15,
OPP0295,ACC0110,Digital Twin CIH,Proposal,1400567.85,50,2024-01-16,TND,EMP0059,2024-06-21,700283.93,
OPP0296,ACC0052,Transformation Digitale Banque,Prospecting,1748542.67,10,2023-10-06,TND,EMP0111,2023-10-05,174854.27,
OPP0297,ACC0002,Data Platform BNA,Closed Lost,2102022.15,0,2023-01-31,TND,EMP0023,2024-10-29,0,No budget
OPP0298,ACC0144,Accompagnement Agile UIB,Closed Won,1183828.78,100,2024-10-01,TND,EMP0037,2024-12-04,1183828.78,
OPP0299,ACC0152,Integration ERP BNA,Negotiation,1653621.96,75,2025-04-26,TND,EMP0066,2023-07-26,1240216.47,
OPP0300,ACC0106,Deploiement Cloud SOMOCER,Negotiation,692607.81,75,2023-08-25,TND,EMP0052,2023-09-29,519455.86,
OPP0301,ACC0055,Integration ERP Banque,Closed Won,1608134.96,100,2023-06-19,TND,EMP0012,2022-11-11,1608134.96,
OPP0302,ACC0057,Cybersecurite Orange,Proposal,1124542.92,50,2025-04-05,TND,EMP0076,2023-03-13,562271.46,
OPP0303,ACC0113,Transformation Digitale Orange,Closed Lost,690806.6,0,2025-01-07,TND,EMP0039,2024-05-11,0,Project cancelled
OPP0304,ACC0104,Transformation Digitale BNA,Closed Won,1583129.57,100,2023-05-04,TND,EMP0110,2024-07-06,1583129.57,
OPP0305,ACC0184,Cybersecurite IBM,Qualification,1623008.14,25,2024-03-24,TND,EMP0129,2023-02-04,405752.03,
OPP0306,ACC0046,Transformation Digitale Star,Closed Won,651124.58,100,2024-09-13,TND,EMP0077,2024-04-11,651124.58,
OPP0307,ACC0085,Cybersecurite CNAM,Qualification,2043338,25,2023-04-08,TND,EMP0114,2023-07-21,510834.5,
OPP0308,ACC0101,Deploiement Cloud Sfax,Closed Lost,302395.11,0,2023-04-13,TND,EMP0091,2022-06-13,0,Project cancelled
OPP0309,ACC0041,Integration ERP Banque,Proposal,1682080.02,50,2025-03-24,TND,EMP0003,2022-03-11,841040.01,
OPP0310,ACC0197,Deploiement Cloud CNSS,Closed Won,636427.11,100,2024-11-13,TND,EMP0080,2022-02-26,636427.11,
OPP0311,ACC0060,Assistant IA VERMEG,Closed Lost,2425852.95,0,2023-07-28,TND,EMP0119,2024-11-05,0,No decision
OPP0312,ACC0154,Digital Twin STIIP,Negotiation,777209.96,75,2023-07-14,TND,EMP0076,2024-06-30,582907.47,
OPP0313,ACC0014,Audit Urbanisation SI Leoni,Closed Lost,295272.1,0,2025-03-07,TND,EMP0104,2024-01-30,0,No decision
OPP0314,ACC0069,Transformation Digitale Poulina,Qualification,1731012.78,25,2024-10-07,TND,EMP0022,2022-10-04,432753.2,
OPP0315,ACC0081,Audit Urbanisation SI BNA,Qualification,1649435.09,25,2025-06-15,TND,EMP0107,2022-04-14,412358.77,
OPP0316,ACC0029,Refonte Architecture SI SOMOCER,Prospecting,1022923.76,10,2024-10-16,TND,EMP0047,2023-12-12,102292.38,
OPP0317,ACC0113,Implementation CRM CNAM,Closed Lost,675666,0,2024-06-15,TND,EMP0012,2024-10-05,0,Price too high
OPP0318,ACC0181,Data Platform Total,Prospecting,2242673.42,10,2025-06-26,TND,EMP0141,2022-04-12,224267.34,
OPP0319,ACC0165,Deploiement Cloud Delice,Proposal,561800.96,50,2025-01-19,TND,EMP0017,2022-04-09,280900.48,
OPP0320,ACC0074,Transformation Digitale CNAM,Prospecting,956209.3,10,2025-03-15,TND,EMP0004,2023-02-21,95620.93,
OPP0321,ACC0001,Assistant IA UIB,Closed Lost,1859635.58,0,2023-08-31,TND,EMP0009,2023-03-16,0,Project cancelled
OPP0322,ACC0130,Implementation CRM Yazaki,Negotiation,1450698.4,75,2023-04-04,TND,EMP0077,2022-07-12,1088023.8,
OPP0323,ACC0158,Cybersecurite SOMOCER,Qualification,744974.23,25,2024-11-20,TND,EMP0063,2024-02-05,186243.56,
OPP0324,ACC0038,Refonte Architecture SI Carthage,Closed Lost,126008.76,0,2024-11-28,TND,EMP0009,2022-05-02,0,No decision
OPP0325,ACC0146,Integration ERP OCP,Negotiation,1124985.7,75,2025-09-24,TND,EMP0110,2022-05-01,843739.28,
OPP0326,ACC0184,Refonte Architecture SI VERMEG,Prospecting,1346082.09,10,2025-03-03,TND,EMP0062,2024-09-07,134608.21,
OPP0327,ACC0178,Audit Urbanisation SI CNSS,Closed Won,1921994.03,100,2024-06-30,TND,EMP0146,2023-08-15,1921994.03,
OPP0328,ACC0058,Transformation Digitale Ministere,Proposal,468664.1,50,2025-02-06,TND,EMP0118,2024-02-12,234332.05,
OPP0329,ACC0084,Digital Twin Attijari,Qualification,853899.44,25,2024-11-15,TND,EMP0090,2022-01-23,213474.86,
OPP0330,ACC0055,Data Platform STIIP,Prospecting,2472013.56,10,2025-10-07,TND,EMP0101,2023-01-12,247201.36,
OPP0331,ACC0118,Transformation Digitale Banque,Proposal,374525.71,50,2023-08-05,TND,EMP0048,2022-11-03,187262.86,
OPP0332,ACC0079,Cybersecurite OCP,Qualification,1946384.57,25,2024-03-29,TND,EMP0009,2022-03-23,486596.14,
OPP0333,ACC0174,Migration SAP Attijari,Closed Lost,1131315.97,0,2025-05-13,TND,EMP0139,2024-04-27,0,No decision
OPP0334,ACC0063,Cybersecurite CIH,Closed Won,1818626.23,100,2024-06-02,TND,EMP0030,2022-07-01,1818626.23,
OPP0335,ACC0114,Deploiement Cloud Ministere,Negotiation,1908457.76,75,2025-03-15,TND,EMP0002,2023-07-31,1431343.32,
OPP0336,ACC0117,Refonte Architecture SI Ministere,Closed Lost,2357203.95,0,2024-11-16,TND,EMP0145,2023-01-17,0,No budget
OPP0337,ACC0152,Refonte Architecture SI Microsoft,Prospecting,1147812.7,10,2023-12-17,TND,EMP0012,2023-04-18,114781.27,
OPP0338,ACC0172,Assistant IA BIAT,Qualification,462373.96,25,2025-05-08,TND,EMP0037,2024-07-26,115593.49,
OPP0339,ACC0134,Refonte Architecture SI Total,Proposal,1439977.5,50,2024-12-25,TND,EMP0119,2022-02-20,719988.75,
OPP0340,ACC0001,Cybersecurite Tunisair,Closed Lost,319699.68,0,2023-09-16,TND,EMP0089,2022-11-28,0,Project cancelled
OPP0341,ACC0047,Audit Urbanisation SI GCT,Qualification,417685.04,25,2023-01-13,TND,EMP0044,2022-07-22,104421.26,
OPP0342,ACC0018,Accompagnement Agile STEG,Closed Lost,666566.73,0,2023-12-17,TND,EMP0126,2022-01-09,0,No decision
OPP0343,ACC0145,Assistant IA Microsoft,Closed Lost,2278631.57,0,2025-01-19,TND,EMP0029,2024-10-27,0,No budget
OPP0344,ACC0138,Data Platform SPS,Negotiation,1797695.46,75,2024-03-09,TND,EMP0021,2023-10-03,1348271.59,
OPP0345,ACC0177,Implementation CRM STIIP,Closed Won,232306.42,100,2025-08-07,TND,EMP0025,2024-02-21,232306.42,
OPP0346,ACC0012,Digital Twin STEG,Closed Won,1781740.98,100,2025-11-24,TND,EMP0123,2024-12-31,1781740.98,
OPP0347,ACC0018,Integration ERP Orange,Closed Lost,1786042.01,0,2024-03-18,TND,EMP0149,2024-09-09,0,Price too high
OPP0348,ACC0071,Deploiement Cloud IBM,Qualification,1370572.26,25,2025-11-08,TND,EMP0025,2024-11-18,342643.07,
OPP0349,ACC0185,Digital Twin SONEDE,Qualification,953236.01,25,2023-12-11,TND,EMP0046,2023-03-14,238309,
OPP0350,ACC0138,Implementation CRM TTS,Closed Won,1913925.92,100,2024-08-26,TND,EMP0040,2022-05-02,1913925.92,
OPP0351,ACC0072,Migration SAP SNCFT,Proposal,1193255.46,50,2023-07-01,TND,EMP0055,2022-09-27,596627.73,
OPP0352,ACC0192,Implementation CRM Amen,Closed Lost,1874723.77,0,2025-12-10,TND,EMP0093,2023-02-06,0,Competitor selected
OPP0353,ACC0173,Implementation CRM Poulina,Closed Lost,778097.93,0,2023-01-21,TND,EMP0054,2022-04-14,0,Project cancelled
OPP0354,ACC0057,Assistant IA Amen,Proposal,2337682.64,50,2023-11-02,TND,EMP0128,2024-01-06,1168841.32,
OPP0355,ACC0063,Digital Twin Tunisie,Qualification,697183.3,25,2023-07-31,TND,EMP0034,2024-10-27,174295.83,
OPP0356,ACC0086,Accompagnement Agile Talan,Prospecting,1113333.09,10,2025-05-05,TND,EMP0051,2022-01-06,111333.31,
OPP0357,ACC0089,Deploiement Cloud Attijari,Closed Lost,1793157.54,0,2023-04-28,TND,EMP0092,2024-03-25,0,Price too high
OPP0358,ACC0157,Cybersecurite Attijari,Closed Won,908505.99,100,2023-07-16,TND,EMP0006,2022-11-28,908505.99,
OPP0359,ACC0107,Assistant IA Talan,Closed Won,341320.74,100,2023-07-03,TND,EMP0011,2022-11-22,341320.74,
OPP0360,ACC0056,Transformation Digitale SPS,Closed Won,1725621.01,100,2025-12-23,TND,EMP0139,2023-07-20,1725621.01,
OPP0361,ACC0101,Cybersecurite Poulina,Prospecting,1424965.7,10,2025-03-03,TND,EMP0052,2022-08-31,142496.57,
OPP0362,ACC0004,Deploiement Cloud IBM,Negotiation,1915040.61,75,2025-09-24,TND,EMP0095,2024-05-05,1436280.46,
OPP0363,ACC0193,Transformation Digitale Orange,Negotiation,1641284.44,75,2025-08-01,TND,EMP0101,2022-11-10,1230963.33,
OPP0364,ACC0101,Audit Urbanisation SI UIB,Prospecting,2176987.52,10,2025-11-14,TND,EMP0149,2023-08-11,217698.75,
OPP0365,ACC0168,Assistant IA CNSS,Proposal,1690596.5,50,2024-09-07,TND,EMP0101,2023-02-07,845298.25,
OPP0366,ACC0155,Refonte Architecture SI Tunisair,Closed Lost,96689.4,0,2024-09-19,TND,EMP0089,2022-01-18,0,Price too high
OPP0367,ACC0043,Cybersecurite Ministere,Proposal,414992.59,50,2025-02-10,TND,EMP0044,2024-02-29,207496.3,
OPP0368,ACC0031,Migration SAP Tunisie,Qualification,702805.96,25,2025-06-07,TND,EMP0066,2023-03-20,175701.49,
OPP0369,ACC0190,Data Platform Poulina,Negotiation,2396422.84,75,2023-10-09,TND,EMP0039,2022-07-27,1797317.13,
OPP0370,ACC0132,Deploiement Cloud Orange,Closed Lost,1532591.61,0,2025-11-20,TND,EMP0026,2024-04-14,0,Project cancelled
OPP0371,ACC0186,Digital Twin Tunisair,Qualification,926352.28,25,2024-05-06,TND,EMP0147,2024-02-18,231588.07,
OPP0372,ACC0052,Accompagnement Agile Carthage,Proposal,831345.3,50,2024-03-27,TND,EMP0073,2024-08-01,415672.65,
OPP0373,ACC0171,Integration ERP Ooredoo,Qualification,138423.14,25,2025-01-18,TND,EMP0058,2023-05-18,34605.79,
OPP0374,ACC0009,Digital Twin Orange,Proposal,1720317.19,50,2024-02-19,TND,EMP0094,2024-12-19,860158.59,
OPP0375,ACC0008,Transformation Digitale Total,Negotiation,1621723.55,75,2025-04-10,TND,EMP0120,2024-03-10,1216292.66,
OPP0376,ACC0128,Audit Urbanisation SI Carthage,Closed Lost,1186162.54,0,2024-07-04,TND,EMP0069,2023-11-19,0,Competitor selected
OPP0377,ACC0062,Transformation Digitale SPS,Qualification,1277095.45,25,2025-01-08,TND,EMP0070,2024-03-15,319273.86,
OPP0378,ACC0098,Migration SAP Banque,Negotiation,338789.92,75,2025-10-26,TND,EMP0072,2022-09-17,254092.44,
OPP0379,ACC0088,Implementation CRM Carthage,Prospecting,557452.19,10,2023-12-29,TND,EMP0003,2023-11-12,55745.22,
OPP0380,ACC0131,Accompagnement Agile CNSS,Closed Won,174425.79,100,2024-09-19,TND,EMP0103,2022-10-20,174425.79,
OPP0381,ACC0148,Deploiement Cloud CNAM,Proposal,1651038.2,50,2025-01-30,TND,EMP0115,2023-01-08,825519.1,
OPP0382,ACC0004,Accompagnement Agile CNSS,Prospecting,751917.19,10,2024-05-05,TND,EMP0095,2022-09-01,75191.72,
OPP0383,ACC0099,Cybersecurite BH,Proposal,478469.76,50,2024-01-07,TND,EMP0068,2023-02-05,239234.88,
OPP0384,ACC0107,Cybersecurite CNSS,Qualification,2487467.9,25,2023-11-19,TND,EMP0080,2023-03-14,621866.97,
OPP0385,ACC0116,Audit Urbanisation SI OCP,Closed Lost,1175005.45,0,2023-04-25,TND,EMP0118,2023-04-08,0,No budget
OPP0386,ACC0008,Audit Urbanisation SI Sfax,Prospecting,425583.86,10,2023-02-07,TND,EMP0092,2022-12-09,42558.39,
OPP0387,ACC0021,Assistant IA Delice,Qualification,381161.65,25,2023-09-04,TND,EMP0143,2023-07-30,95290.41,
OPP0388,ACC0054,Cybersecurite GCT,Proposal,1840871.75,50,2023-11-17,TND,EMP0046,2024-06-05,920435.88,
OPP0389,ACC0067,Audit Urbanisation SI SOMOCER,Closed Won,1645760.32,100,2025-08-01,TND,EMP0128,2023-02-02,1645760.32,
OPP0390,ACC0166,Cybersecurite STB,Closed Lost,696514.72,0,2023-12-02,TND,EMP0038,2023-04-01,0,Price too high
OPP0391,ACC0116,Data Platform OCP,Negotiation,918692.41,75,2025-08-05,TND,EMP0083,2024-04-12,689019.31,
OPP0392,ACC0120,Implementation CRM TTS,Qualification,1797268.42,25,2024-02-04,TND,EMP0016,2022-04-06,449317.1,
OPP0393,ACC0040,Refonte Architecture SI Tunisie,Closed Lost,800085.11,0,2025-01-01,TND,EMP0095,2023-10-29,0,Price too high
OPP0394,ACC0169,Data Platform STEG,Closed Lost,1091823.89,0,2025-11-29,TND,EMP0039,2024-09-17,0,Competitor selected
OPP0395,ACC0187,Deploiement Cloud CIH,Closed Lost,841375.62,0,2023-12-31,TND,EMP0082,2024-08-06,0,No budget
OPP0396,ACC0031,Refonte Architecture SI Total,Closed Lost,1612980.13,0,2024-02-04,TND,EMP0059,2022-09-10,0,Price too high
OPP0397,ACC0136,Assistant IA Amen,Qualification,196823.61,25,2025-03-26,TND,EMP0009,2023-02-11,49205.9,
OPP0398,ACC0097,Assistant IA Attijari,Prospecting,1258017.04,10,2024-02-10,TND,EMP0133,2024-03-11,125801.7,
OPP0399,ACC0154,Transformation Digitale TTS,Qualification,526654.31,25,2023-02-24,TND,EMP0089,2022-09-19,131663.58,
OPP0400,ACC0158,Audit Urbanisation SI SPS,Closed Lost,2238158.86,0,2025-02-03,TND,EMP0038,2022-12-13,0,Competitor selected
OPP0401,ACC0059,Cybersecurite CNAM,Qualification,210840.87,25,2025-06-25,TND,EMP0094,2024-08-28,52710.22,
OPP0402,ACC0091,Accompagnement Agile Poulina,Closed Lost,1627015.2,0,2024-03-30,TND,EMP0110,2022-06-28,0,Project cancelled
OPP0403,ACC0009,Implementation CRM CIH,Closed Won,100887.5,100,2024-12-17,TND,EMP0013,2024-07-29,100887.5,
OPP0404,ACC0048,Accompagnement Agile STEG,Prospecting,1152100.62,10,2025-11-13,TND,EMP0031,2024-11-01,115210.06,
OPP0405,ACC0098,Data Platform Carthage,Qualification,747249.87,25,2024-02-14,TND,EMP0032,2022-11-16,186812.47,
OPP0406,ACC0091,Digital Twin CNAM,Negotiation,2128611.63,75,2023-07-24,TND,EMP0127,2024-06-09,1596458.72,
OPP0407,ACC0137,Implementation CRM GCT,Closed Lost,219985.51,0,2024-06-20,TND,EMP0084,2024-06-25,0,Competitor selected
OPP0408,ACC0038,Refonte Architecture SI Star,Proposal,2370928.38,50,2023-09-26,TND,EMP0040,2022-10-18,1185464.19,
OPP0409,ACC0005,Migration SAP Orange,Qualification,1973704.87,25,2025-11-07,TND,EMP0040,2023-12-10,493426.22,
OPP0410,ACC0184,Deploiement Cloud Poulina,Closed Won,1938217.71,100,2023-11-12,TND,EMP0091,2024-04-09,1938217.71,
OPP0411,ACC0047,Audit Urbanisation SI Orange,Prospecting,259069.43,10,2025-02-11,TND,EMP0013,2024-03-08,25906.94,
OPP0412,ACC0063,Implementation CRM Ministere,Qualification,2030156.09,25,2025-09-07,TND,EMP0070,2024-03-23,507539.02,
OPP0413,ACC0071,Integration ERP OCP,Closed Lost,1022356.65,0,2025-10-04,TND,EMP0081,2023-04-15,0,Competitor selected
OPP0414,ACC0198,Accompagnement Agile Ministere,Closed Won,1982862.05,100,2024-09-16,TND,EMP0019,2023-03-27,1982862.05,
OPP0415,ACC0103,Assistant IA VERMEG,Negotiation,496232.56,75,2023-12-24,TND,EMP0059,2024-08-27,372174.42,
OPP0416,ACC0099,Deploiement Cloud BH,Closed Lost,171174.89,0,2025-01-18,TND,EMP0122,2022-04-03,0,No decision
OPP0417,ACC0065,Data Platform Yazaki,Proposal,654597.13,50,2024-10-14,TND,EMP0018,2024-01-25,327298.57,
OPP0418,ACC0185,Data Platform Orange,Prospecting,1776256.32,10,2025-05-26,TND,EMP0088,2023-11-07,177625.63,
OPP0419,ACC0005,Cybersecurite UIB,Negotiation,1723954.61,75,2024-07-10,TND,EMP0055,2023-10-20,1292965.96,
OPP0420,ACC0092,Cybersecurite Tunisair,Negotiation,1413580.03,75,2025-10-14,TND,EMP0001,2022-10-08,1060185.02,
OPP0421,ACC0044,Cybersecurite CNSS,Prospecting,1081151.25,10,2024-06-03,TND,EMP0019,2024-10-13,108115.12,
OPP0422,ACC0187,Refonte Architecture SI CIH,Prospecting,200894.71,10,2023-10-06,TND,EMP0052,2023-05-14,20089.47,
OPP0423,ACC0159,Deploiement Cloud IBM,Closed Lost,1448988.69,0,2025-05-30,TND,EMP0117,2024-04-11,0,Price too high
OPP0424,ACC0122,Cybersecurite Attijari,Prospecting,2176444.35,10,2025-12-07,TND,EMP0126,2024-09-17,217644.43,
OPP0425,ACC0155,Cybersecurite Poulina,Qualification,491166.57,25,2023-06-13,TND,EMP0100,2022-02-27,122791.64,
OPP0426,ACC0179,Cybersecurite Amen,Negotiation,767323.66,75,2024-11-25,TND,EMP0054,2023-09-25,575492.74,
OPP0427,ACC0155,Integration ERP Sfax,Qualification,672838.36,25,2023-08-25,TND,EMP0049,2022-03-05,168209.59,
OPP0428,ACC0047,Digital Twin Orange,Closed Won,1109451.75,100,2024-11-16,TND,EMP0041,2022-09-05,1109451.75,
OPP0429,ACC0091,Transformation Digitale GCT,Closed Won,1508680.53,100,2023-05-22,TND,EMP0097,2023-07-12,1508680.53,
OPP0430,ACC0073,Migration SAP Banque,Proposal,1026485.91,50,2025-07-23,TND,EMP0001,2022-10-15,513242.96,
OPP0431,ACC0102,Assistant IA VERMEG,Negotiation,588279.64,75,2025-08-08,TND,EMP0112,2024-10-13,441209.73,
OPP0432,ACC0147,Transformation Digitale Sfax,Negotiation,1409774.97,75,2024-09-01,TND,EMP0023,2024-05-09,1057331.23,
OPP0433,ACC0089,Accompagnement Agile SPS,Qualification,1823843.39,25,2025-02-28,TND,EMP0085,2022-03-09,455960.85,
OPP0434,ACC0063,Refonte Architecture SI SOMOCER,Prospecting,1795442,10,2025-04-12,TND,EMP0121,2023-02-12,179544.2,
OPP0435,ACC0070,Accompagnement Agile Ooredoo,Prospecting,1379486.47,10,2025-03-01,TND,EMP0113,2022-06-11,137948.65,
OPP0436,ACC0036,Migration SAP Amen,Prospecting,1086433.88,10,2025-01-03,TND,EMP0013,2024-01-30,108643.39,
OPP0437,ACC0185,Assistant IA IBM,Closed Won,734490.93,100,2025-08-12,TND,EMP0029,2022-11-27,734490.93,
OPP0438,ACC0119,Refonte Architecture SI SOMOCER,Closed Won,787168.79,100,2023-11-26,TND,EMP0061,2022-06-10,787168.79,
OPP0439,ACC0135,Audit Urbanisation SI Banque,Proposal,1589588.4,50,2024-08-16,TND,EMP0073,2024-04-27,794794.2,
OPP0440,ACC0064,Digital Twin VERMEG,Closed Lost,634670.8,0,2025-06-09,TND,EMP0075,2023-03-30,0,No budget
OPP0441,ACC0019,Deploiement Cloud STEG,Proposal,1111384.56,50,2024-06-11,TND,EMP0063,2023-05-12,555692.28,
OPP0442,ACC0071,Integration ERP BIAT,Closed Lost,1086263.32,0,2024-06-13,TND,EMP0070,2024-04-19,0,Project cancelled
OPP0443,ACC0135,Transformation Digitale Yazaki,Proposal,933840.79,50,2023-02-05,TND,EMP0085,2024-10-22,466920.4,
OPP0444,ACC0155,Assistant IA Sfax,Negotiation,2288258.64,75,2023-09-20,TND,EMP0137,2024-12-05,1716193.98,
OPP0445,ACC0026,Migration SAP Leoni,Closed Won,848249.5,100,2024-07-06,TND,EMP0003,2024-07-01,848249.5,
OPP0446,ACC0177,Data Platform Ooredoo,Qualification,895726.34,25,2023-05-06,TND,EMP0012,2024-09-07,223931.58,
OPP0447,ACC0133,Integration ERP BIAT,Proposal,179320.71,50,2024-09-09,TND,EMP0106,2024-01-29,89660.35,
OPP0448,ACC0150,Deploiement Cloud Poulina,Proposal,1180690.16,50,2025-08-25,TND,EMP0003,2022-03-29,590345.08,
OPP0449,ACC0146,Assistant IA UIB,Proposal,95980.15,50,2024-07-23,TND,EMP0017,2022-10-31,47990.07,
OPP0450,ACC0146,Transformation Digitale VERMEG,Closed Lost,752987.81,0,2024-04-02,TND,EMP0092,2022-08-07,0,No decision
OPP0451,ACC0053,Migration SAP SNCFT,Qualification,238710.47,25,2023-08-24,TND,EMP0092,2024-12-18,59677.62,
OPP0452,ACC0049,Deploiement Cloud Poulina,Closed Lost,1016636.22,0,2025-03-13,TND,EMP0121,2022-01-05,0,Competitor selected
OPP0453,ACC0021,Data Platform Ministere,Closed Won,2069213.69,100,2025-05-31,TND,EMP0093,2023-09-04,2069213.69,
OPP0454,ACC0179,Deploiement Cloud STIIP,Qualification,1854292.12,25,2024-06-15,TND,EMP0022,2022-05-29,463573.03,
OPP0455,ACC0013,Digital Twin Tunisie,Qualification,1505688.59,25,2025-01-29,TND,EMP0049,2024-04-14,376422.15,
OPP0456,ACC0009,Refonte Architecture SI Delice,Qualification,822292.91,25,2023-10-05,TND,EMP0075,2023-01-11,205573.23,
OPP0457,ACC0054,Implementation CRM IBM,Proposal,2244874.49,50,2025-04-12,TND,EMP0116,2024-05-01,1122437.25,
OPP0458,ACC0139,Cybersecurite Ministere,Closed Won,874119.93,100,2025-03-22,TND,EMP0081,2022-10-16,874119.93,
OPP0459,ACC0098,Migration SAP IBM,Closed Won,2315061.05,100,2024-07-28,TND,EMP0023,2024-09-24,2315061.05,
OPP0460,ACC0017,Audit Urbanisation SI BIAT,Negotiation,877284.87,75,2024-08-08,TND,EMP0010,2023-09-11,657963.65,
OPP0461,ACC0015,Assistant IA STB,Qualification,508006.57,25,2024-10-14,TND,EMP0094,2022-04-07,127001.64,
OPP0462,ACC0144,Integration ERP CNSS,Qualification,514366.93,25,2023-11-28,TND,EMP0047,2024-07-07,128591.73,
OPP0463,ACC0051,Data Platform Orange,Proposal,829649.6,50,2023-11-23,TND,EMP0040,2023-04-24,414824.8,
OPP0464,ACC0005,Accompagnement Agile Star,Prospecting,1388701.81,10,2023-10-07,TND,EMP0028,2023-03-18,138870.18,
OPP0465,ACC0059,Deploiement Cloud Poulina,Qualification,1653176.96,25,2023-01-21,TND,EMP0105,2024-08-17,413294.24,
OPP0466,ACC0188,Integration ERP Talan,Negotiation,1549594.13,75,2023-05-19,TND,EMP0094,2022-01-22,1162195.6,
OPP0467,ACC0037,Implementation CRM TTS,Negotiation,1977782.32,75,2025-05-24,TND,EMP0081,2023-05-26,1483336.74,
OPP0468,ACC0045,Integration ERP BNA,Closed Lost,427605.55,0,2023-04-27,TND,EMP0021,2022-12-21,0,Project cancelled
OPP0469,ACC0125,Transformation Digitale Carthage,Qualification,1179948.17,25,2024-06-13,TND,EMP0070,2022-09-27,294987.04,
OPP0470,ACC0139,Assistant IA Tunisair,Prospecting,1527667.31,10,2023-09-18,TND,EMP0149,2022-02-03,152766.73,
OPP0471,ACC0184,Refonte Architecture SI BIAT,Prospecting,388083.4,10,2025-07-19,TND,EMP0034,2023-08-23,38808.34,
OPP0472,ACC0015,Implementation CRM Ooredoo,Prospecting,252430.35,10,2025-02-03,TND,EMP0067,2024-08-05,25243.03,
OPP0473,ACC0122,Integration ERP CNAM,Closed Lost,1031124.23,0,2023-07-28,TND,EMP0106,2022-08-05,0,No budget
OPP0474,ACC0068,Refonte Architecture SI SONEDE,Closed Won,1748500.94,100,2024-01-10,TND,EMP0139,2023-04-11,1748500.94,
OPP0475,ACC0040,Accompagnement Agile Poulina,Closed Won,1812051.67,100,2025-06-21,TND,EMP0017,2023-01-04,1812051.67,
OPP0476,ACC0154,Accompagnement Agile Talan,Qualification,918894.54,25,2024-10-10,TND,EMP0137,2023-08-01,229723.64,
OPP0477,ACC0130,Accompagnement Agile OCP,Closed Lost,2048763,0,2024-06-05,TND,EMP0049,2024-07-13,0,Project cancelled
OPP0478,ACC0048,Assistant IA BH,Closed Won,1782622.58,100,2023-06-06,TND,EMP0013,2022-09-02,1782622.58,
OPP0479,ACC0132,Data Platform Orange,Closed Won,93901.36,100,2025-07-26,TND,EMP0142,2024-05-01,93901.36,
OPP0480,ACC0172,Implementation CRM CIH,Closed Lost,767634.57,0,2023-04-13,TND,EMP0125,2023-08-20,0,Project cancelled
OPP0481,ACC0162,Audit Urbanisation SI BNA,Closed Lost,258034.82,0,2023-03-15,TND,EMP0065,2023-12-28,0,Price too high
OPP0482,ACC0189,Cybersecurite VERMEG,Qualification,737097.06,25,2024-10-13,TND,EMP0045,2022-10-19,184274.27,
OPP0483,ACC0192,Cybersecurite SOMOCER,Negotiation,680396.48,75,2025-03-05,TND,EMP0117,2023-01-08,510297.36,
OPP0484,ACC0093,Digital Twin Star,Qualification,697710.59,25,2023-02-13,TND,EMP0097,2022-12-27,174427.65,
OPP0485,ACC0176,Migration SAP Banque,Negotiation,1648769.95,75,2024-10-18,TND,EMP0050,2023-02-04,1236577.46,
OPP0486,ACC0178,Deploiement Cloud Attijari,Closed Lost,2322153.46,0,2023-01-04,TND,EMP0076,2023-09-11,0,No budget
OPP0487,ACC0079,Transformation Digitale BH,Negotiation,2488428.19,75,2023-02-07,TND,EMP0119,2022-02-12,1866321.14,
OPP0488,ACC0096,Assistant IA Total,Qualification,589493.55,25,2023-01-22,TND,EMP0081,2023-01-24,147373.39,
OPP0489,ACC0128,Cybersecurite IBM,Closed Lost,530576.63,0,2025-07-06,TND,EMP0054,2022-11-24,0,Competitor selected
OPP0490,ACC0107,Migration SAP Sfax,Closed Won,1646695.68,100,2024-10-10,TND,EMP0128,2024-08-29,1646695.68,
OPP0491,ACC0041,Accompagnement Agile Delice,Proposal,1592995.52,50,2023-12-16,TND,EMP0021,2024-03-28,796497.76,
OPP0492,ACC0037,Data Platform Tunisie,Proposal,1761355.5,50,2023-06-21,TND,EMP0147,2022-11-19,880677.75,
OPP0493,ACC0030,Accompagnement Agile SPS,Qualification,482382.9,25,2024-08-08,TND,EMP0106,2023-03-24,120595.73,
OPP0494,ACC0152,Integration ERP CNAM,Prospecting,1808772.27,10,2023-11-07,TND,EMP0149,2024-04-03,180877.23,
OPP0495,ACC0063,Assistant IA Talan,Qualification,1491062.84,25,2025-06-11,TND,EMP0045,2023-08-31,372765.71,
OPP0496,ACC0011,Cybersecurite BIAT,Closed Lost,1244766.46,0,2024-01-04,TND,EMP0067,2024-11-19,0,Price too high
OPP0497,ACC0025,Transformation Digitale Ministere,Prospecting,965400.78,10,2024-11-26,TND,EMP0058,2022-03-24,96540.08,
OPP0498,ACC0147,Assistant IA Ministere,Prospecting,1170288.53,10,2024-07-12,TND,EMP0022,2022-12-29,117028.85,
OPP0499,ACC0045,Refonte Architecture SI SOMOCER,Qualification,1354064.11,25,2023-07-13,TND,EMP0131,2022-08-19,338516.03,
OPP0500,ACC0138,Transformation Digitale Banque,Closed Lost,1764473.26,0,2025-02-01,TND,EMP0138,2024-10-19,0,Price too high
