  erp_payments  ·  800 lignes  ·  8 colonnes,Unnamed: 1,Unnamed: 2,Unnamed: 3,Unnamed: 4,Unnamed: 5,Unnamed: 6,Unnamed: 7
payment_id,invoice_id,payment_date,amount,payment_method,reference,currency,bank_account
PAY00001,SINV00015,2022-11-21,197854.99,Wire Transfer,REF-43597642,TND,IBAN70465104999600
PAY00002,SINV00741,2022-06-11,222064.82,Wire Transfer,REF-41899679,TND,IBAN55415009124856
PAY00003,SINV00857,2022-06-30,205053.7,Direct Debit,REF-16889727,TND,IBAN81593012012240
PAY00004,SINV00114,2024-05-05,104879.89,Check,REF-96082970,TND,IBAN93592967008690
PAY00005,SINV00417,2023-05-02,136686.79,Credit Card,REF-32957524,TND,IBAN15068053584505
PAY00006,SINV00752,2022-11-13,224083.38,SEPA,REF-33747945,TND,IBAN26186125916077
PAY00007,SINV00055,2024-06-23,81074.74,Wire Transfer,REF-46741248,TND,IBAN30297016029043
PAY00008,SINV00622,2023-05-19,49933.63,Direct Debit,REF-44792619,TND,IBAN89501953968246
PAY00009,SINV00606,2023-08-28,126567.28,Direct Debit,REF-31047600,TND,IBAN91775226182689
PAY00010,SINV00140,2023-05-30,84348.47,Wire Transfer,REF-11507679,TND,IBAN54350551817314
PAY00011,SINV00817,2024-02-21,97087.09,Direct Debit,REF-32525087,TND,IBAN77440303943615
PAY00012,SINV00824,2024-07-29,165080.05,Credit Card,REF-58468322,TND,IBAN75248445335144
PAY00013,SINV00595,2024-04-13,441545.38,Wire Transfer,REF-78787811,TND,IBAN83950318503499
PAY00014,SINV00850,2024-11-24,101797.24,Wire Transfer,REF-99584820,TND,IBAN33760668223749
PAY00015,SINV00548,2022-09-16,287375.68,Credit Card,REF-33918798,TND,IBAN34029658002410
PAY00016,SINV00232,2022-03-15,59978.87,Bank Transfer,REF-97080257,TND,IBAN76655606585143
PAY00017,SINV00690,2023-07-01,152312.13,Credit Card,REF-74581564,TND,IBAN85178129136870
PAY00018,SINV00669,2024-02-24,171213.33,SEPA,REF-16606602,TND,IBAN63450422323383
PAY00019,SINV00389,2023-01-15,247302.36,SEPA,REF-61167372,TND,IBAN81244975502157
PAY00020,SINV00270,2022-03-02,236518.18,Wire Transfer,REF-88588889,TND,IBAN32748620288967
PAY00021,SINV00484,2023-11-13,219274.26,SEPA,REF-25712391,TND,IBAN60405504551949
PAY00022,SINV00342,2024-06-21,90178.86,Credit Card,REF-96720296,TND,IBAN81811252384584
PAY00023,SINV00357,2024-06-11,337472.2,Bank Transfer,REF-12890502,TND,IBAN90577725629596
PAY00024,SINV00572,2023-10-07,246892.8,Check,REF-48890188,TND,IBAN49499001090623
PAY00025,SINV00595,2024-03-15,246451.13,Check,REF-24761278,TND,IBAN43028566704062
PAY00026,SINV00641,2024-02-22,302696.94,Wire Transfer,REF-75545024,TND,IBAN76319655616730
PAY00027,SINV00371,2022-05-13,350425.23,Wire Transfer,REF-98990574,TND,IBAN13009815284105
PAY00028,SINV00772,2022-01-28,215556.34,Wire Transfer,REF-87283661,TND,IBAN81233862575067
PAY00029,SINV00109,2023-04-01,180149.32,Credit Card,REF-46114396,TND,IBAN42267058817928
PAY00030,SINV00150,2023-09-30,41688.6,Wire Transfer,REF-69268805,TND,IBAN70007824333719
PAY00031,SINV00455,2023-10-02,105116.96,SEPA,REF-51908213,TND,IBAN35915233035764
PAY00032,SINV00008,2024-10-24,361672.97,SEPA,REF-93329497,TND,IBAN55603521931362
PAY00033,SINV00005,2022-09-04,4432.79,Wire Transfer,REF-50536399,TND,IBAN17264922931615
PAY00034,SINV00814,2023-03-01,280565.3,Bank Transfer,REF-90556426,TND,IBAN21745929220141
PAY00035,SINV00013,2024-05-28,209879.81,Bank Transfer,REF-41162689,TND,IBAN36548766979482
PAY00036,SINV00628,2023-01-05,31175.2,Credit Card,REF-56886451,TND,IBAN30906286197199
PAY00037,SINV00191,2023-12-21,66664.77,Check,REF-34097480,TND,IBAN47392852841747
PAY00038,SINV00847,2023-05-03,374690.05,Direct Debit,REF-21630904,TND,IBAN55111642901327
PAY00039,SINV00400,2022-04-28,435589.26,Wire Transfer,REF-96667130,TND,IBAN71065785752569
PAY00040,SINV00173,2025-01-29,5357.25,Bank Transfer,REF-98392146,TND,IBAN48292421140014
PAY00041,SINV00460,2022-11-17,246079.48,Check,REF-17579422,TND,IBAN25467789490455
PAY00042,SINV00441,2023-05-21,25857.19,Credit Card,REF-25554033,TND,IBAN97353193314978
PAY00043,SINV00088,2023-10-14,289984.28,Wire Transfer,REF-25391736,TND,IBAN30820386377455
PAY00044,SINV00683,2022-08-21,197256.36,Wire Transfer,REF-55070639,TND,IBAN76971930102172
PAY00045,SINV00217,2024-11-04,48589.9,Direct Debit,REF-62343397,TND,IBAN52990144639790
PAY00046,SINV00731,2022-11-16,177210.75,Credit Card,REF-21837019,TND,IBAN13265308418936
PAY00047,SINV00172,2022-08-12,231385.37,Wire Transfer,REF-83392616,TND,IBAN10674771675289
PAY00048,SINV00163,2024-01-18,44461.56,Credit Card,REF-34315935,TND,IBAN43102478509589
PAY00049,SINV00293,2025-01-18,289170,SEPA,REF-86310538,TND,IBAN21301408597758
PAY00050,SINV00652,2023-06-17,252601.04,Direct Debit,REF-98091711,TND,IBAN26958683062169
PAY00051,SINV00597,2025-01-19,47725.85,Wire Transfer,REF-97768444,TND,IBAN56491577536906
PAY00052,SINV00488,2022-07-02,95877.95,Check,REF-90277560,TND,IBAN58744068269743
PAY00053,SINV00201,2023-02-19,45020.01,Check,REF-87726778,TND,IBAN15741471203391
PAY00054,SINV00433,2025-01-20,68181.42,SEPA,REF-59282795,TND,IBAN85128669884562
PAY00055,SINV00703,2022-10-10,158805.96,SEPA,REF-92814795,TND,IBAN16950428730546
PAY00056,SINV00814,2023-04-01,200080,Bank Transfer,REF-14490826,TND,IBAN10811559639745
PAY00057,SINV00578,2023-07-23,25388.92,Check,REF-92305627,TND,IBAN23144923220309
PAY00058,SINV00128,2023-04-28,319668.47,Credit Card,REF-35260695,TND,IBAN22069677008743
PAY00059,SINV00897,2024-10-10,127148.83,Credit Card,REF-62258608,TND,IBAN64158675310781
PAY00060,SINV00649,2023-02-27,31313.87,Direct Debit,REF-41897383,TND,IBAN16780497578458
PAY00061,SINV00242,2023-09-11,154546.41,SEPA,REF-85688875,TND,IBAN90873455387229
PAY00062,SINV00040,2022-09-12,4965.98,Check,REF-47324494,TND,IBAN82602215559577
PAY00063,SINV00309,2023-07-01,109226.29,Check,REF-24798689,TND,IBAN90951790067830
PAY00064,SINV00107,2022-10-20,191155.91,Check,REF-59596879,TND,IBAN12482911793244
PAY00065,SINV00445,2023-11-06,16581.64,Bank Transfer,REF-82518931,TND,IBAN56185426113274
PAY00066,SINV00333,2023-12-09,153223.93,SEPA,REF-87741494,TND,IBAN59801312027928
PAY00067,SINV00486,2022-06-24,309883.82,Wire Transfer,REF-36266336,TND,IBAN36489614308773
PAY00068,SINV00380,2022-06-26,350225.41,Direct Debit,REF-68334054,TND,IBAN56762387639715
PAY00069,SINV00734,2023-07-04,368735.24,Credit Card,REF-44327904,TND,IBAN75055520297535
PAY00070,SINV00071,2022-03-25,215576.3,Credit Card,REF-65072766,TND,IBAN87165603841122
PAY00071,SINV00629,2023-05-04,214394.36,Bank Transfer,REF-72942923,TND,IBAN98694499176013
PAY00072,SINV00046,2023-03-03,91219.47,Direct Debit,REF-94178351,TND,IBAN43537989250506
PAY00073,SINV00018,2023-11-27,164431.12,Wire Transfer,REF-72324150,TND,IBAN98407777831838
PAY00074,SINV00317,2022-02-28,200882.21,Direct Debit,REF-80496718,TND,IBAN75335560772495
PAY00075,SINV00078,2023-06-22,165383.42,Direct Debit,REF-33193108,TND,IBAN57203095298458
PAY00076,SINV00889,2023-07-13,320949.12,Bank Transfer,REF-96815160,TND,IBAN97539313577910
PAY00077,SINV00477,2022-10-14,51522.23,Direct Debit,REF-69039082,TND,IBAN68916056532090
PAY00078,SINV00344,2023-04-12,247137.47,Bank Transfer,REF-83218261,TND,IBAN73307944528346
PAY00079,SINV00580,2023-12-29,189259.71,SEPA,REF-27020649,TND,IBAN64749078808532
PAY00080,SINV00242,2023-09-12,164614.52,Direct Debit,REF-12608325,TND,IBAN45738685285727
PAY00081,SINV00548,2022-10-01,311925.93,SEPA,REF-91640064,TND,IBAN54411728333009
PAY00082,SINV00215,2022-08-05,36293.13,SEPA,REF-44443356,TND,IBAN86709619413819
PAY00083,SINV00194,2022-07-05,249368.61,Check,REF-86259548,TND,IBAN59661842690208
PAY00084,SINV00860,2022-01-29,23888.28,Bank Transfer,REF-44127033,TND,IBAN96594709626609
PAY00085,SINV00862,2022-06-18,167032.37,Bank Transfer,REF-98483604,TND,IBAN47244683654622
PAY00086,SINV00458,2023-03-02,287910.75,Wire Transfer,REF-12881460,TND,IBAN52714887411008
PAY00087,SINV00521,2023-06-26,243725.33,Wire Transfer,REF-66744388,TND,IBAN30359751924740
PAY00088,SINV00257,2023-05-05,69657.25,Credit Card,REF-84042052,TND,IBAN74281122043015
PAY00089,SINV00116,2022-11-08,332937.39,Direct Debit,REF-16463094,TND,IBAN64938660557319
PAY00090,SINV00874,2025-01-04,5711.99,Direct Debit,REF-30366607,TND,IBAN46137197054275
PAY00091,SINV00578,2023-08-07,20763.37,Bank Transfer,REF-42294117,TND,IBAN77668587425432
PAY00092,SINV00351,2024-07-20,200641.31,Bank Transfer,REF-64275240,TND,IBAN19245163703075
PAY00093,SINV00828,2022-08-16,196749.89,SEPA,REF-59495348,TND,IBAN18219524178165
PAY00094,SINV00203,2022-06-14,80254.82,Credit Card,REF-68459970,TND,IBAN56060190230990
PAY00095,SINV00864,2022-11-19,372034.93,Wire Transfer,REF-66574070,TND,IBAN81999693281089
PAY00096,SINV00874,2024-12-13,7204.62,Wire Transfer,REF-28663438,TND,IBAN30585743008708
PAY00097,SINV00313,2022-08-05,41275.61,Check,REF-65717462,TND,IBAN39034714749238
PAY00098,SINV00316,2022-02-27,374263.99,SEPA,REF-34187401,TND,IBAN69042501647901
PAY00099,SINV00474,2022-04-04,135163.05,Direct Debit,REF-70053932,TND,IBAN58315876642405
PAY00100,SINV00584,2022-05-03,181713.18,Credit Card,REF-27068965,TND,IBAN23874610972888
PAY00101,SINV00454,2022-07-05,11449.62,SEPA,REF-28327026,TND,IBAN73672138869720
PAY00102,SINV00334,2023-07-05,120310.23,Wire Transfer,REF-27181387,TND,IBAN38463666674367
PAY00103,SINV00696,2022-06-06,91608.67,Credit Card,REF-96388307,TND,IBAN17250151567563
PAY00104,SINV00415,2024-10-26,167965.96,Direct Debit,REF-39897930,TND,IBAN48757969944741
PAY00105,SINV00089,2022-06-02,157357.47,SEPA,REF-12291555,TND,IBAN73779323097592
PAY00106,SINV00621,2023-11-28,73306.65,Direct Debit,REF-59955614,TND,IBAN42711416165473
PAY00107,SINV00099,2023-08-17,167806.6,SEPA,REF-64171337,TND,IBAN40951712260180
PAY00108,SINV00837,2023-12-04,245101.81,Credit Card,REF-84564363,TND,IBAN74844908549975
PAY00109,SINV00202,2022-02-14,210237.31,Bank Transfer,REF-78324277,TND,IBAN86408579046044
PAY00110,SINV00653,2023-03-19,123054,SEPA,REF-85525959,TND,IBAN25587083441381
PAY00111,SINV00123,2025-01-04,88308.56,Direct Debit,REF-88775927,TND,IBAN45662895688606
PAY00112,SINV00174,2023-01-17,86994.06,Check,REF-18473178,TND,IBAN64040902903755
PAY00113,SINV00049,2024-08-10,157100,Credit Card,REF-16327772,TND,IBAN32656521884574
PAY00114,SINV00668,2023-12-28,31758.13,Wire Transfer,REF-78920371,TND,IBAN75631594302533
PAY00115,SINV00253,2024-07-29,170116.11,Credit Card,REF-21231380,TND,IBAN57319090971864
PAY00116,SINV00231,2024-08-24,30718.24,Direct Debit,REF-21758903,TND,IBAN28837287184242
PAY00117,SINV00483,2023-06-23,39767.55,Bank Transfer,REF-83113250,TND,IBAN36802941593864
PAY00118,SINV00575,2022-04-21,101443.53,Bank Transfer,REF-97431715,TND,IBAN76026867045782
PAY00119,SINV00015,2022-11-27,290977.4,Wire Transfer,REF-50817352,TND,IBAN98593758701034
PAY00120,SINV00601,2023-07-20,55460.56,Check,REF-62106234,TND,IBAN91900421863874
PAY00121,SINV00568,2025-01-21,36795.68,Credit Card,REF-65160292,TND,IBAN24414353756370
PAY00122,SINV00079,2023-08-01,180590.91,Credit Card,REF-15798785,TND,IBAN52933473007705
PAY00123,SINV00456,2024-04-09,18212.61,Check,REF-46022712,TND,IBAN98953592260072
PAY00124,SINV00644,2022-07-20,160723.75,SEPA,REF-93037088,TND,IBAN39296713758299
PAY00125,SINV00816,2022-10-18,141065.56,Credit Card,REF-34818947,TND,IBAN28164182331201
PAY00126,SINV00269,2025-01-01,344556.63,Check,REF-22289142,TND,IBAN53784550424507
PAY00127,SINV00099,2023-08-24,189530.92,Direct Debit,REF-35852294,TND,IBAN60047938738422
PAY00128,SINV00847,2023-05-08,346636.39,Wire Transfer,REF-93242630,TND,IBAN98224863089719
PAY00129,SINV00160,2024-01-08,307051.51,Bank Transfer,REF-19222194,TND,IBAN28787547306827
PAY00130,SINV00204,2023-09-21,132004.84,Bank Transfer,REF-92614210,TND,IBAN39882571733655
PAY00131,SINV00856,2022-04-04,12435.02,Check,REF-67574548,TND,IBAN46123383168454
PAY00132,SINV00666,2022-06-29,94483.89,Direct Debit,REF-25651132,TND,IBAN80180166905171
PAY00133,SINV00892,2023-01-29,396352.97,Credit Card,REF-20087808,TND,IBAN20948043913727
PAY00134,SINV00409,2024-06-23,85346.66,Bank Transfer,REF-14145039,TND,IBAN46931418671661
PAY00135,SINV00060,2023-12-10,66393.95,SEPA,REF-34956388,TND,IBAN53813162470842
PAY00136,SINV00776,2022-05-13,151807.48,Check,REF-66049215,TND,IBAN22517022472549
PAY00137,SINV00864,2022-11-18,266488.26,Wire Transfer,REF-58092522,TND,IBAN76452638350315
PAY00138,SINV00866,2024-10-07,243437.43,Credit Card,REF-71656254,TND,IBAN84495257942674
PAY00139,SINV00225,2023-02-09,48921.86,Credit Card,REF-90586972,TND,IBAN33433376615744
PAY00140,SINV00757,2024-10-04,144969.63,Credit Card,REF-51272264,TND,IBAN84420048781826
PAY00141,SINV00439,2023-07-06,217576.36,Bank Transfer,REF-75997038,TND,IBAN94238951134032
PAY00142,SINV00035,2024-11-24,82469.33,Check,REF-63540758,TND,IBAN53891621379860
PAY00143,SINV00043,2024-06-11,314187.78,Wire Transfer,REF-32037909,TND,IBAN89772807554587
PAY00144,SINV00326,2022-08-26,17826.84,Credit Card,REF-19787667,TND,IBAN58203686894565
PAY00145,SINV00362,2022-10-06,115719.2,Check,REF-45116160,TND,IBAN67166342070017
PAY00146,SINV00312,2022-08-16,325998.66,SEPA,REF-72477162,TND,IBAN26964899744153
PAY00147,SINV00711,2022-12-29,8803.75,Credit Card,REF-38653179,TND,IBAN99276354255387
PAY00148,SINV00744,2023-12-20,318189.52,SEPA,REF-70948126,TND,IBAN85416628156436
PAY00149,SINV00438,2022-07-20,339723.8,Direct Debit,REF-63026794,TND,IBAN97156819153730
PAY00150,SINV00166,2022-05-07,291285,SEPA,REF-20787879,TND,IBAN46939723709928
PAY00151,SINV00520,2024-06-22,143038.77,SEPA,REF-72205727,TND,IBAN97347353097454
PAY00152,SINV00072,2024-05-16,4017.95,Credit Card,REF-60926778,TND,IBAN17807038936111
PAY00153,SINV00035,2024-11-27,64680.76,Credit Card,REF-87757367,TND,IBAN47972172303482
PAY00154,SINV00141,2023-12-19,238419.03,Credit Card,REF-69146262,TND,IBAN26219499710947
PAY00155,SINV00350,2024-05-31,128577.72,Wire Transfer,REF-57190467,TND,IBAN47144262605372
PAY00156,SINV00583,2023-08-14,275351.44,Direct Debit,REF-29769377,TND,IBAN57158295616528
PAY00157,SINV00433,2025-01-15,63873.05,Credit Card,REF-69255859,TND,IBAN11477313430368
PAY00158,SINV00283,2025-01-06,7395.8,Check,REF-95704444,TND,IBAN18483495596518
PAY00159,SINV00765,2024-06-26,130513.62,Check,REF-85381652,TND,IBAN43943239885650
PAY00160,SINV00832,2022-10-19,22500.8,Credit Card,REF-44269406,TND,IBAN88715585053602
PAY00161,SINV00539,2023-02-20,208338.17,Direct Debit,REF-74273808,TND,IBAN89255942489598
PAY00162,SINV00634,2022-06-27,322165.2,Bank Transfer,REF-98489917,TND,IBAN87262984034128
PAY00163,SINV00675,2024-01-08,125630.13,Direct Debit,REF-85756815,TND,IBAN21801810520084
PAY00164,SINV00391,2022-07-11,34699.2,Credit Card,REF-53011390,TND,IBAN72259902424706
PAY00165,SINV00020,2024-01-11,285928.07,SEPA,REF-81433456,TND,IBAN57812958249050
PAY00166,SINV00105,2024-09-04,141066.5,Check,REF-78375074,TND,IBAN58653900486830
PAY00167,SINV00391,2022-06-15,31760.62,SEPA,REF-65634541,TND,IBAN74824513111602
PAY00168,SINV00739,2022-07-17,194470.91,Direct Debit,REF-64623978,TND,IBAN20046620166226
PAY00169,SINV00010,2023-11-13,51008.77,Direct Debit,REF-62704135,TND,IBAN32810253349384
PAY00170,SINV00873,2024-01-23,86337.16,Direct Debit,REF-33776877,TND,IBAN42376793892488
PAY00171,SINV00346,2022-05-26,194608.12,SEPA,REF-46122030,TND,IBAN61032250561745
PAY00172,SINV00778,2024-01-14,205949.93,SEPA,REF-21178113,TND,IBAN47795107026708
PAY00173,SINV00091,2022-02-24,308708.35,SEPA,REF-37326980,TND,IBAN14924825086220
PAY00174,SINV00738,2023-10-08,266981.94,Check,REF-38511758,TND,IBAN86571725406360
PAY00175,SINV00774,2022-06-25,63209.44,SEPA,REF-54780881,TND,IBAN10467291214376
PAY00176,SINV00169,2024-06-17,170655.38,Credit Card,REF-28762731,TND,IBAN80763709998435
PAY00177,SINV00520,2024-06-30,199559.39,Credit Card,REF-20590088,TND,IBAN44486897912349
PAY00178,SINV00778,2023-12-22,171249.41,Wire Transfer,REF-92897536,TND,IBAN42962639162263
PAY00179,SINV00636,2024-12-31,65895.27,Direct Debit,REF-30402218,TND,IBAN31325308623292
PAY00180,SINV00889,2023-06-12,242107.88,SEPA,REF-19273236,TND,IBAN80342155807248
PAY00181,SINV00282,2022-09-07,227516.88,Wire Transfer,REF-68877011,TND,IBAN38331882754895
PAY00182,SINV00388,2024-02-07,330598.75,Wire Transfer,REF-32096850,TND,IBAN73103415127590
PAY00183,SINV00198,2024-01-13,27980.26,Bank Transfer,REF-99420292,TND,IBAN94207159500571
PAY00184,SINV00506,2023-12-18,18279.69,Credit Card,REF-53988832,TND,IBAN91674359253902
PAY00185,SINV00214,2024-02-05,80919.41,SEPA,REF-99352925,TND,IBAN94120495609682
PAY00186,SINV00527,2024-10-27,112022.45,Direct Debit,REF-25469371,TND,IBAN22769543878198
PAY00187,SINV00290,2022-11-27,26468.68,Credit Card,REF-16952045,TND,IBAN32768129151048
PAY00188,SINV00890,2024-03-09,257038.57,Direct Debit,REF-36647283,TND,IBAN64723288362641
PAY00189,SINV00622,2023-06-03,48292.98,Check,REF-18259173,TND,IBAN76930305847925
PAY00190,SINV00179,2023-04-15,169314.96,Check,REF-50056255,TND,IBAN13218178065198
PAY00191,SINV00862,2022-06-30,138168.87,SEPA,REF-79124867,TND,IBAN35822097089750
PAY00192,SINV00521,2023-05-23,201254.09,Direct Debit,REF-44945814,TND,IBAN79495568131542
PAY00193,SINV00884,2023-01-23,18989.11,SEPA,REF-60328813,TND,IBAN32901741003290
PAY00194,SINV00122,2024-09-05,165184.17,Direct Debit,REF-97085875,TND,IBAN59511636799559
PAY00195,SINV00567,2023-11-17,194596.07,Check,REF-89965973,TND,IBAN11934313203300
PAY00196,SINV00368,2022-07-09,284689.97,Credit Card,REF-62588435,TND,IBAN75099050297201
PAY00197,SINV00521,2023-05-26,215261.62,Wire Transfer,REF-77497192,TND,IBAN91151595557660
PAY00198,SINV00465,2022-08-24,294430.06,Wire Transfer,REF-30103233,TND,IBAN84886303970047
PAY00199,SINV00364,2022-02-21,301027.23,Direct Debit,REF-64534304,TND,IBAN64627158560643
PAY00200,SINV00594,2023-06-02,279849.22,Bank Transfer,REF-23147585,TND,IBAN66281385201395
PAY00201,SINV00288,2023-07-14,192191.02,Direct Debit,REF-34162554,TND,IBAN58483868181673
PAY00202,SINV00356,2022-04-22,307179.03,Direct Debit,REF-36262133,TND,IBAN54191055900090
PAY00203,SINV00389,2022-12-23,309228.3,Direct Debit,REF-67075728,TND,IBAN70821442468060
PAY00204,SINV00226,2022-09-24,243717.35,Bank Transfer,REF-71807665,TND,IBAN32783246657734
PAY00205,SINV00286,2023-02-13,333365.36,Direct Debit,REF-28696828,TND,IBAN14122722342949
PAY00206,SINV00248,2024-02-18,211243.59,Direct Debit,REF-95534886,TND,IBAN59193929938160
PAY00207,SINV00533,2022-09-30,256887.69,Wire Transfer,REF-49433488,TND,IBAN72285377359496
PAY00208,SINV00344,2023-05-12,211835.35,Credit Card,REF-90812766,TND,IBAN72328177629418
PAY00209,SINV00252,2022-03-16,357702.16,Wire Transfer,REF-21182091,TND,IBAN81469383603086
PAY00210,SINV00616,2024-08-23,25832.74,SEPA,REF-90204554,TND,IBAN34018596305768
PAY00211,SINV00156,2022-08-25,59702.47,Check,REF-80157410,TND,IBAN99083130370879
PAY00212,SINV00375,2024-09-10,54001.47,SEPA,REF-77033031,TND,IBAN24701534895206
PAY00213,SINV00745,2023-11-25,65765.87,Wire Transfer,REF-79550339,TND,IBAN78674220445109
PAY00214,SINV00512,2022-03-27,137495.93,Bank Transfer,REF-53388409,TND,IBAN95832346929326
PAY00215,SINV00685,2022-02-15,22712.56,Credit Card,REF-89394391,TND,IBAN38083269869378
PAY00216,SINV00598,2024-07-24,158893.36,Wire Transfer,REF-14546044,TND,IBAN18876102048795
PAY00217,SINV00305,2024-08-22,243580.99,SEPA,REF-11851092,TND,IBAN42333525838811
PAY00218,SINV00309,2023-06-24,183457.87,Direct Debit,REF-88086462,TND,IBAN76276971209868
PAY00219,SINV00697,2024-11-26,61708.09,SEPA,REF-23753960,TND,IBAN54254929751649
PAY00220,SINV00050,2023-01-21,207187.4,Wire Transfer,REF-34960780,TND,IBAN80552955779774
PAY00221,SINV00179,2023-03-25,145137.02,Check,REF-75811325,TND,IBAN49146293550950
PAY00222,SINV00750,2022-12-30,165338.1,Credit Card,REF-69674021,TND,IBAN72032052865996
PAY00223,SINV00482,2023-01-08,90388.71,Check,REF-37645628,TND,IBAN72387337170986
PAY00224,SINV00598,2024-07-01,134164.47,Credit Card,REF-63293740,TND,IBAN23284821466519
PAY00225,SINV00638,2023-08-09,201651.61,SEPA,REF-88873663,TND,IBAN62290414489925
PAY00226,SINV00700,2022-02-20,88899.91,Check,REF-25793277,TND,IBAN83484443494729
PAY00227,SINV00332,2023-07-03,151224.21,Wire Transfer,REF-32003405,TND,IBAN67248969886464
PAY00228,SINV00564,2023-12-25,229603.28,Direct Debit,REF-37383091,TND,IBAN55690606361042
PAY00229,SINV00859,2024-10-11,70214.41,Bank Transfer,REF-13633235,TND,IBAN88348512432104
PAY00230,SINV00229,2022-03-16,73509.8,Bank Transfer,REF-45961565,TND,IBAN19516673176728
PAY00231,SINV00261,2022-05-16,114466.29,Bank Transfer,REF-22045322,TND,IBAN28188076368812
PAY00232,SINV00088,2023-09-25,325030.74,Direct Debit,REF-70848954,TND,IBAN52996111203692
PAY00233,SINV00772,2022-02-20,236663.56,Wire Transfer,REF-22514977,TND,IBAN54096408824491
PAY00234,SINV00036,2024-05-30,188244.05,Check,REF-22948577,TND,IBAN92759699238450
PAY00235,SINV00466,2024-08-13,191441.57,Credit Card,REF-77195977,TND,IBAN36190953212243
PAY00236,SINV00759,2023-11-14,84851.87,SEPA,REF-82346653,TND,IBAN46963150460222
PAY00237,SINV00262,2024-01-21,267464.72,Wire Transfer,REF-13365587,TND,IBAN80097085037493
PAY00238,SINV00502,2024-10-25,259850.86,Check,REF-79444170,TND,IBAN73137578475903
PAY00239,SINV00492,2024-11-22,335684.03,Check,REF-48668446,TND,IBAN56450773894405
PAY00240,SINV00830,2022-08-21,90257.77,SEPA,REF-71983300,TND,IBAN64349255915939
PAY00241,SINV00805,2024-12-30,220057.35,Direct Debit,REF-52735587,TND,IBAN51127153472405
PAY00242,SINV00751,2023-08-19,167817.27,Wire Transfer,REF-94000764,TND,IBAN10214155721955
PAY00243,SINV00813,2022-07-18,306314.74,Credit Card,REF-86733806,TND,IBAN30987182081986
PAY00244,SINV00397,2023-07-22,252722.25,Credit Card,REF-25587413,TND,IBAN81601509162922
PAY00245,SINV00890,2024-03-14,408570.75,Credit Card,REF-37928831,TND,IBAN48932731301487
PAY00246,SINV00843,2022-12-28,76975.79,Check,REF-58304983,TND,IBAN87253777748901
PAY00247,SINV00762,2023-09-09,99702.03,Direct Debit,REF-12732829,TND,IBAN38306790296202
PAY00248,SINV00730,2024-02-18,320183.53,SEPA,REF-62262124,TND,IBAN80594638747598
PAY00249,SINV00399,2024-06-08,380642.69,Wire Transfer,REF-50689224,TND,IBAN10271779098090
PAY00250,SINV00706,2023-01-19,69350.47,Credit Card,REF-66357793,TND,IBAN28561526789638
PAY00251,SINV00260,2022-04-08,3837.57,Direct Debit,REF-47033918,TND,IBAN25308535088018
PAY00252,SINV00448,2024-03-19,359006.23,SEPA,REF-71444363,TND,IBAN17772170527478
PAY00253,SINV00752,2022-10-23,157755.67,SEPA,REF-20998530,TND,IBAN42995425747178
PAY00254,SINV00564,2023-12-16,300426.12,Credit Card,REF-63794151,TND,IBAN99794425784871
PAY00255,SINV00170,2022-01-13,237593.03,Check,REF-12827313,TND,IBAN85981819302629
PAY00256,SINV00846,2023-04-17,147729.25,Wire Transfer,REF-29670041,TND,IBAN12292151034472
PAY00257,SINV00452,2022-04-02,181976.05,Credit Card,REF-89735314,TND,IBAN85481785009673
PAY00258,SINV00845,2022-08-02,234235.21,Check,REF-84124191,TND,IBAN98081785962560
PAY00259,SINV00081,2024-05-03,61224.08,Direct Debit,REF-52079288,TND,IBAN10670884760749
PAY00260,SINV00596,2023-01-21,48087.96,Credit Card,REF-32822368,TND,IBAN27983547514909
PAY00261,SINV00078,2023-06-27,226787.03,Check,REF-93675389,TND,IBAN38819320229385
PAY00262,SINV00877,2022-07-12,169970.8,Credit Card,REF-33424272,TND,IBAN42036803067902
PAY00263,SINV00407,2023-06-30,203886.35,Credit Card,REF-50932378,TND,IBAN29448724504513
PAY00264,SINV00085,2024-01-06,61438.08,Check,REF-17771281,TND,IBAN40157180517789
PAY00265,SINV00007,2022-10-30,295612.48,Direct Debit,REF-99588824,TND,IBAN45786017457212
PAY00266,SINV00257,2023-06-01,77652.56,Wire Transfer,REF-46376505,TND,IBAN33470576211072
PAY00267,SINV00158,2022-06-13,160065.55,Direct Debit,REF-35709945,TND,IBAN34834045953922
PAY00268,SINV00868,2022-11-04,21340.48,SEPA,REF-67038855,TND,IBAN65619768467877
PAY00269,SINV00443,2024-09-14,47606.05,Wire Transfer,REF-69687554,TND,IBAN16386964616957
PAY00270,SINV00197,2023-08-30,275400.75,Wire Transfer,REF-63689924,TND,IBAN30646753071740
PAY00271,SINV00060,2023-11-22,79470.61,Credit Card,REF-69873575,TND,IBAN54756535021869
PAY00272,SINV00280,2024-03-11,295372.5,Bank Transfer,REF-44891700,TND,IBAN46220755944547
PAY00273,SINV00410,2023-08-06,61202.76,Check,REF-13742937,TND,IBAN17218613459928
PAY00274,SINV00895,2024-04-11,426423.53,Wire Transfer,REF-95498429,TND,IBAN33262634866435
PAY00275,SINV00095,2022-07-10,10623.81,Wire Transfer,REF-70725838,TND,IBAN14480512632363
PAY00276,SINV00564,2023-11-28,274419.01,Wire Transfer,REF-58954686,TND,IBAN17347176147868
PAY00277,SINV00060,2023-12-18,77684.69,Check,REF-46081378,TND,IBAN41288177946541
PAY00278,SINV00245,2024-09-09,231287.27,Bank Transfer,REF-63708250,TND,IBAN10625599539510
PAY00279,SINV00476,2023-08-07,60753.34,Credit Card,REF-10264286,TND,IBAN78609760170086
PAY00280,SINV00017,2024-11-02,65392.17,Direct Debit,REF-99146745,TND,IBAN77973792391842
PAY00281,SINV00056,2022-08-01,186425.39,SEPA,REF-88055564,TND,IBAN72171879880022
PAY00282,SINV00677,2023-09-25,131635.7,Direct Debit,REF-52571160,TND,IBAN41843894146486
PAY00283,SINV00789,2023-05-13,69643.54,Credit Card,REF-77315545,TND,IBAN80202150435711
PAY00284,SINV00082,2022-06-16,392370.04,Credit Card,REF-43104159,TND,IBAN93334168857874
PAY00285,SINV00215,2022-07-23,59178.17,Bank Transfer,REF-53825027,TND,IBAN93616299441355
PAY00286,SINV00751,2023-08-12,200451.36,Check,REF-60978001,TND,IBAN24743600790840
PAY00287,SINV00619,2022-02-27,3690.95,Direct Debit,REF-80396126,TND,IBAN31587020162372
PAY00288,SINV00152,2024-04-05,5883.36,Check,REF-91282384,TND,IBAN66408519851216
PAY00289,SINV00106,2024-01-21,107097.49,Bank Transfer,REF-87098674,TND,IBAN96370922893906
PAY00290,SINV00743,2024-11-18,242471.4,SEPA,REF-98183853,TND,IBAN56121311096299
PAY00291,SINV00530,2024-03-13,156106.78,Check,REF-42943507,TND,IBAN31283481137226
PAY00292,SINV00230,2022-01-19,3417.71,Direct Debit,REF-13052736,TND,IBAN25810047956466
PAY00293,SINV00008,2024-10-16,282761.76,SEPA,REF-54686948,TND,IBAN65094524224378
PAY00294,SINV00085,2024-01-18,83699.99,SEPA,REF-74413340,TND,IBAN61841319538010
PAY00295,SINV00739,2022-06-22,152106.41,Check,REF-70840496,TND,IBAN52737997527256
PAY00296,SINV00223,2024-07-31,71987.34,Wire Transfer,REF-91267910,TND,IBAN81510304357961
PAY00297,SINV00709,2023-07-27,18120.67,Direct Debit,REF-75894870,TND,IBAN27518953399851
PAY00298,SINV00579,2022-09-21,198654.47,Direct Debit,REF-75990034,TND,IBAN82514989471697
PAY00299,SINV00146,2023-02-13,124930.36,Credit Card,REF-48435482,TND,IBAN40834152394947
PAY00300,SINV00320,2022-12-20,291145.07,Bank Transfer,REF-11302885,TND,IBAN40174550691172
PAY00301,SINV00573,2023-02-03,253332.47,Wire Transfer,REF-74399823,TND,IBAN12571330903133
PAY00302,SINV00778,2023-12-31,178232.36,Credit Card,REF-17351490,TND,IBAN81714055963588
PAY00303,SINV00792,2023-12-27,24923.61,SEPA,REF-46168035,TND,IBAN24835700932099
PAY00304,SINV00523,2022-03-10,214665.19,Credit Card,REF-24674335,TND,IBAN90387662525510
PAY00305,SINV00420,2023-07-06,234823.02,Bank Transfer,REF-46314600,TND,IBAN98233724468404
PAY00306,SINV00443,2024-10-11,32941.55,Wire Transfer,REF-82627333,TND,IBAN89535771964704
PAY00307,SINV00133,2024-01-27,233195.99,Credit Card,REF-33812173,TND,IBAN92092467915230
PAY00308,SINV00260,2022-03-05,5218.95,Check,REF-80488856,TND,IBAN97527306003306
PAY00309,SINV00581,2022-07-09,194709.69,Wire Transfer,REF-41579552,TND,IBAN65746697678756
PAY00310,SINV00640,2022-08-14,340474.57,Bank Transfer,REF-94432934,TND,IBAN69043082894086
PAY00311,SINV00856,2022-04-12,9019.9,Check,REF-71737955,TND,IBAN68371018439722
PAY00312,SINV00291,2023-12-24,130937.07,Credit Card,REF-82859156,TND,IBAN91460014063482
PAY00313,SINV00068,2024-03-16,18671.04,SEPA,REF-83192493,TND,IBAN77509983573646
PAY00314,SINV00659,2022-01-17,188683.78,Check,REF-92185211,TND,IBAN85689989518741
PAY00315,SINV00668,2024-01-17,40897.54,SEPA,REF-46583151,TND,IBAN48576646214738
PAY00316,SINV00828,2022-09-16,104802.86,Wire Transfer,REF-57118679,TND,IBAN15948881274959
PAY00317,SINV00384,2024-01-06,38425.76,Direct Debit,REF-32344263,TND,IBAN34670171370381
PAY00318,SINV00517,2022-12-21,250134.58,Check,REF-40676127,TND,IBAN83946651494711
PAY00319,SINV00089,2022-06-08,121471.83,Wire Transfer,REF-50456520,TND,IBAN12320245499013
PAY00320,SINV00814,2023-03-07,222001.28,Direct Debit,REF-73806350,TND,IBAN78226327286022
PAY00321,SINV00572,2023-10-14,289958.48,SEPA,REF-31237504,TND,IBAN33652181748313
PAY00322,SINV00670,2023-06-01,258871.24,Direct Debit,REF-99494525,TND,IBAN43969528523662
PAY00323,SINV00177,2022-08-07,145383.69,Direct Debit,REF-45756404,TND,IBAN50416594047147
PAY00324,SINV00821,2023-02-01,317689.24,Check,REF-41387892,TND,IBAN32331863444431
PAY00325,SINV00850,2024-12-05,111653.05,SEPA,REF-88213435,TND,IBAN28556144945276
PAY00326,SINV00559,2023-07-22,143764.73,Bank Transfer,REF-97709725,TND,IBAN81625330627233
PAY00327,SINV00399,2024-07-20,248092.29,Bank Transfer,REF-57316875,TND,IBAN52391004457289
PAY00328,SINV00439,2023-06-27,270286.73,SEPA,REF-95686858,TND,IBAN71975976104119
PAY00329,SINV00041,2022-03-14,440881.33,Bank Transfer,REF-92376774,TND,IBAN42687012836151
PAY00330,SINV00898,2024-01-30,278250.98,Wire Transfer,REF-68606452,TND,IBAN98063070098406
PAY00331,SINV00867,2022-06-03,187029.25,Bank Transfer,REF-67324325,TND,IBAN50856714073062
PAY00332,SINV00094,2022-08-12,68051.47,Wire Transfer,REF-26888251,TND,IBAN23140731238539
PAY00333,SINV00464,2023-09-03,4367.71,Credit Card,REF-62289760,TND,IBAN12739194961921
PAY00334,SINV00668,2024-01-11,27492.61,Wire Transfer,REF-10271525,TND,IBAN86523387155176
PAY00335,SINV00619,2022-01-23,3427.64,Bank Transfer,REF-13132092,TND,IBAN77852030603665
PAY00336,SINV00543,2023-12-28,209593.11,Credit Card,REF-25691788,TND,IBAN32024508156551
PAY00337,SINV00628,2023-01-17,26765.6,Direct Debit,REF-43573577,TND,IBAN92588229780823
PAY00338,SINV00549,2023-10-11,19422.3,Direct Debit,REF-16397579,TND,IBAN36170023528294
PAY00339,SINV00014,2023-08-26,230823.48,Wire Transfer,REF-21872464,TND,IBAN37988689076673
PAY00340,SINV00460,2022-10-20,327432.02,Credit Card,REF-31595191,TND,IBAN46339177833258
PAY00341,SINV00202,2022-03-06,227462.54,SEPA,REF-45579830,TND,IBAN49912994001163
PAY00342,SINV00849,2024-12-15,367629.3,Credit Card,REF-69550837,TND,IBAN50837299356036
PAY00343,SINV00800,2024-09-06,326736.45,Direct Debit,REF-71701596,TND,IBAN74119892420722
PAY00344,SINV00759,2023-11-29,74065.79,Check,REF-84900812,TND,IBAN73240762704765
PAY00345,SINV00339,2024-05-11,320298.61,Direct Debit,REF-45010574,TND,IBAN62908722173797
PAY00346,SINV00380,2022-06-28,279839.37,Check,REF-91775750,TND,IBAN84856871878799
PAY00347,SINV00510,2024-07-30,5946.52,Check,REF-21462378,TND,IBAN88927850313869
PAY00348,SINV00482,2022-12-12,88613.68,Direct Debit,REF-91211421,TND,IBAN86643819058915
PAY00349,SINV00723,2024-03-17,158722.34,Check,REF-85661574,TND,IBAN94456361812615
PAY00350,SINV00523,2022-02-27,175302.84,Bank Transfer,REF-33646361,TND,IBAN21604771684309
PAY00351,SINV00490,2022-06-22,34926.99,Credit Card,REF-52421927,TND,IBAN88163198434797
PAY00352,SINV00064,2023-02-10,45975.16,Check,REF-20061481,TND,IBAN34344018955367
PAY00353,SINV00340,2022-06-08,72136.79,Direct Debit,REF-53571402,TND,IBAN24378417119039
PAY00354,SINV00371,2022-06-12,247765.97,SEPA,REF-66276292,TND,IBAN50897916113183
PAY00355,SINV00556,2022-05-30,42474.8,Credit Card,REF-82626611,TND,IBAN80376959675280
PAY00356,SINV00107,2022-10-30,136319.73,Bank Transfer,REF-32518828,TND,IBAN28668922099187
PAY00357,SINV00657,2023-02-19,65701.64,Credit Card,REF-34991401,TND,IBAN89165037207473
PAY00358,SINV00517,2022-12-05,288869.35,Wire Transfer,REF-97205731,TND,IBAN31599896057694
PAY00359,SINV00510,2024-08-07,7396.37,Wire Transfer,REF-63329851,TND,IBAN68955549420176
PAY00360,SINV00143,2023-12-08,350026.56,Direct Debit,REF-72611150,TND,IBAN39023297647132
PAY00361,SINV00646,2023-07-14,160432.54,Bank Transfer,REF-75792749,TND,IBAN93980223494564
PAY00362,SINV00412,2022-09-14,108727.96,Wire Transfer,REF-38997729,TND,IBAN59303972166567
PAY00363,SINV00408,2022-08-27,103388.02,Check,REF-81811526,TND,IBAN84651934112575
PAY00364,SINV00025,2022-10-24,191128.87,Direct Debit,REF-23651158,TND,IBAN93806464137279
PAY00365,SINV00755,2024-07-10,80572.96,Wire Transfer,REF-23377216,TND,IBAN50894774260763
PAY00366,SINV00731,2022-11-01,169030.54,Credit Card,REF-10384435,TND,IBAN48255191606884
PAY00367,SINV00382,2023-04-15,245984.08,SEPA,REF-43519297,TND,IBAN82176020681951
PAY00368,SINV00707,2024-09-01,71655.26,Wire Transfer,REF-45215102,TND,IBAN62523323458663
PAY00369,SINV00320,2022-12-02,267383.62,Direct Debit,REF-56571558,TND,IBAN91904654229607
PAY00370,SINV00829,2022-10-20,194198.47,Bank Transfer,REF-23318582,TND,IBAN61167928807867
PAY00371,SINV00713,2025-01-07,114575.85,Direct Debit,REF-91654210,TND,IBAN76686313072625
PAY00372,SINV00834,2023-11-25,83827.57,SEPA,REF-73430830,TND,IBAN16658577486405
PAY00373,SINV00661,2022-01-28,143053.03,SEPA,REF-92811913,TND,IBAN35987839035998
PAY00374,SINV00335,2024-12-25,124632.63,SEPA,REF-48311700,TND,IBAN97988052295396
PAY00375,SINV00538,2023-01-25,242467.14,Bank Transfer,REF-70791638,TND,IBAN54640071458774
PAY00376,SINV00399,2024-07-10,220347.58,SEPA,REF-67437930,TND,IBAN30901201970759
PAY00377,SINV00859,2024-10-21,112525.54,Check,REF-99518895,TND,IBAN83205505417792
PAY00378,SINV00541,2024-02-01,326937.9,Check,REF-52861230,TND,IBAN21329668190229
PAY00379,SINV00819,2023-07-10,13625.28,Bank Transfer,REF-63775960,TND,IBAN35475281602190
PAY00380,SINV00442,2022-07-21,95963.74,Wire Transfer,REF-50122352,TND,IBAN95688948457295
PAY00381,SINV00435,2024-10-10,63646.49,Bank Transfer,REF-71604005,TND,IBAN75688125862089
PAY00382,SINV00623,2023-01-27,210361.71,Direct Debit,REF-24946937,TND,IBAN64913302359535
PAY00383,SINV00714,2024-08-31,288616.86,Credit Card,REF-63682318,TND,IBAN50209779827856
PAY00384,SINV00564,2023-12-25,306838.97,SEPA,REF-50762836,TND,IBAN13570195158007
PAY00385,SINV00015,2022-12-04,291740.29,Wire Transfer,REF-20715673,TND,IBAN60958118147984
PAY00386,SINV00813,2022-07-12,230002.59,Direct Debit,REF-53606941,TND,IBAN83550230283316
PAY00387,SINV00287,2022-03-04,287610.28,Bank Transfer,REF-95792703,TND,IBAN90308463675133
PAY00388,SINV00660,2022-12-29,214387.23,Wire Transfer,REF-40054151,TND,IBAN56165903694553
PAY00389,SINV00371,2022-05-30,213520,Credit Card,REF-28096490,TND,IBAN93510645765693
PAY00390,SINV00120,2024-06-01,137253.53,Bank Transfer,REF-21006914,TND,IBAN78623540796148
PAY00391,SINV00591,2024-09-16,287686.89,Wire Transfer,REF-95193592,TND,IBAN36652016398853
PAY00392,SINV00224,2022-09-30,302953.29,Wire Transfer,REF-16199190,TND,IBAN85842036260410
PAY00393,SINV00428,2023-03-22,220970.35,Bank Transfer,REF-73696176,TND,IBAN46996189436718
PAY00394,SINV00755,2024-06-30,72088.81,Direct Debit,REF-24080536,TND,IBAN62718519946135
PAY00395,SINV00202,2022-03-03,209908.63,Check,REF-31541931,TND,IBAN19212144704777
PAY00396,SINV00215,2022-07-07,51198.06,SEPA,REF-53835947,TND,IBAN38284064933907
PAY00397,SINV00421,2024-09-19,96551.31,SEPA,REF-69976098,TND,IBAN93269460869537
PAY00398,SINV00255,2023-03-10,7023.62,Credit Card,REF-66617773,TND,IBAN17058073287415
PAY00399,SINV00085,2024-01-22,88046.79,Wire Transfer,REF-91256453,TND,IBAN60686997872743
PAY00400,SINV00598,2024-07-16,146600.63,SEPA,REF-36107880,TND,IBAN76532856109541
PAY00401,SINV00159,2023-10-30,268821.17,Check,REF-82326441,TND,IBAN81987659665401
PAY00402,SINV00449,2024-11-10,323641.98,Check,REF-79117795,TND,IBAN16071515845882
PAY00403,SINV00451,2023-12-17,180314.53,Bank Transfer,REF-24077810,TND,IBAN87290403384662
PAY00404,SINV00735,2023-09-17,206932.35,SEPA,REF-96426651,TND,IBAN37322326100281
PAY00405,SINV00404,2023-01-02,31145.39,Direct Debit,REF-70745662,TND,IBAN81618554390703
PAY00406,SINV00403,2023-05-21,30234.22,Check,REF-48275555,TND,IBAN77134184457185
PAY00407,SINV00581,2022-07-15,249021.96,Check,REF-15322810,TND,IBAN87701710583027
PAY00408,SINV00491,2022-08-13,53482.78,SEPA,REF-82517130,TND,IBAN62530848836990
PAY00409,SINV00846,2023-05-05,151803.53,Direct Debit,REF-41090468,TND,IBAN33454510753527
PAY00410,SINV00236,2024-02-21,380447.35,SEPA,REF-21046215,TND,IBAN55285380773547
PAY00411,SINV00363,2023-02-22,267843.22,Check,REF-70927185,TND,IBAN58454285317714
PAY00412,SINV00670,2023-05-25,169107.57,Check,REF-93748245,TND,IBAN85684043188564
PAY00413,SINV00680,2022-12-21,149873.76,SEPA,REF-26882548,TND,IBAN92737424369891
PAY00414,SINV00140,2023-05-31,54542.28,Wire Transfer,REF-53719148,TND,IBAN66020352980192
PAY00415,SINV00876,2024-07-09,87107.72,Check,REF-47256957,TND,IBAN67573719731213
PAY00416,SINV00896,2022-12-26,160129.56,Direct Debit,REF-63932978,TND,IBAN53497859343272
PAY00417,SINV00845,2022-09-07,293206.18,Credit Card,REF-42045021,TND,IBAN57109283730095
PAY00418,SINV00122,2024-09-20,200414.37,Wire Transfer,REF-38265460,TND,IBAN83282944944143
PAY00419,SINV00224,2022-09-16,322389.75,Credit Card,REF-40431960,TND,IBAN22514048335619
PAY00420,SINV00003,2022-05-16,104250.66,Direct Debit,REF-30759076,TND,IBAN81946223930115
PAY00421,SINV00300,2023-12-15,281961.51,Direct Debit,REF-32090743,TND,IBAN34466840319152
PAY00422,SINV00719,2023-02-21,52124.72,Check,REF-67664854,TND,IBAN55300887402940
PAY00423,SINV00613,2022-04-20,249721,Wire Transfer,REF-70191145,TND,IBAN22338448353379
PAY00424,SINV00526,2023-09-24,95892.74,Bank Transfer,REF-30354914,TND,IBAN85569280626618
PAY00425,SINV00720,2024-05-18,163267.79,Bank Transfer,REF-37544831,TND,IBAN33617577979977
PAY00426,SINV00458,2023-03-27,237985.42,Bank Transfer,REF-72611795,TND,IBAN11840654305310
PAY00427,SINV00799,2022-08-07,129070.83,Check,REF-44470865,TND,IBAN91676122439366
PAY00428,SINV00885,2022-03-24,266934.91,Credit Card,REF-76327923,TND,IBAN78434697995270
PAY00429,SINV00885,2022-04-15,258150.1,Credit Card,REF-91727019,TND,IBAN51518431619246
PAY00430,SINV00699,2024-08-28,296009.64,Bank Transfer,REF-30686964,TND,IBAN90770625233618
PAY00431,SINV00849,2024-12-04,261767.31,Credit Card,REF-59449217,TND,IBAN74244991672374
PAY00432,SINV00530,2024-03-06,277946.37,Credit Card,REF-74578762,TND,IBAN75303226859051
PAY00433,SINV00736,2024-02-20,209343.52,Bank Transfer,REF-60460924,TND,IBAN50618223923680
PAY00434,SINV00301,2023-12-17,6694.79,Credit Card,REF-38534846,TND,IBAN13502676914501
PAY00435,SINV00677,2023-09-01,122559.24,Bank Transfer,REF-73673985,TND,IBAN26265232002242
PAY00436,SINV00736,2024-02-23,175237.48,SEPA,REF-51407257,TND,IBAN12776250724607
PAY00437,SINV00359,2024-05-09,177739.55,Wire Transfer,REF-60366236,TND,IBAN90853898934971
PAY00438,SINV00681,2023-06-17,204612.63,SEPA,REF-11279127,TND,IBAN87066555701773
PAY00439,SINV00050,2022-12-23,113786.96,Credit Card,REF-37506105,TND,IBAN26223047664484
PAY00440,SINV00471,2023-05-31,48793.46,Credit Card,REF-46602561,TND,IBAN80182336349917
PAY00441,SINV00194,2022-07-10,162747.23,Check,REF-48482814,TND,IBAN99846727987341
PAY00442,SINV00733,2023-01-23,299825.01,Direct Debit,REF-39699812,TND,IBAN59037585229601
PAY00443,SINV00029,2022-08-03,193837.92,Check,REF-47607402,TND,IBAN67469826679099
PAY00444,SINV00539,2023-03-11,248466.32,Direct Debit,REF-87536974,TND,IBAN36317668560434
PAY00445,SINV00524,2024-10-16,30984.92,Check,REF-35860278,TND,IBAN72664134044577
PAY00446,SINV00062,2024-09-26,141015.78,Credit Card,REF-80565501,TND,IBAN68145203750206
PAY00447,SINV00626,2024-05-14,223351.56,SEPA,REF-57754546,TND,IBAN12366455299727
PAY00448,SINV00542,2022-05-08,219809.59,Direct Debit,REF-90561936,TND,IBAN46949951298965
PAY00449,SINV00654,2024-05-22,261965.58,Wire Transfer,REF-56709851,TND,IBAN55256625257037
PAY00450,SINV00376,2023-01-15,108893.22,SEPA,REF-87402240,TND,IBAN43300450508984
PAY00451,SINV00170,2022-01-12,140237.67,Wire Transfer,REF-62027669,TND,IBAN48222480758735
PAY00452,SINV00597,2025-01-14,52292.41,Bank Transfer,REF-55195986,TND,IBAN60780498657329
PAY00453,SINV00075,2023-09-27,203223.98,Wire Transfer,REF-23453000,TND,IBAN54054595345601
PAY00454,SINV00667,2023-11-20,378044.99,Bank Transfer,REF-10607151,TND,IBAN15287692402569
PAY00455,SINV00203,2022-06-24,98315.52,Wire Transfer,REF-83186059,TND,IBAN77038710963749
PAY00456,SINV00276,2024-12-19,267669.3,Bank Transfer,REF-43137279,TND,IBAN70450097734535
PAY00457,SINV00563,2022-01-12,26098.61,Credit Card,REF-18950881,TND,IBAN23979765303883
PAY00458,SINV00507,2024-10-16,42038.17,Check,REF-82656408,TND,IBAN95673796299057
PAY00459,SINV00443,2024-10-07,40233.65,Bank Transfer,REF-15428056,TND,IBAN18512186633369
PAY00460,SINV00804,2024-08-02,140727.51,Check,REF-52106301,TND,IBAN34671578848520
PAY00461,SINV00409,2024-07-13,88795.23,SEPA,REF-68177485,TND,IBAN64011435172973
PAY00462,SINV00575,2022-03-17,100406.46,Wire Transfer,REF-17403108,TND,IBAN55353322867394
PAY00463,SINV00875,2023-04-13,33217.73,Bank Transfer,REF-71738564,TND,IBAN12487166205531
PAY00464,SINV00257,2023-05-20,96246.48,Check,REF-76824006,TND,IBAN94521584025728
PAY00465,SINV00669,2024-02-27,186067.84,Direct Debit,REF-96520704,TND,IBAN75528457566973
PAY00466,SINV00440,2024-03-01,157115.01,SEPA,REF-79303511,TND,IBAN79310662337095
PAY00467,SINV00101,2024-10-31,62618.68,SEPA,REF-80391849,TND,IBAN99045673792421
PAY00468,SINV00396,2024-06-04,209764.83,Direct Debit,REF-54799619,TND,IBAN75034749652414
PAY00469,SINV00695,2023-09-15,162009.88,Bank Transfer,REF-50824418,TND,IBAN77995622898657
PAY00470,SINV00264,2024-06-24,102881.32,Wire Transfer,REF-36223838,TND,IBAN11025198736587
PAY00471,SINV00476,2023-08-09,66458.59,Check,REF-27415828,TND,IBAN60939042707254
PAY00472,SINV00285,2024-12-25,106819.16,Credit Card,REF-71746454,TND,IBAN40396801980001
PAY00473,SINV00528,2024-05-11,181035.9,Direct Debit,REF-62970101,TND,IBAN57468526151363
PAY00474,SINV00216,2022-02-20,281665.74,Credit Card,REF-50812834,TND,IBAN39684793141721
PAY00475,SINV00182,2023-11-06,28046.29,Direct Debit,REF-28381802,TND,IBAN20033055801362
PAY00476,SINV00337,2022-06-29,160629.1,Check,REF-44441740,TND,IBAN77939613920766
PAY00477,SINV00709,2023-07-14,17570.85,Bank Transfer,REF-43415626,TND,IBAN17909312113305
PAY00478,SINV00652,2023-06-13,330026.67,Direct Debit,REF-49613119,TND,IBAN86197380257411
PAY00479,SINV00043,2024-06-18,338844.89,Bank Transfer,REF-38466611,TND,IBAN79662586363307
PAY00480,SINV00556,2022-05-22,52684.72,Bank Transfer,REF-12632368,TND,IBAN40452479507705
PAY00481,SINV00094,2022-07-31,39410.7,Bank Transfer,REF-88371304,TND,IBAN17514214521317
PAY00482,SINV00841,2024-12-27,159779.1,Credit Card,REF-44114016,TND,IBAN17718140986378
PAY00483,SINV00569,2024-07-08,133544.95,Check,REF-77622253,TND,IBAN65209771907810
PAY00484,SINV00702,2022-07-04,236636.86,Direct Debit,REF-50691746,TND,IBAN32905728424168
PAY00485,SINV00696,2022-05-18,61174.04,Check,REF-69034959,TND,IBAN83544400687383
PAY00486,SINV00868,2022-10-25,16148.22,SEPA,REF-68347863,TND,IBAN51274146529241
PAY00487,SINV00161,2024-09-04,178555.33,Wire Transfer,REF-33542681,TND,IBAN79481808781304
PAY00488,SINV00010,2023-11-04,26972.49,Wire Transfer,REF-38210882,TND,IBAN28362529482310
PAY00489,SINV00547,2022-11-07,11958.47,SEPA,REF-91844187,TND,IBAN29367207205086
PAY00490,SINV00148,2024-08-08,68438.33,Credit Card,REF-22102840,TND,IBAN64238669656709
PAY00491,SINV00599,2023-05-04,170883.27,SEPA,REF-33446485,TND,IBAN81662349236319
PAY00492,SINV00052,2022-07-01,262947.88,Wire Transfer,REF-83485277,TND,IBAN20657746927906
PAY00493,SINV00802,2023-11-15,155639.7,Direct Debit,REF-12920166,TND,IBAN41300435047662
PAY00494,SINV00222,2023-02-05,219714.94,Check,REF-70317844,TND,IBAN41020928808078
PAY00495,SINV00763,2023-09-27,24075.81,Bank Transfer,REF-48909072,TND,IBAN44534069323548
PAY00496,SINV00335,2024-12-28,147507.64,Credit Card,REF-60333835,TND,IBAN57560279029634
PAY00497,SINV00768,2022-03-07,266218.87,Credit Card,REF-72674221,TND,IBAN98902387490744
PAY00498,SINV00382,2023-03-26,268984.33,Check,REF-97265508,TND,IBAN40637856083990
PAY00499,SINV00056,2022-07-12,178696.62,Direct Debit,REF-68307918,TND,IBAN60107391910219
PAY00500,SINV00610,2024-08-03,89646.41,Check,REF-57807098,TND,IBAN98587182085063
PAY00501,SINV00558,2022-09-25,344345.97,Wire Transfer,REF-88756091,TND,IBAN19547659346922
PAY00502,SINV00460,2022-10-28,337683.36,Wire Transfer,REF-86501898,TND,IBAN40835671880862
PAY00503,SINV00107,2022-11-23,136382.08,Credit Card,REF-75984100,TND,IBAN81810793198510
PAY00504,SINV00101,2024-11-11,73008.02,Bank Transfer,REF-46015177,TND,IBAN99727501655366
PAY00505,SINV00241,2022-09-06,189156.25,Wire Transfer,REF-36765631,TND,IBAN84888803126836
PAY00506,SINV00301,2024-01-07,5876.78,Wire Transfer,REF-12831159,TND,IBAN54085519948515
PAY00507,SINV00550,2023-06-05,3395.92,Bank Transfer,REF-23306890,TND,IBAN59687498443303
PAY00508,SINV00722,2023-10-18,178773.02,Bank Transfer,REF-76267219,TND,IBAN52086087488093
PAY00509,SINV00143,2023-12-19,297641.28,Bank Transfer,REF-85484449,TND,IBAN66493943345249
PAY00510,SINV00802,2023-11-09,226369.04,Bank Transfer,REF-21595621,TND,IBAN88079809182375
PAY00511,SINV00429,2022-03-15,101121.68,Bank Transfer,REF-75497987,TND,IBAN71695069733849
PAY00512,SINV00071,2022-03-01,310440.26,Bank Transfer,REF-20628847,TND,IBAN36193842598747
PAY00513,SINV00465,2022-09-07,226284.04,Direct Debit,REF-25686846,TND,IBAN33740027821935
PAY00514,SINV00548,2022-09-30,300752.23,Credit Card,REF-18088385,TND,IBAN16834969495723
PAY00515,SINV00841,2024-12-13,164967.18,Bank Transfer,REF-22955091,TND,IBAN97958369479207
PAY00516,SINV00880,2024-03-18,139513.82,Bank Transfer,REF-56076501,TND,IBAN44730246571352
PAY00517,SINV00135,2024-08-22,7055.41,Check,REF-84051712,TND,IBAN27647106810909
PAY00518,SINV00071,2022-02-25,312769.58,SEPA,REF-70062953,TND,IBAN91905385229238
PAY00519,SINV00095,2022-06-29,10846.92,Direct Debit,REF-43189703,TND,IBAN79888451356772
PAY00520,SINV00500,2024-01-05,127154.43,Direct Debit,REF-73598429,TND,IBAN44680923229177
PAY00521,SINV00584,2022-04-20,161809.08,Check,REF-59050058,TND,IBAN26948542634000
PAY00522,SINV00030,2024-05-30,121686.66,Bank Transfer,REF-37222197,TND,IBAN52124440513505
PAY00523,SINV00032,2023-02-07,136207.72,Direct Debit,REF-18245495,TND,IBAN67661330219711
PAY00524,SINV00827,2022-02-02,380503.67,Credit Card,REF-20957586,TND,IBAN29376499535801
PAY00525,SINV00347,2024-10-24,213840.7,Direct Debit,REF-97783709,TND,IBAN65606880190654
PAY00526,SINV00782,2024-09-28,66746.26,Bank Transfer,REF-19548247,TND,IBAN89706289261161
PAY00527,SINV00571,2022-07-20,118827.86,Credit Card,REF-56950933,TND,IBAN52349749614517
PAY00528,SINV00427,2024-03-04,106339.06,Credit Card,REF-24663032,TND,IBAN25004671084728
PAY00529,SINV00266,2023-10-01,37758.35,Credit Card,REF-58185789,TND,IBAN10500119898770
PAY00530,SINV00845,2022-09-07,260427.59,Credit Card,REF-44347670,TND,IBAN24541999421938
PAY00531,SINV00435,2024-09-11,54756.09,Bank Transfer,REF-55905289,TND,IBAN73269190300897
PAY00532,SINV00637,2023-08-03,74686.52,Check,REF-24706100,TND,IBAN88330109293283
PAY00533,SINV00821,2023-03-12,254518.56,Credit Card,REF-94548776,TND,IBAN48000098107337
PAY00534,SINV00251,2022-12-08,304275.81,Direct Debit,REF-24851071,TND,IBAN22404679245857
PAY00535,SINV00752,2022-10-25,230276.55,Credit Card,REF-92630684,TND,IBAN87800246432660
PAY00536,SINV00311,2022-11-16,106501.18,Check,REF-27952139,TND,IBAN13173040421926
PAY00537,SINV00271,2024-08-25,162739.1,SEPA,REF-56537168,TND,IBAN48987643083388
PAY00538,SINV00078,2023-06-16,225042.02,Bank Transfer,REF-33727962,TND,IBAN32742419457289
PAY00539,SINV00888,2025-01-15,182029.49,Check,REF-10777268,TND,IBAN23482459090792
PAY00540,SINV00863,2024-11-09,123166.36,Check,REF-68220691,TND,IBAN78246490136647
PAY00541,SINV00774,2022-06-17,63893.6,Check,REF-89272750,TND,IBAN49933821669493
PAY00542,SINV00841,2024-12-06,191465.37,SEPA,REF-26498505,TND,IBAN15384122681701
PAY00543,SINV00307,2023-09-12,157078.79,SEPA,REF-95990380,TND,IBAN19196142338841
PAY00544,SINV00529,2023-06-02,294015.73,Wire Transfer,REF-35805768,TND,IBAN68527583245309
PAY00545,SINV00374,2023-03-07,358598.44,SEPA,REF-36830304,TND,IBAN24471849155059
PAY00546,SINV00889,2023-06-11,349758.88,Wire Transfer,REF-44386130,TND,IBAN56678422169089
PAY00547,SINV00272,2022-03-11,104438.7,SEPA,REF-46181631,TND,IBAN74764795709976
PAY00548,SINV00558,2022-09-16,248110.18,Direct Debit,REF-44640637,TND,IBAN27671455070967
PAY00549,SINV00315,2023-06-11,114492.23,Check,REF-79820187,TND,IBAN33343979770179
PAY00550,SINV00370,2023-11-03,150442.29,Credit Card,REF-55183971,TND,IBAN35928830374823
PAY00551,SINV00175,2023-06-13,296137.12,Check,REF-45105675,TND,IBAN65669867339699
PAY00552,SINV00622,2023-06-16,48220.59,Credit Card,REF-40877517,TND,IBAN45860905984322
PAY00553,SINV00344,2023-05-07,246040.05,Credit Card,REF-73996230,TND,IBAN11339543867641
PAY00554,SINV00210,2022-09-07,211917.93,Check,REF-75910139,TND,IBAN57144688967850
PAY00555,SINV00371,2022-05-13,240099.74,Bank Transfer,REF-94100723,TND,IBAN32542856394274
PAY00556,SINV00277,2024-09-15,140648.34,SEPA,REF-11638826,TND,IBAN31155436492361
PAY00557,SINV00360,2023-02-17,351606.34,SEPA,REF-27832227,TND,IBAN16648608248318
PAY00558,SINV00018,2023-11-28,190389.08,Wire Transfer,REF-74233410,TND,IBAN39668090423930
PAY00559,SINV00402,2022-05-10,166178.24,Credit Card,REF-58172379,TND,IBAN14629268815061
PAY00560,SINV00266,2023-09-20,21541,SEPA,REF-99028485,TND,IBAN67894989086943
PAY00561,SINV00188,2025-01-13,250861.23,Check,REF-60677900,TND,IBAN89634773202169
PAY00562,SINV00162,2024-07-21,87669.54,Credit Card,REF-64639795,TND,IBAN57686469637137
PAY00563,SINV00724,2023-05-15,69757.9,Wire Transfer,REF-50828538,TND,IBAN19979856157694
PAY00564,SINV00763,2023-10-28,32262.97,Wire Transfer,REF-53095749,TND,IBAN51340389869565
PAY00565,SINV00002,2022-08-17,101749.3,Credit Card,REF-31691033,TND,IBAN64870769037560
PAY00566,SINV00885,2022-04-20,287239.58,Check,REF-52311711,TND,IBAN53854113793814
PAY00567,SINV00079,2023-07-10,247945.48,Bank Transfer,REF-77575826,TND,IBAN86509032670051
PAY00568,SINV00330,2023-05-05,338430.44,Bank Transfer,REF-63359795,TND,IBAN68939622683081
PAY00569,SINV00358,2023-10-25,162413.2,SEPA,REF-34799632,TND,IBAN82081546851821
PAY00570,SINV00415,2024-10-18,203343.26,Bank Transfer,REF-55522443,TND,IBAN63356861507243
PAY00571,SINV00727,2022-03-04,142407.74,Wire Transfer,REF-72328534,TND,IBAN10800823734467
PAY00572,SINV00587,2023-04-25,44848.56,SEPA,REF-99505701,TND,IBAN26018397796001
PAY00573,SINV00552,2023-12-29,58588.09,Direct Debit,REF-44984494,TND,IBAN14449087229677
PAY00574,SINV00760,2023-11-20,14158.41,SEPA,REF-76310112,TND,IBAN59733130312038
PAY00575,SINV00563,2022-01-17,27928.79,Check,REF-74757170,TND,IBAN48494584763065
PAY00576,SINV00611,2023-01-09,211188.61,Check,REF-57844012,TND,IBAN41756143828376
PAY00577,SINV00437,2024-01-06,185349.18,Wire Transfer,REF-43322338,TND,IBAN68155427845199
PAY00578,SINV00563,2022-01-21,25729.62,Credit Card,REF-39666043,TND,IBAN55769751050810
PAY00579,SINV00741,2022-07-01,303960.17,Bank Transfer,REF-54916737,TND,IBAN84859958764887
PAY00580,SINV00188,2025-01-07,187753.02,Credit Card,REF-17075125,TND,IBAN52129281902174
PAY00581,SINV00059,2023-07-30,162667.49,SEPA,REF-86178126,TND,IBAN72974644033770
PAY00582,SINV00718,2023-09-11,197326.25,SEPA,REF-99925532,TND,IBAN70905912390130
PAY00583,SINV00135,2024-08-06,4671.16,Wire Transfer,REF-83575237,TND,IBAN40750606054501
PAY00584,SINV00854,2022-03-08,188265.24,SEPA,REF-44660576,TND,IBAN53946524655828
PAY00585,SINV00248,2024-03-11,167394.65,Wire Transfer,REF-61601247,TND,IBAN81670998401965
PAY00586,SINV00843,2023-01-12,71918.34,Direct Debit,REF-32146894,TND,IBAN96573001708521
PAY00587,SINV00248,2024-02-22,203637.07,Direct Debit,REF-89914782,TND,IBAN99955250347056
PAY00588,SINV00526,2023-11-02,101425.68,Wire Transfer,REF-16401190,TND,IBAN21825010003985
PAY00589,SINV00617,2023-04-25,133819.99,Direct Debit,REF-98490291,TND,IBAN69362953541230
PAY00590,SINV00285,2025-01-01,148775.6,SEPA,REF-70131526,TND,IBAN38065250769861
PAY00591,SINV00312,2022-08-22,189371.39,Bank Transfer,REF-81389771,TND,IBAN66844309330909
PAY00592,SINV00023,2022-03-16,157848.1,Bank Transfer,REF-99008410,TND,IBAN65431462453080
PAY00593,SINV00016,2023-12-17,101750.87,Direct Debit,REF-21021166,TND,IBAN75716274824578
PAY00594,SINV00239,2022-08-24,102691.71,Bank Transfer,REF-56014402,TND,IBAN88265348588929
PAY00595,SINV00868,2022-11-15,16090.37,Bank Transfer,REF-57075687,TND,IBAN48262796474573
PAY00596,SINV00662,2023-10-06,18669.3,Wire Transfer,REF-88626341,TND,IBAN52114658584750
PAY00597,SINV00069,2023-05-09,218162.95,Direct Debit,REF-52732384,TND,IBAN50623866721888
PAY00598,SINV00469,2024-04-13,190319.78,SEPA,REF-27587309,TND,IBAN53668838985313
PAY00599,SINV00036,2024-04-18,165472.78,Bank Transfer,REF-32524969,TND,IBAN33424041556998
PAY00600,SINV00799,2022-08-08,126227.95,Wire Transfer,REF-85928428,TND,IBAN40777344700367
PAY00601,SINV00845,2022-09-12,240654.55,Wire Transfer,REF-25471498,TND,IBAN58645812772810
PAY00602,SINV00539,2023-02-23,302123.66,Credit Card,REF-21720372,TND,IBAN89729868344364
PAY00603,SINV00541,2024-01-27,216846.03,SEPA,REF-96702369,TND,IBAN91964590226844
PAY00604,SINV00232,2022-03-07,71758.5,Bank Transfer,REF-26175587,TND,IBAN31212686065112
PAY00605,SINV00659,2022-02-18,209124.4,SEPA,REF-99593072,TND,IBAN90155491915077
PAY00606,SINV00328,2022-11-21,104513.49,Direct Debit,REF-71413846,TND,IBAN35150903689750
PAY00607,SINV00702,2022-07-06,316382.42,Credit Card,REF-23450789,TND,IBAN57140067846754
PAY00608,SINV00185,2023-11-06,305292.03,Bank Transfer,REF-84303927,TND,IBAN71565928743670
PAY00609,SINV00826,2022-08-17,148945.69,SEPA,REF-27354676,TND,IBAN91367027218801
PAY00610,SINV00078,2023-06-17,267508.74,Check,REF-90365722,TND,IBAN55342884249986
PAY00611,SINV00032,2023-01-23,141070.13,Check,REF-46354221,TND,IBAN84344394090005
PAY00612,SINV00557,2025-01-20,192160.9,SEPA,REF-86301385,TND,IBAN80488352697865
PAY00613,SINV00525,2022-08-25,181385.64,Wire Transfer,REF-75126550,TND,IBAN85677661755309
PAY00614,SINV00780,2022-10-07,21057.02,Wire Transfer,REF-47910931,TND,IBAN21326583484534
PAY00615,SINV00387,2023-12-19,181380.21,Wire Transfer,REF-60946187,TND,IBAN59280604789075
PAY00616,SINV00859,2024-11-13,131729.46,Credit Card,REF-77076032,TND,IBAN30578871409568
PAY00617,SINV00814,2023-03-28,218528.9,SEPA,REF-28688075,TND,IBAN48050796140114
PAY00618,SINV00253,2024-08-11,214506.48,Bank Transfer,REF-42988238,TND,IBAN82941371175448
PAY00619,SINV00678,2023-08-13,85210.73,Direct Debit,REF-52993120,TND,IBAN24445990606216
PAY00620,SINV00870,2023-08-27,184448.06,Wire Transfer,REF-78036006,TND,IBAN80013465288016
PAY00621,SINV00239,2022-08-04,186194.79,Wire Transfer,REF-76154067,TND,IBAN16291972036943
PAY00622,SINV00425,2022-11-20,70652.95,SEPA,REF-65278789,TND,IBAN47564290177566
PAY00623,SINV00024,2023-04-08,289704.76,SEPA,REF-79049671,TND,IBAN98686317787136
PAY00624,SINV00550,2023-06-26,3623.08,Bank Transfer,REF-26425853,TND,IBAN80800056460526
PAY00625,SINV00089,2022-05-29,166220.25,Check,REF-71004646,TND,IBAN84128728056333
PAY00626,SINV00721,2023-03-15,284665.32,Direct Debit,REF-28405833,TND,IBAN96991585790456
PAY00627,SINV00583,2023-08-19,279534.35,Credit Card,REF-92296657,TND,IBAN15799104417602
PAY00628,SINV00327,2022-12-08,175049.9,Bank Transfer,REF-92122019,TND,IBAN89257482482696
PAY00629,SINV00837,2023-11-27,149155.31,Direct Debit,REF-12897999,TND,IBAN65884996801690
PAY00630,SINV00086,2024-01-03,181478.94,Direct Debit,REF-68838370,TND,IBAN85301054374454
PAY00631,SINV00345,2022-12-14,10889.98,Wire Transfer,REF-11147676,TND,IBAN40763452839641
PAY00632,SINV00191,2024-01-11,44274.27,Bank Transfer,REF-83799046,TND,IBAN55309471058219
PAY00633,SINV00510,2024-08-23,9387.6,Bank Transfer,REF-71217460,TND,IBAN15532547465311
PAY00634,SINV00662,2023-10-18,21735.03,SEPA,REF-50597989,TND,IBAN63177392723215
PAY00635,SINV00137,2022-11-10,252008.82,Credit Card,REF-61737560,TND,IBAN64989367209944
PAY00636,SINV00220,2024-02-18,346005.49,Wire Transfer,REF-99565106,TND,IBAN25954752719535
PAY00637,SINV00856,2022-04-14,16762.6,Credit Card,REF-98539470,TND,IBAN29781807234193
PAY00638,SINV00352,2022-12-15,125184.59,Bank Transfer,REF-48139910,TND,IBAN23628717548578
PAY00639,SINV00287,2022-02-18,226878.25,Wire Transfer,REF-86602417,TND,IBAN52533192840829
PAY00640,SINV00898,2024-02-24,252978.49,Wire Transfer,REF-38844653,TND,IBAN23021295435104
PAY00641,SINV00121,2022-09-26,222878.58,SEPA,REF-70043250,TND,IBAN98637363182261
PAY00642,SINV00498,2024-08-03,128773.63,SEPA,REF-90135604,TND,IBAN21368807810554
PAY00643,SINV00326,2022-08-31,22708.68,Wire Transfer,REF-93350593,TND,IBAN97128263992538
PAY00644,SINV00673,2022-01-25,79581.95,Bank Transfer,REF-41456892,TND,IBAN72479787459713
PAY00645,SINV00108,2023-12-27,349262.93,SEPA,REF-73659369,TND,IBAN47597638353251
PAY00646,SINV00885,2022-03-20,318842.01,SEPA,REF-16624908,TND,IBAN76498707635912
PAY00647,SINV00777,2022-05-14,109504.22,Bank Transfer,REF-20848742,TND,IBAN41786975514396
PAY00648,SINV00547,2022-11-19,7572.09,Credit Card,REF-36347136,TND,IBAN91601850973966
PAY00649,SINV00638,2023-08-11,195342.87,Wire Transfer,REF-42150705,TND,IBAN88947652072361
PAY00650,SINV00881,2024-09-30,164975.14,Wire Transfer,REF-11863839,TND,IBAN12713078046908
PAY00651,SINV00669,2024-04-01,139902.79,Credit Card,REF-85441484,TND,IBAN37968704951227
PAY00652,SINV00126,2024-08-03,71029.44,SEPA,REF-18383835,TND,IBAN80219639475466
PAY00653,SINV00693,2022-12-31,295636.7,Wire Transfer,REF-48728604,TND,IBAN61341546069839
PAY00654,SINV00820,2023-12-31,54241.92,Direct Debit,REF-52891197,TND,IBAN25154946450505
PAY00655,SINV00191,2024-01-15,45572.22,Bank Transfer,REF-11568566,TND,IBAN95787486392755
PAY00656,SINV00796,2023-08-04,113797.88,Credit Card,REF-87645665,TND,IBAN33099126060309
PAY00657,SINV00385,2023-01-04,192045.94,Wire Transfer,REF-75824546,TND,IBAN81016181574217
PAY00658,SINV00784,2024-02-18,327289.92,SEPA,REF-80145361,TND,IBAN91758954324980
PAY00659,SINV00683,2022-08-10,244739.24,Credit Card,REF-15624378,TND,IBAN15458020959131
PAY00660,SINV00102,2022-06-09,172414.54,Wire Transfer,REF-20072117,TND,IBAN11013262472440
PAY00661,SINV00191,2024-01-13,47503.97,Credit Card,REF-29014659,TND,IBAN80050130928253
PAY00662,SINV00832,2022-09-29,27870.52,Check,REF-79636512,TND,IBAN22756201551192
PAY00663,SINV00591,2024-10-06,289535.55,SEPA,REF-45898295,TND,IBAN10825164678231
PAY00664,SINV00153,2023-04-28,338724.02,Credit Card,REF-51210371,TND,IBAN45237068836760
PAY00665,SINV00328,2022-10-25,81092.53,Check,REF-49136878,TND,IBAN47534314747098
PAY00666,SINV00373,2022-06-01,112463.55,Bank Transfer,REF-76562497,TND,IBAN56662677209384
PAY00667,SINV00514,2023-11-05,63892.65,Direct Debit,REF-77030674,TND,IBAN31852979693382
PAY00668,SINV00445,2023-10-30,16359.03,Wire Transfer,REF-99971959,TND,IBAN36713151145282
PAY00669,SINV00360,2023-02-09,223288.86,Bank Transfer,REF-60222192,TND,IBAN94044214324690
PAY00670,SINV00614,2025-01-05,5000.22,Direct Debit,REF-42215509,TND,IBAN93424323544189
PAY00671,SINV00516,2022-05-04,9928.37,Direct Debit,REF-33482592,TND,IBAN13960349426637
PAY00672,SINV00008,2024-10-30,373992.58,Credit Card,REF-50374399,TND,IBAN59001901812455
PAY00673,SINV00559,2023-06-25,131917.86,Direct Debit,REF-62350736,TND,IBAN24973129373192
PAY00674,SINV00077,2022-03-10,364225.49,Credit Card,REF-66881066,TND,IBAN88863500366095
PAY00675,SINV00426,2024-05-09,143431.97,Bank Transfer,REF-83573500,TND,IBAN75870986080269
PAY00676,SINV00552,2024-01-21,55835.75,Wire Transfer,REF-92004563,TND,IBAN22302568839824
PAY00677,SINV00825,2023-07-26,338656.7,Check,REF-95059591,TND,IBAN71630775966715
PAY00678,SINV00135,2024-09-14,4747.95,Check,REF-26822526,TND,IBAN52412887273010
PAY00679,SINV00206,2022-03-26,373537.71,Check,REF-59252977,TND,IBAN98440016932268
PAY00680,SINV00885,2022-03-25,202970.52,Bank Transfer,REF-51419095,TND,IBAN16610226813817
PAY00681,SINV00294,2023-05-04,229512.36,Credit Card,REF-56182401,TND,IBAN93360680429676
PAY00682,SINV00111,2022-12-19,41094.59,Bank Transfer,REF-61929340,TND,IBAN23607936119170
PAY00683,SINV00659,2022-01-22,190105.3,Wire Transfer,REF-31616381,TND,IBAN55033242632523
PAY00684,SINV00326,2022-08-29,26850.7,Wire Transfer,REF-78961768,TND,IBAN53624163454748
PAY00685,SINV00075,2023-09-22,233402.89,Bank Transfer,REF-58948880,TND,IBAN68953899221335
PAY00686,SINV00337,2022-07-19,86768.39,Bank Transfer,REF-77912416,TND,IBAN92594985188168
PAY00687,SINV00318,2022-07-31,196436.88,Bank Transfer,REF-73716559,TND,IBAN27700673747067
PAY00688,SINV00151,2022-03-25,154633.96,Check,REF-38277717,TND,IBAN13078803055591
PAY00689,SINV00679,2024-07-24,168497.43,Wire Transfer,REF-82884545,TND,IBAN72100167196644
PAY00690,SINV00773,2024-06-05,172333.89,Check,REF-40111848,TND,IBAN33275119541023
PAY00691,SINV00648,2023-01-23,43246.38,SEPA,REF-25523584,TND,IBAN42470953190547
PAY00692,SINV00647,2024-04-22,10423.14,Wire Transfer,REF-97525322,TND,IBAN20402077368412
PAY00693,SINV00884,2023-01-15,22660.81,Direct Debit,REF-73968946,TND,IBAN13951434658529
PAY00694,SINV00629,2023-04-11,153325.35,Credit Card,REF-52635336,TND,IBAN29617446568739
PAY00695,SINV00571,2022-06-28,105768.48,Bank Transfer,REF-68604953,TND,IBAN75928494992190
PAY00696,SINV00695,2023-09-11,165333.31,Direct Debit,REF-59662306,TND,IBAN84705872129054
PAY00697,SINV00647,2024-03-22,10207.46,Check,REF-14793634,TND,IBAN23474445708218
PAY00698,SINV00898,2024-02-07,181025.47,Credit Card,REF-55861184,TND,IBAN49358389774902
PAY00699,SINV00623,2023-02-02,325233.31,SEPA,REF-88503971,TND,IBAN25805093008766
PAY00700,SINV00518,2022-02-26,65834.35,Wire Transfer,REF-30297944,TND,IBAN53262521086100
PAY00701,SINV00094,2022-08-09,63321.64,Check,REF-48433494,TND,IBAN69213215037372
PAY00702,SINV00715,2022-03-05,246863.42,Credit Card,REF-36287220,TND,IBAN42452727959435
PAY00703,SINV00599,2023-05-04,134771.98,Bank Transfer,REF-39123909,TND,IBAN87057463883687
PAY00704,SINV00082,2022-05-15,299467.37,SEPA,REF-98938240,TND,IBAN43240254329512
PAY00705,SINV00750,2023-01-14,115715.24,Check,REF-26835130,TND,IBAN31391524077423
PAY00706,SINV00496,2023-04-30,240340.31,Wire Transfer,REF-99063313,TND,IBAN93956943295013
PAY00707,SINV00479,2023-03-19,156239.87,Bank Transfer,REF-86423618,TND,IBAN45393821234491
PAY00708,SINV00549,2023-09-22,18880.15,Credit Card,REF-41971752,TND,IBAN19458435998302
PAY00709,SINV00156,2022-08-18,69608.74,Wire Transfer,REF-37472236,TND,IBAN84640936050677
PAY00710,SINV00483,2023-06-24,62920.47,SEPA,REF-55132434,TND,IBAN57994332867376
PAY00711,SINV00116,2022-12-07,196570.37,Credit Card,REF-28357029,TND,IBAN99855052695027
PAY00712,SINV00257,2023-06-01,49904,Credit Card,REF-83012363,TND,IBAN51814541820247
PAY00713,SINV00493,2023-07-16,431837.62,Direct Debit,REF-87383608,TND,IBAN73317064919313
PAY00714,SINV00732,2023-03-01,110123.84,Credit Card,REF-34718233,TND,IBAN49405221267179
PAY00715,SINV00088,2023-10-18,238435.03,Wire Transfer,REF-35349851,TND,IBAN62032168460052
PAY00716,SINV00176,2024-09-15,35936.97,Check,REF-25207155,TND,IBAN33539124141493
PAY00717,SINV00118,2024-12-06,133836.32,SEPA,REF-15453351,TND,IBAN73813459943817
PAY00718,SINV00440,2024-04-07,163232.28,Credit Card,REF-46848641,TND,IBAN10777467358726
PAY00719,SINV00191,2024-01-11,74709.13,Bank Transfer,REF-97513494,TND,IBAN98838912416754
PAY00720,SINV00389,2022-12-15,204879.73,Bank Transfer,REF-85378045,TND,IBAN41021400195900
PAY00721,SINV00579,2022-08-15,263409.27,Check,REF-42426251,TND,IBAN70574349896507
PAY00722,SINV00580,2023-12-09,119591.47,SEPA,REF-58237991,TND,IBAN43929215907932
PAY00723,SINV00627,2023-01-07,251247.66,SEPA,REF-37117600,TND,IBAN79566022224139
PAY00724,SINV00899,2024-06-03,31576.92,Wire Transfer,REF-60416255,TND,IBAN32315193472841
PAY00725,SINV00594,2023-05-17,354429.91,Direct Debit,REF-16315495,TND,IBAN28958126975717
PAY00726,SINV00578,2023-07-17,25185.92,Check,REF-54844252,TND,IBAN85960175578850
PAY00727,SINV00791,2022-02-20,285104.5,SEPA,REF-15140986,TND,IBAN16350706331295
PAY00728,SINV00128,2023-04-01,238407.44,Check,REF-45885192,TND,IBAN84666593290437
PAY00729,SINV00645,2022-10-14,163330.71,Direct Debit,REF-75534059,TND,IBAN58753156961381
PAY00730,SINV00196,2023-12-24,66398.56,Direct Debit,REF-15105391,TND,IBAN53741810179968
PAY00731,SINV00126,2024-07-01,56160.04,SEPA,REF-88572643,TND,IBAN51792224504341
PAY00732,SINV00125,2024-09-29,227800.02,Credit Card,REF-47371056,TND,IBAN50174588623682
PAY00733,SINV00143,2023-12-12,268851.24,Wire Transfer,REF-35086651,TND,IBAN68555958719069
PAY00734,SINV00390,2022-12-30,172371.88,Direct Debit,REF-36673215,TND,IBAN10803806198463
PAY00735,SINV00408,2022-09-13,116647.36,Bank Transfer,REF-59235061,TND,IBAN10783682516744
PAY00736,SINV00784,2024-01-28,346576.78,Direct Debit,REF-35332466,TND,IBAN11560065435728
PAY00737,SINV00653,2023-03-22,121201.4,Wire Transfer,REF-46567754,TND,IBAN25709080205382
PAY00738,SINV00354,2023-11-16,135216.53,Wire Transfer,REF-78654411,TND,IBAN30125485510959
PAY00739,SINV00672,2024-06-18,296740.53,Check,REF-49288342,TND,IBAN41032389047878
PAY00740,SINV00143,2023-11-26,306327.7,Credit Card,REF-24951020,TND,IBAN47039689126633
PAY00741,SINV00227,2024-11-15,220719.55,Credit Card,REF-91783244,TND,IBAN41989007013937
PAY00742,SINV00265,2024-09-15,223284.13,Bank Transfer,REF-10995926,TND,IBAN95457918121426
PAY00743,SINV00900,2022-02-19,183958.05,Direct Debit,REF-50220360,TND,IBAN79179091766108
PAY00744,SINV00841,2024-12-12,138265,Wire Transfer,REF-72839835,TND,IBAN33675736393258
PAY00745,SINV00701,2023-08-13,110734.54,Credit Card,REF-43869869,TND,IBAN53016270525339
PAY00746,SINV00848,2024-09-14,178597.23,Bank Transfer,REF-54772984,TND,IBAN52383653285828
PAY00747,SINV00488,2022-06-28,173855.21,Direct Debit,REF-74258817,TND,IBAN57381960920098
PAY00748,SINV00430,2024-04-25,191123.15,Wire Transfer,REF-29840393,TND,IBAN42259050260884
PAY00749,SINV00550,2023-07-09,2954.02,Direct Debit,REF-81577264,TND,IBAN23716228533767
PAY00750,SINV00250,2024-06-13,79244.58,Check,REF-97636529,TND,IBAN91798018282054
PAY00751,SINV00420,2023-07-03,220196.92,Wire Transfer,REF-13871579,TND,IBAN41767685156752
PAY00752,SINV00627,2022-12-08,268600.08,Bank Transfer,REF-51281758,TND,IBAN41419321483914
PAY00753,SINV00399,2024-06-28,261345.46,Credit Card,REF-81677305,TND,IBAN71191711008617
PAY00754,SINV00281,2022-12-21,79045.7,Credit Card,REF-94794707,TND,IBAN72472631464130
PAY00755,SINV00246,2023-06-10,131568.18,Credit Card,REF-36763899,TND,IBAN41372697161080
PAY00756,SINV00071,2022-03-02,341512.08,Check,REF-18126479,TND,IBAN95793312568530
PAY00757,SINV00310,2023-12-18,251644.07,Credit Card,REF-74010409,TND,IBAN13999870841020
PAY00758,SINV00528,2024-04-16,202381.31,SEPA,REF-83771560,TND,IBAN96845629107747
PAY00759,SINV00601,2023-07-08,37183.48,Wire Transfer,REF-16752819,TND,IBAN43162153298563
PAY00760,SINV00031,2024-05-05,37988.71,Wire Transfer,REF-23344659,TND,IBAN59858146632694
PAY00761,SINV00623,2023-03-01,230065.53,Wire Transfer,REF-13203191,TND,IBAN55852288123167
PAY00762,SINV00165,2023-05-29,303351.51,SEPA,REF-41627942,TND,IBAN82647908927709
PAY00763,SINV00315,2023-06-25,98617.32,Check,REF-40256864,TND,IBAN99474854975614
PAY00764,SINV00159,2023-10-10,319604.09,Bank Transfer,REF-88690681,TND,IBAN46479619167777
PAY00765,SINV00223,2024-08-23,73109.83,Bank Transfer,REF-81692201,TND,IBAN30301740129580
PAY00766,SINV00116,2022-11-13,326531.69,Check,REF-30104082,TND,IBAN20092673042016
PAY00767,SINV00270,2022-02-16,246373.76,Bank Transfer,REF-41187129,TND,IBAN59410234102289
PAY00768,SINV00242,2023-08-30,164970.16,Direct Debit,REF-43184882,TND,IBAN18278429586186
PAY00769,SINV00484,2023-10-11,388944.36,SEPA,REF-53228290,TND,IBAN64991428361746
PAY00770,SINV00209,2024-01-13,155392.84,Wire Transfer,REF-26060940,TND,IBAN47318547229011
PAY00771,SINV00655,2022-10-21,36451.01,Direct Debit,REF-57445789,TND,IBAN17952382301853
PAY00772,SINV00107,2022-11-11,253958.46,Wire Transfer,REF-28121527,TND,IBAN36529509797132
PAY00773,SINV00856,2022-05-10,16106.47,Check,REF-58403796,TND,IBAN84934881198280
PAY00774,SINV00333,2024-01-05,121353.96,Bank Transfer,REF-95745280,TND,IBAN24964778492632
PAY00775,SINV00828,2022-09-16,98485.45,Credit Card,REF-70102014,TND,IBAN54625904653424
PAY00776,SINV00679,2024-08-02,133839.59,SEPA,REF-65229135,TND,IBAN91840128534154
PAY00777,SINV00587,2023-05-14,46887.34,Credit Card,REF-59853070,TND,IBAN78655128673746
PAY00778,SINV00544,2022-06-11,181069.25,Credit Card,REF-73760274,TND,IBAN42447610215296
PAY00779,SINV00435,2024-09-22,51957.3,Credit Card,REF-60166323,TND,IBAN79729784472423
PAY00780,SINV00830,2022-08-11,90433.79,SEPA,REF-62900471,TND,IBAN17461406020431
PAY00781,SINV00238,2022-03-04,150950.37,Bank Transfer,REF-91572010,TND,IBAN56252449160185
PAY00782,SINV00123,2025-01-15,92609.29,Bank Transfer,REF-44537180,TND,IBAN65245689024316
PAY00783,SINV00490,2022-06-25,21144.54,Bank Transfer,REF-16670189,TND,IBAN66797408240653
PAY00784,SINV00109,2023-04-06,199910.14,Check,REF-47762588,TND,IBAN47183580842355
PAY00785,SINV00291,2024-01-24,88622.47,Credit Card,REF-63124629,TND,IBAN79030404285458
PAY00786,SINV00406,2022-12-20,65295.87,Credit Card,REF-23337370,TND,IBAN12265165961013
PAY00787,SINV00821,2023-03-02,229255.83,Bank Transfer,REF-32412612,TND,IBAN93337430441687
PAY00788,SINV00382,2023-04-05,253776.33,Bank Transfer,REF-92902136,TND,IBAN38645650038349
PAY00789,SINV00312,2022-08-31,360487.32,Wire Transfer,REF-62499010,TND,IBAN76912496506464
PAY00790,SINV00642,2022-09-17,285731.66,SEPA,REF-39391665,TND,IBAN33057057603263
PAY00791,SINV00094,2022-07-24,66272.1,SEPA,REF-30072832,TND,IBAN28792271855548
PAY00792,SINV00386,2022-11-10,20119.59,Bank Transfer,REF-80542603,TND,IBAN94883751874955
PAY00793,SINV00156,2022-09-17,72577.08,Check,REF-74105930,TND,IBAN22640352946320
PAY00794,SINV00024,2023-03-28,263518.62,Wire Transfer,REF-22381853,TND,IBAN64526380993558
PAY00795,SINV00176,2024-09-05,39838.96,Credit Card,REF-26152001,TND,IBAN74401500822031
PAY00796,SINV00750,2023-02-03,204109.24,Check,REF-56803247,TND,IBAN48979361001065
PAY00797,SINV00400,2022-03-29,288235.34,Check,REF-74309567,TND,IBAN35094364507950
PAY00798,SINV00113,2023-05-19,97377.12,SEPA,REF-40276148,TND,IBAN41507415613336
PAY00799,SINV00552,2024-01-22,52712.72,Check,REF-89026423,TND,IBAN94187614058928
PAY00800,SINV00257,2023-05-04,83136.56,Credit Card,REF-71766035,TND,IBAN31163016622468
