  erp_po_lines  ·  1210 lignes  ·  10 colonnes,Unnamed: 1,Unnamed: 2,Unnamed: 3,Unnamed: 4,Unnamed: 5,Unnamed: 6,Unnamed: 7,Unnamed: 8,Unnamed: 9
po_line_id,po_id,product_id,quantity_ordered,unit_cost,line_total,quantity_received,currency,expected_delivery,notes
POL00001,PO00001,PRD0115,45,13673.81,615321.51,39,TND,2023-04-04,
POL00002,PO00001,PRD0004,37,22335.39,826409.29,36,TND,2023-04-04,
POL00003,PO00002,PRD0468,35,15006.1,525213.61,10,TND,2022-03-31,
POL00004,PO00003,PRD0268,26,13038.84,339009.74,18,TND,2022-04-23,
POL00005,PO00004,PRD0407,28,2530.87,70864.37,6,TND,2023-11-03,Quality check required
POL00006,PO00004,PRD0020,25,25104.44,627611.03,9,TND,2023-11-03,Quality check required
POL00007,PO00005,PRD0168,17,25853.65,439512,3,TND,2024-03-22,
POL00008,PO00006,PRD0089,31,15947.61,494375.88,30,TND,2023-06-07,
POL00009,PO00006,PRD0188,32,1082.96,34654.75,28,TND,2023-06-07,Rush order
POL00010,PO00006,PRD0318,44,13072.14,575174.35,17,TND,2023-06-07,
POL00011,PO00007,PRD0443,10,5318.02,53180.18,0,TND,2023-04-05,Rush order
POL00012,PO00007,PRD0330,29,13667.09,396345.48,19,TND,2023-04-05,
POL00013,PO00007,PRD0411,12,5880.38,70564.54,11,TND,2023-04-05,
POL00014,PO00008,PRD0243,13,22303.97,289951.57,12,TND,2023-07-14,Quality check required
POL00015,PO00008,PRD0288,28,19409.61,543468.95,4,TND,2023-07-14,
POL00016,PO00008,PRD0031,38,20375.67,774275.55,35,TND,2023-07-14,Rush order
POL00017,PO00009,PRD0084,26,22570.31,586827.95,17,TND,2022-06-29,Quality check required
POL00018,PO00009,PRD0456,25,14516.29,362907.14,24,TND,2022-06-29,
POL00019,PO00010,PRD0213,33,17315.55,571413.31,17,TND,2024-02-11,Rush order
POL00020,PO00010,PRD0406,13,2429.26,31580.43,7,TND,2024-02-11,Rush order
POL00021,PO00010,PRD0387,47,26736.35,1256608.35,17,TND,2024-02-11,
POL00022,PO00011,PRD0174,28,4797.81,134338.64,25,TND,2023-03-31,Rush order
POL00023,PO00011,PRD0376,44,15287.84,672664.76,18,TND,2023-03-31,
POL00024,PO00011,PRD0302,24,3775.99,90623.86,19,TND,2023-03-31,
POL00025,PO00012,PRD0416,26,11999.02,311974.43,0,TND,2022-01-26,
POL00026,PO00013,PRD0452,14,26363.98,369095.77,12,TND,2023-11-05,Rush order
POL00027,PO00014,PRD0328,19,25332.86,481324.43,2,TND,2024-01-13,
POL00028,PO00014,PRD0118,12,3649.49,43793.83,12,TND,2024-01-13,Rush order
POL00029,PO00015,PRD0036,26,22351.89,581149.25,15,TND,2024-04-08,
POL00030,PO00015,PRD0107,45,29835.45,1342595.36,40,TND,2024-04-08,Quality check required
POL00031,PO00016,PRD0378,24,9096.17,218308.14,9,TND,2022-10-27,
POL00032,PO00016,PRD0094,29,31340.78,908882.65,12,TND,2022-10-27,
POL00033,PO00016,PRD0350,50,5575.93,278796.63,31,TND,2022-10-27,
POL00034,PO00017,PRD0494,19,20769.03,394611.5,13,TND,2023-07-23,Quality check required
POL00035,PO00017,PRD0436,33,29036.87,958216.81,18,TND,2023-07-23,Quality check required
POL00036,PO00018,PRD0383,28,26139.29,731900.14,27,TND,2024-06-11,
POL00037,PO00019,PRD0361,18,6592.29,118661.23,2,TND,2024-09-17,
POL00038,PO00019,PRD0086,16,20964.65,335434.44,3,TND,2024-09-17,
POL00039,PO00019,PRD0471,9,3832.11,34488.96,2,TND,2024-09-17,
POL00040,PO00020,PRD0074,45,1801.95,81087.57,19,TND,2023-12-08,
POL00041,PO00020,PRD0450,29,27657.35,802063.18,23,TND,2023-12-08,
POL00042,PO00020,PRD0431,38,30378.74,1154392.09,15,TND,2023-12-08,Quality check required
POL00043,PO00021,PRD0251,40,12862.62,514504.98,29,TND,2024-07-05,Rush order
POL00044,PO00021,PRD0082,15,16411.01,246165.12,15,TND,2024-07-05,Quality check required
POL00045,PO00022,PRD0362,16,1140.49,18247.86,11,TND,2023-01-24,Quality check required
POL00046,PO00022,PRD0045,21,7716.3,162042.31,11,TND,2023-01-24,
POL00047,PO00022,PRD0341,35,26873.95,940588.17,8,TND,2023-01-24,Quality check required
POL00048,PO00023,PRD0442,7,4013.65,28095.52,5,TND,2022-06-29,
POL00049,PO00024,PRD0047,47,15684.07,737151.16,47,TND,2022-06-28,Quality check required
POL00050,PO00024,PRD0262,47,18822.59,884661.89,35,TND,2022-06-28,
POL00051,PO00024,PRD0419,30,14304.88,429146.3,1,TND,2022-06-28,
POL00052,PO00025,PRD0368,12,30304.27,363651.22,10,TND,2022-04-21,Quality check required
POL00053,PO00026,PRD0033,18,3578.89,64420.04,6,TND,2022-05-02,Quality check required
POL00054,PO00027,PRD0373,42,18024.16,757014.63,11,TND,2024-03-20,
POL00055,PO00027,PRD0112,16,20911.2,334579.25,4,TND,2024-03-20,
POL00056,PO00027,PRD0475,44,34162.97,1503170.61,13,TND,2024-03-20,Quality check required
POL00057,PO00028,PRD0490,32,9756.75,312215.87,20,TND,2024-10-15,
POL00058,PO00029,PRD0328,40,22758.67,910346.73,35,TND,2023-02-05,
POL00059,PO00030,PRD0460,46,8982.32,413186.84,23,TND,2022-05-23,
POL00060,PO00031,PRD0439,40,14931.24,597249.76,19,TND,2022-10-02,Rush order
POL00061,PO00031,PRD0458,36,914.9,32936.46,29,TND,2022-10-02,Quality check required
POL00062,PO00031,PRD0277,30,14482.19,434465.59,9,TND,2022-10-02,
POL00063,PO00032,PRD0293,21,24742.78,519598.29,18,TND,2024-03-24,Quality check required
POL00064,PO00033,PRD0367,33,16352.37,539628.24,28,TND,2024-12-12,
POL00065,PO00033,PRD0372,16,17759.84,284157.36,14,TND,2024-12-12,
POL00066,PO00033,PRD0060,26,9042.16,235096.2,7,TND,2024-12-12,
POL00067,PO00034,PRD0389,12,27636.11,331633.37,3,TND,2022-06-12,Quality check required
POL00068,PO00034,PRD0270,25,12563.26,314081.57,4,TND,2022-06-12,
POL00069,PO00035,PRD0485,14,6666.32,93328.46,0,TND,2023-02-21,
POL00070,PO00035,PRD0469,28,5444.09,152434.4,12,TND,2023-02-21,
POL00071,PO00035,PRD0266,16,28780.53,460488.48,1,TND,2023-02-21,
POL00072,PO00036,PRD0390,48,30766.91,1476811.85,29,TND,2022-05-30,
POL00073,PO00036,PRD0284,41,32412.53,1328913.61,28,TND,2022-05-30,Rush order
POL00074,PO00037,PRD0108,28,9029.48,252825.52,21,TND,2022-06-12,
POL00075,PO00037,PRD0355,20,15814.68,316293.53,20,TND,2022-06-12,
POL00076,PO00037,PRD0379,8,28680.27,229442.18,0,TND,2022-06-12,
POL00077,PO00038,PRD0143,20,18138.12,362762.46,12,TND,2022-05-12,
POL00078,PO00039,PRD0438,34,8153.03,277203.05,4,TND,2023-12-29,Rush order
POL00079,PO00039,PRD0407,15,3360.29,50404.35,6,TND,2023-12-29,
POL00080,PO00039,PRD0294,10,8376.79,83767.86,0,TND,2023-12-29,
POL00081,PO00040,PRD0296,42,33264.61,1397113.67,22,TND,2024-09-14,
POL00082,PO00040,PRD0086,17,19872.72,337836.16,15,TND,2024-09-14,Rush order
POL00083,PO00040,PRD0399,37,14512.42,536959.54,12,TND,2024-09-14,
POL00084,PO00041,PRD0422,31,16414.58,508852.02,30,TND,2024-08-28,
POL00085,PO00041,PRD0101,42,3796.96,159472.12,31,TND,2024-08-28,
POL00086,PO00041,PRD0467,12,22266.43,267197.18,2,TND,2024-08-28,Quality check required
POL00087,PO00042,PRD0325,14,16955.68,237379.49,1,TND,2025-02-01,
POL00088,PO00043,PRD0061,49,1401.41,68669.17,29,TND,2024-02-07,Quality check required
POL00089,PO00044,PRD0386,12,15284.49,183413.89,9,TND,2023-01-12,
POL00090,PO00044,PRD0339,29,20728.52,601127,12,TND,2023-01-12,
POL00091,PO00045,PRD0468,12,13324.22,159890.66,9,TND,2022-09-01,
POL00092,PO00046,PRD0070,38,3648.09,138627.57,28,TND,2022-08-26,
POL00093,PO00046,PRD0371,44,11706.34,515078.82,13,TND,2022-08-26,
POL00094,PO00047,PRD0293,26,25708.25,668414.56,6,TND,2022-10-21,
POL00095,PO00047,PRD0099,16,12477.7,199643.12,14,TND,2022-10-21,Rush order
POL00096,PO00048,PRD0054,16,11435.21,182963.37,3,TND,2023-08-22,
POL00097,PO00048,PRD0077,40,10923.61,436944.27,25,TND,2023-08-22,
POL00098,PO00048,PRD0392,26,11853.93,308202.23,0,TND,2023-08-22,
POL00099,PO00049,PRD0168,29,23878.71,692482.48,4,TND,2022-09-24,
POL00100,PO00049,PRD0069,42,21192.95,890103.91,12,TND,2022-09-24,Rush order
POL00101,PO00049,PRD0077,27,14045.84,379237.7,23,TND,2022-09-24,Quality check required
POL00102,PO00050,PRD0415,46,27512.58,1265578.67,0,TND,2023-01-04,
POL00103,PO00051,PRD0342,49,6670.35,326846.93,37,TND,2023-11-25,Quality check required
POL00104,PO00051,PRD0292,11,27060.18,297662.03,3,TND,2023-11-25,Quality check required
POL00105,PO00051,PRD0306,22,23393.67,514660.72,6,TND,2023-11-25,Quality check required
POL00106,PO00052,PRD0282,29,18107.77,525125.31,9,TND,2024-07-01,
POL00107,PO00052,PRD0168,6,20596.95,123581.72,2,TND,2024-07-01,
POL00108,PO00053,PRD0399,35,11904.08,416642.96,3,TND,2023-05-31,Quality check required
POL00109,PO00053,PRD0080,44,13983.7,615282.76,10,TND,2023-05-31,Quality check required
POL00110,PO00053,PRD0014,36,24100.87,867631.18,17,TND,2023-05-31,
POL00111,PO00054,PRD0307,33,1044.37,34464.25,5,TND,2023-05-25,Quality check required
POL00112,PO00055,PRD0442,19,3218.75,61156.17,4,TND,2022-07-30,
POL00113,PO00055,PRD0303,38,34109.21,1296149.87,6,TND,2022-07-30,Rush order
POL00114,PO00056,PRD0134,48,34017.73,1632851.06,40,TND,2024-08-11,
POL00115,PO00056,PRD0488,50,11072.78,553638.88,18,TND,2024-08-11,
POL00116,PO00057,PRD0031,44,15557.26,684519.34,23,TND,2025-02-02,Quality check required
POL00117,PO00058,PRD0289,33,30998.12,1022938.04,23,TND,2023-07-14,Quality check required
POL00118,PO00058,PRD0469,24,7212.35,173096.37,19,TND,2023-07-14,
POL00119,PO00059,PRD0227,27,3962.12,106977.21,11,TND,2023-11-28,Rush order
POL00120,PO00059,PRD0303,16,29262.14,468194.26,7,TND,2023-11-28,Rush order
POL00121,PO00060,PRD0431,21,23008.02,483168.42,14,TND,2024-11-29,Quality check required
POL00122,PO00060,PRD0055,7,9565.72,66960.01,0,TND,2024-11-29,
POL00123,PO00061,PRD0063,31,13852.94,429441.17,14,TND,2023-08-16,
POL00124,PO00061,PRD0020,22,26523.51,583517.29,2,TND,2023-08-16,Quality check required
POL00125,PO00061,PRD0107,38,25890.19,983827.36,2,TND,2023-08-16,
POL00126,PO00062,PRD0265,47,25593.39,1202889.41,23,TND,2023-01-17,Quality check required
POL00127,PO00063,PRD0076,11,25256.72,277823.93,5,TND,2023-04-01,
POL00128,PO00064,PRD0044,31,4344.13,134667.92,28,TND,2024-05-11,
POL00129,PO00064,PRD0101,34,3853.8,131029.16,14,TND,2024-05-11,Rush order
POL00130,PO00065,PRD0497,23,13742.21,316070.78,11,TND,2024-12-12,
POL00131,PO00066,PRD0252,30,4510.86,135325.73,5,TND,2023-05-31,
POL00132,PO00066,PRD0154,6,8054.87,48329.24,0,TND,2023-05-31,
POL00133,PO00067,PRD0094,38,31420.14,1193965.44,22,TND,2024-03-25,Quality check required
POL00134,PO00067,PRD0179,32,26276.54,840849.27,16,TND,2024-03-25,Quality check required
POL00135,PO00068,PRD0105,5,7025.14,35125.7,2,TND,2024-06-28,
POL00136,PO00069,PRD0412,30,3298.71,98961.25,5,TND,2022-07-21,Quality check required
POL00137,PO00069,PRD0447,32,31265.06,1000482,25,TND,2022-07-21,Quality check required
POL00138,PO00069,PRD0398,10,10999.34,109993.44,5,TND,2022-07-21,
POL00139,PO00070,PRD0269,13,21670.95,281722.41,11,TND,2024-04-26,Quality check required
POL00140,PO00071,PRD0017,22,16908.91,371996.11,12,TND,2024-06-13,Quality check required
POL00141,PO00072,PRD0052,45,17888.97,805003.84,37,TND,2022-02-17,
POL00142,PO00072,PRD0160,12,20268.26,243219.09,0,TND,2022-02-17,Quality check required
POL00143,PO00073,PRD0249,21,24402.36,512449.49,1,TND,2024-05-25,
POL00144,PO00073,PRD0342,21,7728.55,162299.51,18,TND,2024-05-25,
POL00145,PO00073,PRD0240,40,30429.6,1217184,4,TND,2024-05-25,
POL00146,PO00074,PRD0440,41,7581.79,310853.34,0,TND,2024-06-13,Rush order
POL00147,PO00074,PRD0363,50,4748.49,237424.43,4,TND,2024-06-13,Rush order
POL00148,PO00074,PRD0324,7,4481.95,31373.63,4,TND,2024-06-13,
POL00149,PO00075,PRD0257,46,10149.55,466879.17,38,TND,2024-05-16,Quality check required
POL00150,PO00075,PRD0020,30,31328.35,939850.39,25,TND,2024-05-16,
POL00151,PO00075,PRD0414,36,23968.04,862849.52,14,TND,2024-05-16,
POL00152,PO00076,PRD0238,48,34566.99,1659215.33,7,TND,2023-12-15,Quality check required
POL00153,PO00077,PRD0309,11,29614.06,325754.69,6,TND,2022-04-30,Quality check required
POL00154,PO00077,PRD0285,14,3391.76,47484.58,3,TND,2022-04-30,Quality check required
POL00155,PO00078,PRD0488,41,12276.07,503318.96,17,TND,2023-02-07,
POL00156,PO00078,PRD0026,16,9517.46,152279.35,10,TND,2023-02-07,Quality check required
POL00157,PO00079,PRD0108,37,9075.6,335797.13,37,TND,2024-02-28,
POL00158,PO00080,PRD0299,44,20708.49,911173.69,28,TND,2023-09-04,
POL00159,PO00080,PRD0292,21,20289.55,426080.51,5,TND,2023-09-04,Quality check required
POL00160,PO00081,PRD0072,37,17486.66,647006.38,29,TND,2022-06-04,
POL00161,PO00081,PRD0014,11,30183.02,332013.19,1,TND,2022-06-04,Quality check required
POL00162,PO00081,PRD0110,15,26259.86,393897.95,0,TND,2022-06-04,Rush order
POL00163,PO00082,PRD0436,39,29336.91,1144139.33,5,TND,2022-06-01,
POL00164,PO00083,PRD0351,41,22763.57,933306.51,32,TND,2023-12-19,
POL00165,PO00083,PRD0360,42,22710.99,953861.73,28,TND,2023-12-19,
POL00166,PO00084,PRD0043,6,38153.73,228922.4,5,TND,2022-03-02,
POL00167,PO00085,PRD0321,47,26752.1,1257348.74,32,TND,2023-08-20,
POL00168,PO00085,PRD0301,9,12573.25,113159.29,8,TND,2023-08-20,Quality check required
POL00169,PO00085,PRD0494,24,22233.48,533603.42,17,TND,2023-08-20,
POL00170,PO00086,PRD0389,27,20613.77,556571.76,16,TND,2023-11-29,
POL00171,PO00087,PRD0475,37,34462.49,1275112.23,23,TND,2024-11-16,Quality check required
POL00172,PO00087,PRD0120,39,31781.46,1239476.95,11,TND,2024-11-16,
POL00173,PO00087,PRD0293,21,29424.83,617921.39,17,TND,2024-11-16,
POL00174,PO00088,PRD0243,10,21256.01,212560.14,2,TND,2024-01-26,
POL00175,PO00088,PRD0164,10,24495.38,244953.77,4,TND,2024-01-26,
POL00176,PO00089,PRD0047,10,15011.66,150116.62,2,TND,2023-08-16,
POL00177,PO00089,PRD0392,48,15654.19,751401.36,37,TND,2023-08-16,Rush order
POL00178,PO00090,PRD0308,40,34319.54,1372781.59,32,TND,2023-05-29,
POL00179,PO00091,PRD0372,47,19287.52,906513.41,30,TND,2024-05-21,
POL00180,PO00091,PRD0386,42,16117.43,676931.87,22,TND,2024-05-21,
POL00181,PO00092,PRD0061,42,1366.56,57395.64,27,TND,2023-08-09,
POL00182,PO00092,PRD0133,7,21041.38,147289.69,7,TND,2023-08-09,
POL00183,PO00092,PRD0464,16,30232.19,483715.02,15,TND,2023-08-09,Rush order
POL00184,PO00093,PRD0458,19,962.2,18281.78,10,TND,2022-01-30,Quality check required
POL00185,PO00093,PRD0414,34,22429.9,762616.45,25,TND,2022-01-30,
POL00186,PO00093,PRD0354,7,394.85,2763.98,6,TND,2022-01-30,Rush order
POL00187,PO00094,PRD0193,21,6647.22,139591.55,19,TND,2022-05-10,Quality check required
POL00188,PO00094,PRD0197,33,5786.59,190957.55,32,TND,2022-05-10,Rush order
POL00189,PO00094,PRD0280,33,7054.4,232795.33,0,TND,2022-05-10,
POL00190,PO00095,PRD0174,27,4286.14,115725.68,18,TND,2023-06-27,
POL00191,PO00095,PRD0053,31,4758.23,147505.28,17,TND,2023-06-27,
POL00192,PO00095,PRD0198,5,2568.58,12842.9,4,TND,2023-06-27,
POL00193,PO00096,PRD0137,39,19223.25,749706.81,32,TND,2023-06-01,
POL00194,PO00097,PRD0022,21,26403.46,554472.58,12,TND,2022-05-04,Quality check required
POL00195,PO00097,PRD0451,38,14956.8,568358.43,28,TND,2022-05-04,
POL00196,PO00097,PRD0224,32,1643.94,52606.02,1,TND,2022-05-04,
POL00197,PO00098,PRD0046,18,7577.35,136392.34,3,TND,2022-10-26,
POL00198,PO00099,PRD0128,43,9721.24,418013.24,40,TND,2024-05-14,
POL00199,PO00099,PRD0184,18,585.36,10536.41,13,TND,2024-05-14,
POL00200,PO00099,PRD0339,35,21773.16,762060.69,26,TND,2024-05-14,
POL00201,PO00100,PRD0096,21,26826.11,563348.25,10,TND,2023-07-01,
POL00202,PO00100,PRD0128,30,8917.2,267515.95,10,TND,2023-07-01,
POL00203,PO00101,PRD0185,22,38817.88,853993.26,9,TND,2022-11-21,Quality check required
POL00204,PO00102,PRD0135,11,7496.9,82465.95,6,TND,2022-09-29,Rush order
POL00205,PO00103,PRD0017,22,21698.17,477359.7,0,TND,2022-03-18,
POL00206,PO00103,PRD0447,9,26201.93,235817.38,7,TND,2022-03-18,Quality check required
POL00207,PO00103,PRD0099,9,17456.39,157107.49,8,TND,2022-03-18,
POL00208,PO00104,PRD0133,39,22842.11,890842.45,2,TND,2023-12-12,
POL00209,PO00104,PRD0305,5,13665.41,68327.05,3,TND,2023-12-12,Quality check required
POL00210,PO00104,PRD0276,14,13738.54,192339.58,1,TND,2023-12-12,Rush order
POL00211,PO00105,PRD0227,38,3402.73,129303.66,6,TND,2025-01-08,
POL00212,PO00106,PRD0319,45,34079.58,1533581.03,24,TND,2023-04-27,Rush order
POL00213,PO00106,PRD0095,44,26866.33,1182118.72,42,TND,2023-04-27,
POL00214,PO00107,PRD0413,42,27360.57,1149144,25,TND,2022-05-29,
POL00215,PO00107,PRD0469,24,6411.4,153873.57,16,TND,2022-05-29,Quality check required
POL00216,PO00107,PRD0128,49,9101.98,445996.98,5,TND,2022-05-29,Rush order
POL00217,PO00108,PRD0302,47,4442.4,208792.62,3,TND,2024-07-15,
POL00218,PO00108,PRD0134,13,25802.79,335436.3,11,TND,2024-07-15,
POL00219,PO00109,PRD0093,35,34038.7,1191354.47,23,TND,2023-05-16,
POL00220,PO00109,PRD0030,29,19674.55,570561.99,28,TND,2023-05-16,
POL00221,PO00109,PRD0433,9,18188.9,163700.13,7,TND,2023-05-16,
POL00222,PO00110,PRD0350,43,4472.41,192313.49,34,TND,2022-04-07,
POL00223,PO00110,PRD0373,18,19608.62,352955.11,13,TND,2022-04-07,Rush order
POL00224,PO00111,PRD0211,46,23146.12,1064721.49,8,TND,2024-10-08,
POL00225,PO00112,PRD0297,8,3648.2,29185.6,6,TND,2023-05-08,Quality check required
POL00226,PO00112,PRD0134,6,24510.07,147060.42,4,TND,2023-05-08,
POL00227,PO00112,PRD0168,13,21357.98,277653.73,4,TND,2023-05-08,
POL00228,PO00113,PRD0129,29,4343.5,125961.38,12,TND,2023-02-18,Rush order
POL00229,PO00113,PRD0092,40,20046.05,801841.83,39,TND,2023-02-18,Quality check required
POL00230,PO00113,PRD0025,31,6430.45,199343.92,3,TND,2023-02-18,Rush order
POL00231,PO00114,PRD0135,24,7141.46,171394.94,10,TND,2022-12-27,Quality check required
POL00232,PO00114,PRD0083,36,17578.39,632822.11,28,TND,2022-12-27,Rush order
POL00233,PO00115,PRD0457,24,19909.98,477839.59,24,TND,2023-01-30,Rush order
POL00234,PO00115,PRD0015,17,8563.02,145571.34,16,TND,2023-01-30,
POL00235,PO00115,PRD0293,13,21775.42,283080.48,3,TND,2023-01-30,Rush order
POL00236,PO00116,PRD0410,13,26720.69,347368.94,13,TND,2024-05-12,
POL00237,PO00116,PRD0208,26,36718.72,954686.7,22,TND,2024-05-12,Rush order
POL00238,PO00117,PRD0056,26,30324.4,788434.35,19,TND,2024-08-04,
POL00239,PO00118,PRD0118,49,3528.27,172885.1,43,TND,2024-02-08,Quality check required
POL00240,PO00118,PRD0474,16,8912.63,142602.16,3,TND,2024-02-08,
POL00241,PO00119,PRD0151,33,3860.04,127381.36,27,TND,2023-06-17,Quality check required
POL00242,PO00120,PRD0337,25,24550.51,613762.63,19,TND,2022-03-21,
POL00243,PO00120,PRD0243,11,20595.01,226545.09,1,TND,2022-03-21,
POL00244,PO00120,PRD0160,11,17016.08,187176.84,1,TND,2022-03-21,Rush order
POL00245,PO00121,PRD0418,38,23801.17,904444.52,24,TND,2025-01-23,
POL00246,PO00121,PRD0490,39,9355.2,364852.93,0,TND,2025-01-23,
POL00247,PO00121,PRD0129,38,4659.27,177052.44,25,TND,2025-01-23,Quality check required
POL00248,PO00122,PRD0254,10,26678.67,266786.69,2,TND,2022-03-17,
POL00249,PO00122,PRD0287,27,15040.88,406103.72,14,TND,2022-03-17,
POL00250,PO00122,PRD0066,22,6054.1,133190.3,14,TND,2022-03-17,
POL00251,PO00123,PRD0210,45,7710.6,346977,27,TND,2022-06-04,
POL00252,PO00123,PRD0406,12,1861.87,22342.44,2,TND,2022-06-04,
POL00253,PO00123,PRD0135,21,7752.72,162807.17,7,TND,2022-06-04,Quality check required
POL00254,PO00124,PRD0117,42,15264.23,641097.84,24,TND,2023-04-25,
POL00255,PO00124,PRD0221,40,2368.85,94754,22,TND,2023-04-25,
POL00256,PO00125,PRD0136,24,29591.22,710189.23,4,TND,2022-05-05,
POL00257,PO00125,PRD0486,49,11852.38,580766.44,48,TND,2022-05-05,
POL00258,PO00126,PRD0167,22,31687.48,697124.66,1,TND,2025-03-02,
POL00259,PO00126,PRD0450,32,34693.12,1110179.73,16,TND,2025-03-02,Rush order
POL00260,PO00126,PRD0130,23,35092.03,807116.61,20,TND,2025-03-02,Quality check required
POL00261,PO00127,PRD0379,9,33937.16,305434.4,1,TND,2022-06-19,
POL00262,PO00127,PRD0075,14,23896.25,334547.56,14,TND,2022-06-19,Quality check required
POL00263,PO00128,PRD0395,36,9637.16,346937.83,5,TND,2022-08-14,Quality check required
POL00264,PO00128,PRD0276,30,11949.78,358493.46,24,TND,2022-08-14,
POL00265,PO00129,PRD0341,46,23697.2,1090070.99,43,TND,2022-08-07,
POL00266,PO00130,PRD0087,40,4985.58,199423.04,34,TND,2022-10-25,Quality check required
POL00267,PO00130,PRD0016,9,25533.35,229800.17,7,TND,2022-10-25,Rush order
POL00268,PO00131,PRD0007,9,8466.53,76198.77,9,TND,2022-04-12,Quality check required
POL00269,PO00131,PRD0336,7,17681.37,123769.6,4,TND,2022-04-12,Rush order
POL00270,PO00131,PRD0278,17,3201.62,54427.56,1,TND,2022-04-12,Quality check required
POL00271,PO00132,PRD0406,37,2315.51,85674,9,TND,2024-01-20,Rush order
POL00272,PO00132,PRD0118,19,4421.3,84004.72,10,TND,2024-01-20,
POL00273,PO00132,PRD0167,5,38107.37,190536.86,0,TND,2024-01-20,
POL00274,PO00133,PRD0036,35,26312.07,920922.3,32,TND,2024-08-05,Rush order
POL00275,PO00133,PRD0367,9,18644.89,167803.99,6,TND,2024-08-05,Rush order
POL00276,PO00133,PRD0447,22,31935.33,702577.23,8,TND,2024-08-05,Rush order
POL00277,PO00134,PRD0490,8,10439.81,83518.45,8,TND,2023-12-13,
POL00278,PO00134,PRD0185,28,37730.98,1056467.37,22,TND,2023-12-13,
POL00279,PO00134,PRD0134,44,29699.6,1306782.49,13,TND,2023-12-13,Quality check required
POL00280,PO00135,PRD0402,48,8561.32,410943.41,41,TND,2024-05-24,Rush order
POL00281,PO00135,PRD0283,43,26514.25,1140112.82,7,TND,2024-05-24,
POL00282,PO00135,PRD0055,37,11884.26,439717.52,32,TND,2024-05-24,Rush order
POL00283,PO00136,PRD0377,42,21256.6,892777.17,27,TND,2023-03-21,
POL00284,PO00136,PRD0198,14,2550.8,35711.14,14,TND,2023-03-21,
POL00285,PO00136,PRD0412,25,3107.08,77676.9,15,TND,2023-03-21,
POL00286,PO00137,PRD0069,33,16066.63,530198.83,8,TND,2023-05-28,Rush order
POL00287,PO00137,PRD0429,7,17909.7,125367.88,1,TND,2023-05-28,
POL00288,PO00137,PRD0246,29,31863.25,924034.33,22,TND,2023-05-28,Rush order
POL00289,PO00138,PRD0138,18,4889.83,88016.89,17,TND,2023-01-03,
POL00290,PO00139,PRD0231,41,10123.94,415081.51,6,TND,2024-02-10,
POL00291,PO00139,PRD0084,46,30673.11,1410963.24,42,TND,2024-02-10,
POL00292,PO00139,PRD0267,30,31254.71,937641.45,29,TND,2024-02-10,
POL00293,PO00140,PRD0108,8,9477.21,75817.68,8,TND,2024-09-18,
POL00294,PO00140,PRD0089,12,12235.67,146828.01,0,TND,2024-09-18,
POL00295,PO00140,PRD0265,19,24674.06,468807.07,5,TND,2024-09-18,
POL00296,PO00141,PRD0033,29,3894.73,112947.26,14,TND,2022-05-18,Quality check required
POL00297,PO00142,PRD0059,37,12632.29,467394.57,35,TND,2022-03-15,Quality check required
POL00298,PO00142,PRD0024,12,29054.16,348649.92,0,TND,2022-03-15,
POL00299,PO00143,PRD0419,28,12185.26,341187.38,12,TND,2024-07-12,
POL00300,PO00144,PRD0032,40,2792.97,111718.76,18,TND,2024-08-16,Rush order
POL00301,PO00144,PRD0470,46,32573.66,1498388.28,5,TND,2024-08-16,
POL00302,PO00145,PRD0387,31,26463.87,820379.97,8,TND,2024-11-02,
POL00303,PO00145,PRD0025,31,6145.8,190519.82,20,TND,2024-11-02,
POL00304,PO00145,PRD0403,17,3514.64,59748.87,0,TND,2024-11-02,Quality check required
POL00305,PO00146,PRD0469,22,5138.14,113038.97,10,TND,2024-09-20,
POL00306,PO00146,PRD0094,9,29666.05,266994.44,5,TND,2024-09-20,
POL00307,PO00147,PRD0024,47,31621.59,1486214.75,24,TND,2023-07-27,Quality check required
POL00308,PO00147,PRD0224,9,1462.07,13158.64,0,TND,2023-07-27,Quality check required
POL00309,PO00147,PRD0222,24,38771.41,930513.83,2,TND,2023-07-27,
POL00310,PO00148,PRD0431,23,23873.81,549097.74,0,TND,2024-03-09,Quality check required
POL00311,PO00148,PRD0457,11,20593.77,226531.45,6,TND,2024-03-09,
POL00312,PO00148,PRD0483,42,7593.05,318908.15,17,TND,2024-03-09,
POL00313,PO00149,PRD0022,28,31799.64,890389.88,24,TND,2024-04-10,
POL00314,PO00149,PRD0268,32,12725.8,407225.74,26,TND,2024-04-10,
POL00315,PO00150,PRD0151,29,4464.6,129473.34,17,TND,2024-01-16,
POL00316,PO00151,PRD0319,34,28281.1,961557.57,0,TND,2023-07-31,
POL00317,PO00151,PRD0208,32,30088.73,962839.23,7,TND,2023-07-31,Quality check required
POL00318,PO00151,PRD0082,48,20136.41,966547.7,42,TND,2023-07-31,Quality check required
POL00319,PO00152,PRD0038,42,4215.01,177030.53,27,TND,2024-05-19,
POL00320,PO00152,PRD0187,9,13598.65,122387.89,9,TND,2024-05-19,Quality check required
POL00321,PO00152,PRD0016,6,27407.01,164442.03,5,TND,2024-05-19,
POL00322,PO00153,PRD0065,10,24775.21,247752.1,2,TND,2023-07-09,Quality check required
POL00323,PO00154,PRD0392,45,15442.91,694930.8,33,TND,2024-02-12,
POL00324,PO00154,PRD0184,16,504.92,8078.77,12,TND,2024-02-12,
POL00325,PO00154,PRD0233,10,18278.99,182789.95,8,TND,2024-02-12,
POL00326,PO00155,PRD0189,34,31383.75,1067047.4,23,TND,2024-09-21,Rush order
POL00327,PO00155,PRD0479,12,28626.13,343513.59,7,TND,2024-09-21,Quality check required
POL00328,PO00155,PRD0072,50,17418.8,870940.1,5,TND,2024-09-21,
POL00329,PO00156,PRD0152,9,5407.65,48668.84,1,TND,2025-01-08,
POL00330,PO00156,PRD0198,46,2686.65,123586.12,35,TND,2025-01-08,
POL00331,PO00157,PRD0048,30,19222.85,576685.44,30,TND,2022-07-07,
POL00332,PO00157,PRD0312,16,24570.38,393126.05,5,TND,2022-07-07,
POL00333,PO00158,PRD0483,9,6823.87,61414.87,7,TND,2023-07-17,
POL00334,PO00158,PRD0245,21,33202.68,697256.21,11,TND,2023-07-17,Rush order
POL00335,PO00158,PRD0172,11,18685.22,205537.47,8,TND,2023-07-17,Rush order
POL00336,PO00159,PRD0151,7,4917.67,34423.72,5,TND,2023-12-01,Quality check required
POL00337,PO00159,PRD0191,13,11051.85,143674.09,0,TND,2023-12-01,
POL00338,PO00159,PRD0249,28,24583.07,688325.84,15,TND,2023-12-01,
POL00339,PO00160,PRD0295,9,20265.4,182388.6,6,TND,2023-01-02,
POL00340,PO00160,PRD0010,26,13654.85,355026.05,13,TND,2023-01-02,Rush order
POL00341,PO00160,PRD0481,34,38165.42,1297624.44,10,TND,2023-01-02,
POL00342,PO00161,PRD0143,35,17394.04,608791.32,11,TND,2024-08-07,
POL00343,PO00162,PRD0471,25,4424.56,110614.02,23,TND,2022-06-16,Rush order
POL00344,PO00163,PRD0030,38,15545.18,590716.9,33,TND,2023-02-14,
POL00345,PO00164,PRD0353,33,2939.06,96988.96,15,TND,2024-09-11,
POL00346,PO00165,PRD0215,39,12078.96,471079.48,23,TND,2024-06-16,
POL00347,PO00166,PRD0034,40,4480.91,179236.3,3,TND,2024-09-21,
POL00348,PO00166,PRD0031,28,15500.2,434005.6,0,TND,2024-09-21,
POL00349,PO00167,PRD0433,11,18991.39,208905.31,10,TND,2022-05-26,
POL00350,PO00168,PRD0096,7,27269.42,190885.97,5,TND,2022-11-05,
POL00351,PO00168,PRD0219,33,18144.51,598768.81,3,TND,2022-11-05,
POL00352,PO00169,PRD0103,34,11045.11,375533.59,4,TND,2023-12-02,Quality check required
POL00353,PO00170,PRD0161,35,4827.6,168965.88,16,TND,2024-08-05,
POL00354,PO00170,PRD0349,41,27168.89,1113924.51,19,TND,2024-08-05,
POL00355,PO00170,PRD0008,49,13199.28,646764.65,18,TND,2024-08-05,
POL00356,PO00171,PRD0073,31,21524.86,667270.55,13,TND,2023-03-18,Quality check required
POL00357,PO00171,PRD0409,43,7220.17,310467.3,16,TND,2023-03-18,Rush order
POL00358,PO00171,PRD0291,12,15764.54,189174.43,6,TND,2023-03-18,
POL00359,PO00172,PRD0407,35,3460.5,121117.38,12,TND,2024-12-31,Rush order
POL00360,PO00172,PRD0370,10,8095.94,80959.42,3,TND,2024-12-31,
POL00361,PO00172,PRD0264,26,26417.64,686858.65,1,TND,2024-12-31,
POL00362,PO00173,PRD0397,30,12495.54,374866.08,7,TND,2024-05-23,
POL00363,PO00173,PRD0288,23,19954.88,458962.35,6,TND,2024-05-23,Rush order
POL00364,PO00174,PRD0132,20,31409.21,628184.3,10,TND,2024-02-07,
POL00365,PO00174,PRD0269,8,23270.42,186163.34,6,TND,2024-02-07,Rush order
POL00366,PO00175,PRD0223,17,17551.66,298378.19,17,TND,2023-03-03,
POL00367,PO00175,PRD0020,21,31933.69,670607.51,9,TND,2023-03-03,
POL00368,PO00175,PRD0382,40,22323.29,892931.76,19,TND,2023-03-03,
POL00369,PO00176,PRD0410,45,22435.66,1009604.61,19,TND,2023-02-14,Quality check required
POL00370,PO00176,PRD0117,39,18677.69,728429.97,3,TND,2023-02-14,Rush order
POL00371,PO00177,PRD0028,22,33486.94,736712.59,22,TND,2023-12-30,
POL00372,PO00177,PRD0229,33,16228.01,535524.41,21,TND,2023-12-30,Rush order
POL00373,PO00178,PRD0187,15,16770.94,251564.07,6,TND,2024-02-02,
POL00374,PO00179,PRD0374,43,8042.76,345838.73,2,TND,2022-11-14,
POL00375,PO00180,PRD0462,7,25320.11,177240.74,7,TND,2022-01-21,Rush order
POL00376,PO00180,PRD0393,47,252.03,11845.22,38,TND,2022-01-21,
POL00377,PO00181,PRD0052,11,17809.63,195905.89,7,TND,2023-03-09,
POL00378,PO00182,PRD0049,6,27270.87,163625.22,1,TND,2023-06-23,Rush order
POL00379,PO00182,PRD0308,50,35933.99,1796699.4,28,TND,2023-06-23,Quality check required
POL00380,PO00183,PRD0352,15,22278.04,334170.62,0,TND,2023-12-04,Quality check required
POL00381,PO00184,PRD0318,22,14166.53,311663.71,22,TND,2022-07-27,
POL00382,PO00184,PRD0190,5,11732.23,58661.17,0,TND,2022-07-27,
POL00383,PO00184,PRD0471,25,3818.99,95474.71,25,TND,2022-07-27,
POL00384,PO00185,PRD0447,15,22628.05,339420.7,13,TND,2024-01-31,
POL00385,PO00185,PRD0493,12,3844.86,46138.35,5,TND,2024-01-31,
POL00386,PO00186,PRD0477,46,28647.89,1317802.73,43,TND,2024-07-27,
POL00387,PO00186,PRD0094,45,28290.86,1273088.85,39,TND,2024-07-27,Rush order
POL00388,PO00186,PRD0465,23,21839.39,502305.89,1,TND,2024-07-27,Quality check required
POL00389,PO00187,PRD0392,17,13385.08,227546.28,4,TND,2024-06-26,Quality check required
POL00390,PO00188,PRD0282,42,16879.89,708955.36,23,TND,2022-07-05,
POL00391,PO00188,PRD0026,47,12177.78,572355.76,4,TND,2022-07-05,
POL00392,PO00188,PRD0477,30,20563.17,616895.15,9,TND,2022-07-05,
POL00393,PO00189,PRD0497,5,15308.91,76544.56,1,TND,2024-03-08,
POL00394,PO00190,PRD0002,13,12520.59,162767.63,0,TND,2023-07-04,
POL00395,PO00191,PRD0024,23,28024.6,644565.69,2,TND,2023-12-23,
POL00396,PO00191,PRD0260,45,14804.16,666187.01,39,TND,2023-12-23,
POL00397,PO00192,PRD0335,44,12543.66,551921.05,39,TND,2023-03-04,
POL00398,PO00193,PRD0184,28,539.87,15116.43,21,TND,2022-10-30,
POL00399,PO00193,PRD0178,7,24496.9,171478.28,5,TND,2022-10-30,Quality check required
POL00400,PO00193,PRD0390,8,25980.91,207847.29,6,TND,2022-10-30,Quality check required
POL00401,PO00194,PRD0482,30,5837.18,175115.28,18,TND,2023-09-27,Quality check required
POL00402,PO00194,PRD0296,40,33435.28,1337411.19,3,TND,2023-09-27,
POL00403,PO00194,PRD0007,50,10286.42,514321.04,28,TND,2023-09-27,Quality check required
POL00404,PO00195,PRD0023,20,28120.61,562412.13,15,TND,2024-08-14,
POL00405,PO00195,PRD0399,48,12545.91,602203.7,8,TND,2024-08-14,
POL00406,PO00196,PRD0100,42,25440.78,1068512.59,23,TND,2024-10-21,
POL00407,PO00196,PRD0292,30,19873.51,596205.42,15,TND,2024-10-21,Quality check required
POL00408,PO00196,PRD0435,15,31136.97,467054.52,10,TND,2024-10-21,Rush order
POL00409,PO00197,PRD0112,27,19543.99,527687.84,26,TND,2024-10-09,
POL00410,PO00198,PRD0253,29,16206.29,469982.44,10,TND,2023-02-03,Rush order
POL00411,PO00199,PRD0461,23,8925.31,205282.19,3,TND,2024-02-09,Quality check required
POL00412,PO00200,PRD0131,16,7420.43,118726.84,4,TND,2024-10-24,
POL00413,PO00200,PRD0095,24,29247.41,701937.92,10,TND,2024-10-24,
POL00414,PO00200,PRD0299,7,15103.93,105727.52,0,TND,2024-10-24,Quality check required
POL00415,PO00201,PRD0024,39,21984.68,857402.51,35,TND,2022-03-30,Quality check required
POL00416,PO00201,PRD0183,20,898.34,17966.81,0,TND,2022-03-30,
POL00417,PO00201,PRD0126,12,21469.19,257630.26,1,TND,2022-03-30,Quality check required
POL00418,PO00202,PRD0228,44,25369.72,1116267.48,0,TND,2023-09-13,Rush order
POL00419,PO00202,PRD0113,26,30049.59,781289.42,14,TND,2023-09-13,Rush order
POL00420,PO00203,PRD0285,41,2849.69,116837.1,11,TND,2023-08-29,
POL00421,PO00203,PRD0405,42,10142.8,425997.4,27,TND,2023-08-29,Rush order
POL00422,PO00203,PRD0279,7,6005.32,42037.24,3,TND,2023-08-29,
POL00423,PO00204,PRD0344,5,31212.32,156061.59,5,TND,2023-03-05,
POL00424,PO00204,PRD0412,27,3652.18,98608.77,16,TND,2023-03-05,
POL00425,PO00205,PRD0131,34,8735.72,297014.51,1,TND,2023-08-24,
POL00426,PO00206,PRD0001,12,29558.69,354704.34,1,TND,2022-08-30,Rush order
POL00427,PO00207,PRD0116,40,5575.51,223020.28,0,TND,2022-04-29,
POL00428,PO00208,PRD0221,15,3056.22,45843.3,3,TND,2024-07-27,
POL00429,PO00209,PRD0339,38,22846.52,868167.69,7,TND,2023-04-27,
POL00430,PO00209,PRD0088,36,22863.4,823082.22,0,TND,2023-04-27,Rush order
POL00431,PO00209,PRD0035,32,19904.09,636930.97,6,TND,2023-04-27,
POL00432,PO00210,PRD0224,40,1522.93,60917.14,35,TND,2024-07-30,
POL00433,PO00210,PRD0109,25,31565.55,789138.79,18,TND,2024-07-30,Quality check required
POL00434,PO00210,PRD0275,35,15790.67,552673.28,10,TND,2024-07-30,
POL00435,PO00211,PRD0285,8,2412.54,19300.31,5,TND,2024-07-04,
POL00436,PO00211,PRD0265,49,29841.32,1462224.89,38,TND,2024-07-04,
POL00437,PO00212,PRD0281,43,39497.73,1698402.41,9,TND,2023-03-25,
POL00438,PO00213,PRD0246,22,34924.17,768331.74,10,TND,2022-07-28,Rush order
POL00439,PO00213,PRD0461,47,10561.7,496399.88,6,TND,2022-07-28,
POL00440,PO00213,PRD0089,35,12082.29,422880.11,10,TND,2022-07-28,
POL00441,PO00214,PRD0091,44,28519.58,1254861.4,18,TND,2023-12-04,
POL00442,PO00215,PRD0321,19,33594.99,638304.81,4,TND,2023-02-11,
POL00443,PO00216,PRD0130,22,28152.64,619357.99,15,TND,2022-03-29,Rush order
POL00444,PO00217,PRD0109,38,33657.74,1278994.23,7,TND,2024-07-16,
POL00445,PO00217,PRD0375,28,5840.67,163538.82,18,TND,2024-07-16,
POL00446,PO00217,PRD0068,49,2894.85,141847.41,0,TND,2024-07-16,
POL00447,PO00218,PRD0322,45,13293.06,598187.59,13,TND,2022-09-22,
POL00448,PO00218,PRD0377,50,18657.23,932861.68,44,TND,2022-09-22,
POL00449,PO00218,PRD0007,13,9059.13,117768.69,2,TND,2022-09-22,Quality check required
POL00450,PO00219,PRD0184,49,572.87,28070.77,6,TND,2022-05-01,
POL00451,PO00219,PRD0436,17,24108.75,409848.8,1,TND,2022-05-01,
POL00452,PO00220,PRD0048,31,20368.3,631417.2,16,TND,2022-09-08,Quality check required
POL00453,PO00220,PRD0214,48,3106.24,149099.33,3,TND,2022-09-08,Rush order
POL00454,PO00220,PRD0172,43,17480.01,751640.54,14,TND,2022-09-08,Quality check required
POL00455,PO00221,PRD0236,42,9076.41,381209.41,6,TND,2022-03-24,
POL00456,PO00221,PRD0183,13,907.23,11794.04,12,TND,2022-03-24,
POL00457,PO00222,PRD0012,10,18702.06,187020.63,6,TND,2024-06-08,
POL00458,PO00222,PRD0334,29,10183.61,295324.82,27,TND,2024-06-08,
POL00459,PO00222,PRD0083,15,12851.13,192766.96,6,TND,2024-06-08,
POL00460,PO00223,PRD0135,39,7894.79,307896.76,17,TND,2022-07-24,
POL00461,PO00224,PRD0199,10,11123.76,111237.61,3,TND,2023-07-27,
POL00462,PO00224,PRD0201,5,1803.96,9019.81,4,TND,2023-07-27,
POL00463,PO00224,PRD0084,40,24792.16,991686.31,23,TND,2023-07-27,Quality check required
POL00464,PO00225,PRD0236,7,10317.61,72223.27,6,TND,2025-02-09,
POL00465,PO00225,PRD0489,14,1978.96,27705.45,1,TND,2025-02-09,
POL00466,PO00226,PRD0412,24,3520.38,84489.17,18,TND,2024-01-14,Rush order
POL00467,PO00226,PRD0202,21,7235.59,151947.48,9,TND,2024-01-14,
POL00468,PO00226,PRD0186,32,9423.62,301555.85,25,TND,2024-01-14,
POL00469,PO00227,PRD0157,19,4286.24,81438.51,18,TND,2023-02-14,Quality check required
POL00470,PO00227,PRD0310,24,18629.81,447115.39,20,TND,2023-02-14,
POL00471,PO00227,PRD0395,34,8822.82,299976.03,12,TND,2023-02-14,
POL00472,PO00228,PRD0198,12,2183.28,26199.35,1,TND,2023-01-11,Rush order
POL00473,PO00229,PRD0131,31,7930.06,245831.75,8,TND,2023-11-17,Rush order
POL00474,PO00230,PRD0285,14,2651.27,37117.77,1,TND,2025-02-23,
POL00475,PO00230,PRD0357,45,15290.43,688069.2,2,TND,2025-02-23,
POL00476,PO00230,PRD0165,43,8106.53,348580.74,43,TND,2025-02-23,
POL00477,PO00231,PRD0379,31,31205.53,967371.56,9,TND,2024-01-14,
POL00478,PO00232,PRD0160,47,19967.29,938462.82,38,TND,2022-06-23,
POL00479,PO00232,PRD0465,21,28206.37,592333.85,7,TND,2022-06-23,
POL00480,PO00232,PRD0421,20,9895.95,197919.05,4,TND,2022-06-23,Rush order
POL00481,PO00233,PRD0499,28,5911.37,165518.26,21,TND,2022-03-28,
POL00482,PO00233,PRD0491,20,4395.01,87900.23,7,TND,2022-03-28,
POL00483,PO00234,PRD0487,7,34267.81,239874.68,3,TND,2022-09-12,
POL00484,PO00234,PRD0104,28,4804.09,134514.52,27,TND,2022-09-12,
POL00485,PO00235,PRD0208,22,31816.63,699965.97,11,TND,2022-04-16,Quality check required
POL00486,PO00235,PRD0015,29,8058.68,233701.74,29,TND,2022-04-16,
POL00487,PO00236,PRD0138,30,6281.72,188451.73,18,TND,2023-12-16,Rush order
POL00488,PO00236,PRD0256,45,12601.73,567077.86,21,TND,2023-12-16,
POL00489,PO00236,PRD0170,20,6291.19,125823.76,13,TND,2023-12-16,Rush order
POL00490,PO00237,PRD0242,43,29945.56,1287659,32,TND,2024-02-03,Quality check required
POL00491,PO00237,PRD0439,9,19647.54,176827.86,6,TND,2024-02-03,
POL00492,PO00237,PRD0139,13,10373.09,134850.13,1,TND,2024-02-03,
POL00493,PO00238,PRD0147,49,11869.83,581621.69,0,TND,2024-07-23,
POL00494,PO00238,PRD0190,44,10305.49,453441.7,19,TND,2024-07-23,
POL00495,PO00239,PRD0418,30,22131.78,663953.48,19,TND,2022-10-08,
POL00496,PO00240,PRD0403,29,4043.59,117264.12,12,TND,2022-09-08,Rush order
POL00497,PO00240,PRD0482,16,6247.88,99966.13,3,TND,2022-09-08,
POL00498,PO00241,PRD0233,22,22423,493306.11,4,TND,2022-12-07,
POL00499,PO00242,PRD0398,12,10145.46,121745.52,4,TND,2022-07-05,
POL00500,PO00242,PRD0368,23,29675.91,682545.97,1,TND,2022-07-05,Rush order
POL00501,PO00243,PRD0279,15,6209.07,93136.08,13,TND,2024-12-14,
POL00502,PO00243,PRD0299,25,16642.8,416070,9,TND,2024-12-14,
POL00503,PO00243,PRD0101,8,4597.13,36777.08,7,TND,2024-12-14,
POL00504,PO00244,PRD0113,19,28826.17,547697.18,3,TND,2023-04-11,
POL00505,PO00244,PRD0337,46,21046.66,968146.23,43,TND,2023-04-11,
POL00506,PO00245,PRD0482,15,6202.14,93032.1,4,TND,2024-01-24,
POL00507,PO00245,PRD0272,40,8449.61,337984.54,28,TND,2024-01-24,
POL00508,PO00246,PRD0144,47,11003.73,517175.33,17,TND,2023-04-17,
POL00509,PO00246,PRD0163,37,2743.98,101527.14,29,TND,2023-04-17,Rush order
POL00510,PO00246,PRD0081,48,4454.08,213796.05,41,TND,2023-04-17,Quality check required
POL00511,PO00247,PRD0058,46,1543.4,70996.55,10,TND,2023-09-04,
POL00512,PO00248,PRD0271,14,24129.3,337810.2,3,TND,2023-07-16,Quality check required
POL00513,PO00248,PRD0211,13,19406.83,252288.82,9,TND,2023-07-16,Quality check required
POL00514,PO00248,PRD0408,25,7897.07,197426.69,13,TND,2023-07-16,
POL00515,PO00249,PRD0240,22,24435.76,537586.7,1,TND,2022-03-30,
POL00516,PO00250,PRD0359,33,13834.47,456537.64,4,TND,2022-08-12,
POL00517,PO00250,PRD0183,28,1036.59,29024.65,10,TND,2022-08-12,
POL00518,PO00250,PRD0418,7,24888.53,174219.73,0,TND,2022-08-12,
POL00519,PO00251,PRD0248,16,34027.35,544437.64,4,TND,2024-10-28,
POL00520,PO00252,PRD0096,17,31839.42,541270.15,3,TND,2024-09-12,Quality check required
POL00521,PO00252,PRD0164,24,21136.8,507283.1,7,TND,2024-09-12,
POL00522,PO00253,PRD0406,30,2473.59,74207.65,16,TND,2024-02-28,
POL00523,PO00253,PRD0064,15,4456.82,66852.25,1,TND,2024-02-28,
POL00524,PO00253,PRD0394,29,23432.89,679553.84,19,TND,2024-02-28,Rush order
POL00525,PO00254,PRD0364,30,17483.62,524508.55,5,TND,2024-04-01,
POL00526,PO00254,PRD0079,16,7517.5,120280.02,15,TND,2024-04-01,
POL00527,PO00255,PRD0066,44,4976.2,218952.85,22,TND,2023-02-15,
POL00528,PO00255,PRD0369,14,29303.49,410248.9,2,TND,2023-02-15,
POL00529,PO00256,PRD0355,49,16342.35,800775.31,39,TND,2022-08-24,
POL00530,PO00256,PRD0395,43,10591.86,455450.15,38,TND,2022-08-24,
POL00531,PO00256,PRD0418,28,19168.91,536729.54,27,TND,2022-08-24,Quality check required
POL00532,PO00257,PRD0356,19,73.38,1394.22,11,TND,2025-01-14,
POL00533,PO00257,PRD0425,32,15255.39,488172.37,27,TND,2025-01-14,
POL00534,PO00257,PRD0458,7,946.15,6623.02,7,TND,2025-01-14,Quality check required
POL00535,PO00258,PRD0465,34,22005.38,748182.83,2,TND,2022-12-07,
POL00536,PO00259,PRD0200,12,1511.7,18140.38,12,TND,2023-11-02,
POL00537,PO00260,PRD0425,29,19999.52,579986.08,1,TND,2022-05-04,
POL00538,PO00261,PRD0252,30,4370.21,131106.45,3,TND,2022-10-06,Rush order
POL00539,PO00262,PRD0433,19,22674.87,430822.56,17,TND,2023-05-22,
POL00540,PO00262,PRD0488,16,12948.62,207177.85,2,TND,2023-05-22,Quality check required
POL00541,PO00262,PRD0422,45,21337.72,960197.53,27,TND,2023-05-22,Rush order
POL00542,PO00263,PRD0441,17,17725.74,301337.54,10,TND,2023-04-10,Quality check required
POL00543,PO00263,PRD0133,13,24328.97,316276.57,2,TND,2023-04-10,
POL00544,PO00263,PRD0400,18,15956.16,287210.83,4,TND,2023-04-10,
POL00545,PO00264,PRD0471,6,4668.36,28010.18,5,TND,2024-07-10,
POL00546,PO00265,PRD0150,47,22586.04,1061543.71,47,TND,2024-09-23,
POL00547,PO00265,PRD0130,47,28959.6,1361101.18,43,TND,2024-09-23,
POL00548,PO00265,PRD0079,27,6384.09,172370.5,12,TND,2024-09-23,
POL00549,PO00266,PRD0094,26,35523.35,923607.15,6,TND,2022-11-10,Rush order
POL00550,PO00266,PRD0421,29,10241.57,297005.63,7,TND,2022-11-10,Quality check required
POL00551,PO00267,PRD0035,12,21987.96,263855.56,8,TND,2024-07-17,
POL00552,PO00268,PRD0204,22,21261.42,467751.16,3,TND,2025-02-06,
POL00553,PO00268,PRD0351,47,17019.6,799921.06,20,TND,2025-02-06,
POL00554,PO00269,PRD0487,40,25265.64,1010625.71,20,TND,2024-08-04,
POL00555,PO00269,PRD0157,47,3972.18,186692.48,4,TND,2024-08-04,
POL00556,PO00269,PRD0396,16,30783.94,492543.11,12,TND,2024-08-04,
POL00557,PO00270,PRD0402,41,10044.1,411808.26,30,TND,2024-09-13,Rush order
POL00558,PO00270,PRD0147,25,13814.14,345353.53,23,TND,2024-09-13,Rush order
POL00559,PO00270,PRD0340,7,12841.06,89887.4,5,TND,2024-09-13,Rush order
POL00560,PO00271,PRD0292,45,26843.49,1207957.18,42,TND,2023-02-19,
POL00561,PO00271,PRD0038,32,4210.57,134738.32,17,TND,2023-02-19,
POL00562,PO00272,PRD0290,48,25597.92,1228699.93,21,TND,2024-05-08,Rush order
POL00563,PO00273,PRD0140,47,6614.84,310897.49,5,TND,2023-09-25,
POL00564,PO00273,PRD0009,42,21068.38,884871.77,13,TND,2023-09-25,
POL00565,PO00274,PRD0231,16,11209.66,179354.48,1,TND,2022-04-26,Quality check required
POL00566,PO00274,PRD0281,13,37315.27,485098.57,0,TND,2022-04-26,Rush order
POL00567,PO00275,PRD0223,47,21204,996588.23,0,TND,2022-12-19,
POL00568,PO00276,PRD0444,47,24801.91,1165689.94,5,TND,2023-05-30,
POL00569,PO00276,PRD0334,17,9564.91,162603.5,7,TND,2023-05-30,Quality check required
POL00570,PO00276,PRD0255,44,12860.95,565881.68,25,TND,2023-05-30,Quality check required
POL00571,PO00277,PRD0291,41,13014.88,533610.11,33,TND,2022-09-09,Quality check required
POL00572,PO00277,PRD0332,15,22708.71,340630.6,13,TND,2022-09-09,Quality check required
POL00573,PO00277,PRD0233,19,22591.58,429239.97,2,TND,2022-09-09,
POL00574,PO00278,PRD0068,29,2623.62,76085.11,21,TND,2023-11-27,
POL00575,PO00279,PRD0492,38,12570.72,477687.25,34,TND,2022-11-07,
POL00576,PO00279,PRD0174,39,4895.14,190910.38,26,TND,2022-11-07,Rush order
POL00577,PO00280,PRD0431,18,27936.22,502851.97,18,TND,2022-10-14,Rush order
POL00578,PO00281,PRD0060,45,10728.52,482783.37,24,TND,2022-06-11,Rush order
POL00579,PO00282,PRD0097,48,8721.24,418619.47,46,TND,2024-05-07,
POL00580,PO00282,PRD0016,16,25107.23,401715.67,7,TND,2024-05-07,
POL00581,PO00283,PRD0024,42,23508.93,987375.13,4,TND,2023-02-21,Rush order
POL00582,PO00284,PRD0397,29,11121.71,322529.55,8,TND,2024-05-08,Rush order
POL00583,PO00285,PRD0328,35,28381.63,993356.88,0,TND,2024-10-26,
POL00584,PO00285,PRD0234,31,2185.9,67762.83,29,TND,2024-10-26,Quality check required
POL00585,PO00285,PRD0410,39,21771.48,849087.88,27,TND,2024-10-26,Quality check required
POL00586,PO00286,PRD0153,33,26712.32,881506.63,19,TND,2024-03-14,
POL00587,PO00286,PRD0294,17,7082.5,120402.55,12,TND,2024-03-14,Rush order
POL00588,PO00287,PRD0354,26,389.17,10118.31,1,TND,2023-08-05,
POL00589,PO00287,PRD0018,27,26985.92,728619.96,10,TND,2023-08-05,
POL00590,PO00288,PRD0102,29,29910.34,867399.74,8,TND,2023-09-05,
POL00591,PO00288,PRD0020,16,26296.24,420739.88,14,TND,2023-09-05,Quality check required
POL00592,PO00289,PRD0057,41,29224.1,1198188.02,41,TND,2023-05-29,Rush order
POL00593,PO00290,PRD0292,19,25918.63,492454.01,10,TND,2023-11-29,
POL00594,PO00291,PRD0356,34,63.27,2151.23,0,TND,2025-02-13,
POL00595,PO00292,PRD0180,15,13655.42,204831.29,14,TND,2023-06-07,Quality check required
POL00596,PO00292,PRD0057,32,27249.33,871978.42,19,TND,2023-06-07,
POL00597,PO00293,PRD0437,23,29845.77,686452.61,16,TND,2025-01-16,
POL00598,PO00294,PRD0431,30,24962.79,748883.59,11,TND,2023-06-08,Rush order
POL00599,PO00294,PRD0292,32,23394.76,748632.27,15,TND,2023-06-08,Rush order
POL00600,PO00294,PRD0391,21,27275.93,572794.62,9,TND,2023-06-08,
POL00601,PO00295,PRD0364,24,19204.05,460897.13,19,TND,2024-06-24,
POL00602,PO00295,PRD0132,43,27505.04,1182716.63,37,TND,2024-06-24,
POL00603,PO00296,PRD0125,21,10167.97,213527.31,8,TND,2023-09-19,
POL00604,PO00296,PRD0427,19,31566.33,599760.19,18,TND,2023-09-19,Rush order
POL00605,PO00296,PRD0362,21,1321.29,27747.04,0,TND,2023-09-19,
POL00606,PO00297,PRD0429,14,19192.12,268689.72,3,TND,2024-08-21,
POL00607,PO00297,PRD0337,37,26363.41,975445.99,26,TND,2024-08-21,
POL00608,PO00297,PRD0359,35,16498.09,577433.18,13,TND,2024-08-21,
POL00609,PO00298,PRD0419,38,14504.98,551189.38,37,TND,2024-03-15,Rush order
POL00610,PO00298,PRD0273,15,13331.88,199978.21,3,TND,2024-03-15,
POL00611,PO00298,PRD0329,41,16246.76,666117.27,28,TND,2024-03-15,
POL00612,PO00299,PRD0354,35,375.92,13157.37,2,TND,2023-03-25,Quality check required
POL00613,PO00300,PRD0155,27,7901.23,213333.24,6,TND,2023-02-01,Rush order
POL00614,PO00300,PRD0461,31,9749.02,302219.48,23,TND,2023-02-01,Rush order
POL00615,PO00301,PRD0410,13,20257.67,263349.74,0,TND,2024-08-05,
POL00616,PO00301,PRD0300,24,20397.47,489539.22,8,TND,2024-08-05,
POL00617,PO00302,PRD0435,9,31191.64,280724.73,2,TND,2022-12-26,
POL00618,PO00302,PRD0156,8,159.95,1279.58,0,TND,2022-12-26,
POL00619,PO00303,PRD0448,12,12832.25,153986.99,3,TND,2024-07-04,Quality check required
POL00620,PO00303,PRD0183,30,839.64,25189.1,27,TND,2024-07-04,Rush order
POL00621,PO00303,PRD0055,43,11850.1,509554.24,25,TND,2024-07-04,
POL00622,PO00304,PRD0299,35,18818.86,658659.98,0,TND,2023-09-15,
POL00623,PO00304,PRD0173,10,35812.87,358128.73,9,TND,2023-09-15,
POL00624,PO00305,PRD0484,50,24803.82,1240190.97,23,TND,2022-03-20,
POL00625,PO00306,PRD0097,30,8007.65,240229.6,12,TND,2023-11-18,
POL00626,PO00306,PRD0133,19,18817.76,357537.39,17,TND,2023-11-18,
POL00627,PO00307,PRD0025,16,5876.6,94025.54,6,TND,2023-12-20,Quality check required
POL00628,PO00307,PRD0454,47,26084.63,1225977.84,47,TND,2023-12-20,
POL00629,PO00308,PRD0440,24,6409.68,153832.23,14,TND,2024-08-22,Rush order
POL00630,PO00309,PRD0136,46,28419.38,1307291.66,6,TND,2023-01-02,
POL00631,PO00310,PRD0119,42,15845.37,665505.49,26,TND,2024-01-10,
POL00632,PO00310,PRD0340,48,12629.37,606209.86,42,TND,2024-01-10,Quality check required
POL00633,PO00311,PRD0426,46,5308,244168.23,20,TND,2024-07-12,
POL00634,PO00311,PRD0015,22,7492.42,164833.24,12,TND,2024-07-12,
POL00635,PO00311,PRD0017,14,23662.37,331273.16,14,TND,2024-07-12,
POL00636,PO00312,PRD0340,23,11327.14,260524.2,2,TND,2024-02-10,Quality check required
POL00637,PO00312,PRD0498,7,22618.08,158326.54,4,TND,2024-02-10,
POL00638,PO00312,PRD0250,8,7937.38,63499.01,2,TND,2024-02-10,
POL00639,PO00313,PRD0407,8,2841.53,22732.23,2,TND,2023-05-07,
POL00640,PO00313,PRD0406,44,2391.57,105228.9,17,TND,2023-05-07,Quality check required
POL00641,PO00313,PRD0428,16,14234.51,227752.24,14,TND,2023-05-07,Rush order
POL00642,PO00314,PRD0447,17,29630.76,503722.89,6,TND,2022-03-15,
POL00643,PO00314,PRD0386,14,17771.41,248799.74,9,TND,2022-03-15,
POL00644,PO00314,PRD0473,6,10052.45,60314.71,1,TND,2022-03-15,Rush order
POL00645,PO00315,PRD0294,5,6530.28,32651.42,1,TND,2024-04-13,
POL00646,PO00315,PRD0056,21,28256.86,593393.98,13,TND,2024-04-13,Quality check required
POL00647,PO00316,PRD0035,47,20816.08,978355.75,27,TND,2022-11-28,Quality check required
POL00648,PO00316,PRD0376,5,13126.34,65631.7,3,TND,2022-11-28,Quality check required
POL00649,PO00317,PRD0398,44,9744.83,428772.65,22,TND,2023-12-09,Rush order
POL00650,PO00318,PRD0461,16,10155.8,162492.77,8,TND,2022-05-17,Rush order
POL00651,PO00319,PRD0029,16,19389.7,310235.22,7,TND,2023-04-15,
POL00652,PO00320,PRD0395,20,9201.86,184037.24,0,TND,2023-04-09,
POL00653,PO00320,PRD0133,13,20351.51,264569.63,0,TND,2023-04-09,
POL00654,PO00320,PRD0418,34,23860.16,811245.57,4,TND,2023-04-09,
POL00655,PO00321,PRD0409,34,6288.84,213820.71,10,TND,2023-01-02,
POL00656,PO00321,PRD0470,13,32711.29,425246.82,4,TND,2023-01-02,
POL00657,PO00321,PRD0395,8,10548.92,84391.4,7,TND,2023-01-02,Quality check required
POL00658,PO00322,PRD0339,11,24581.94,270401.29,7,TND,2023-04-05,Quality check required
POL00659,PO00322,PRD0453,21,6156.34,129283.05,13,TND,2023-04-05,
POL00660,PO00323,PRD0403,16,4931.34,78901.49,8,TND,2024-04-18,
POL00661,PO00323,PRD0427,45,30797.4,1385883.06,34,TND,2024-04-18,
POL00662,PO00323,PRD0308,33,32722.3,1079836.01,9,TND,2024-04-18,Quality check required
POL00663,PO00324,PRD0076,9,27784.09,250056.81,2,TND,2024-09-27,
POL00664,PO00324,PRD0174,7,4605.11,32235.79,5,TND,2024-09-27,Quality check required
POL00665,PO00324,PRD0259,39,12698.08,495225.06,18,TND,2024-09-27,Rush order
POL00666,PO00325,PRD0372,36,23417.57,843032.66,15,TND,2022-09-10,
POL00667,PO00325,PRD0379,9,29310.66,263795.98,2,TND,2022-09-10,
POL00668,PO00325,PRD0076,10,21071.7,210716.96,0,TND,2022-09-10,
POL00669,PO00326,PRD0235,49,26421.45,1294651.13,22,TND,2023-01-25,
POL00670,PO00326,PRD0495,44,15383.86,676889.75,3,TND,2023-01-25,
POL00671,PO00326,PRD0263,8,6872.37,54978.93,7,TND,2023-01-25,Rush order
POL00672,PO00327,PRD0019,43,14203.99,610771.59,9,TND,2024-10-06,Rush order
POL00673,PO00327,PRD0409,44,6536.22,287593.75,39,TND,2024-10-06,Rush order
POL00674,PO00327,PRD0323,16,34727.05,555632.82,10,TND,2024-10-06,
POL00675,PO00328,PRD0053,36,3735.95,134494.32,24,TND,2024-05-08,Rush order
POL00676,PO00328,PRD0089,40,12659.36,506374.27,29,TND,2024-05-08,
POL00677,PO00329,PRD0011,23,4259.9,97977.68,4,TND,2024-05-13,
POL00678,PO00330,PRD0193,48,6450.39,309618.49,20,TND,2024-07-09,Rush order
POL00679,PO00331,PRD0451,17,19400.95,329816.14,6,TND,2022-12-20,
POL00680,PO00331,PRD0331,17,17097.95,290665.21,6,TND,2022-12-20,Rush order
POL00681,PO00331,PRD0196,33,1187.63,39191.73,1,TND,2022-12-20,Rush order
POL00682,PO00332,PRD0431,42,26667.82,1120048.42,21,TND,2022-05-24,
POL00683,PO00332,PRD0266,6,25879.23,155275.4,6,TND,2022-05-24,
POL00684,PO00332,PRD0256,28,9533.31,266932.72,19,TND,2022-05-24,Quality check required
POL00685,PO00333,PRD0351,25,21692.49,542312.3,6,TND,2024-03-18,Quality check required
POL00686,PO00333,PRD0179,44,26986.28,1187396.28,44,TND,2024-03-18,
POL00687,PO00333,PRD0037,45,27899.52,1255478.58,42,TND,2024-03-18,
POL00688,PO00334,PRD0486,25,12702.17,317554.24,13,TND,2023-01-08,
POL00689,PO00335,PRD0095,35,30538.97,1068863.79,20,TND,2022-07-08,
POL00690,PO00335,PRD0232,27,25193.53,680225.26,18,TND,2022-07-08,
POL00691,PO00336,PRD0215,30,12121.83,363654.94,11,TND,2024-08-28,
POL00692,PO00337,PRD0073,13,23799.35,309391.5,0,TND,2023-12-18,Rush order
POL00693,PO00338,PRD0372,23,17492.82,402334.79,3,TND,2023-03-08,
POL00694,PO00338,PRD0475,31,27313.33,846713.32,13,TND,2023-03-08,
POL00695,PO00338,PRD0081,25,4245.69,106142.36,10,TND,2023-03-08,
POL00696,PO00339,PRD0120,47,24799.77,1165589.15,46,TND,2022-04-12,
POL00697,PO00339,PRD0224,16,1685.4,26966.35,9,TND,2022-04-12,
POL00698,PO00340,PRD0221,26,2715.41,70600.55,21,TND,2022-05-10,Rush order
POL00699,PO00341,PRD0264,26,33901.5,881439.01,3,TND,2023-03-23,
POL00700,PO00341,PRD0014,11,23842.65,262269.1,3,TND,2023-03-23,
POL00701,PO00341,PRD0331,7,17499.5,122496.49,0,TND,2023-03-23,Rush order
POL00702,PO00342,PRD0274,15,28404.09,426061.4,2,TND,2024-11-29,
POL00703,PO00342,PRD0437,14,28216.56,395031.9,1,TND,2024-11-29,
POL00704,PO00342,PRD0436,28,27942.83,782399.37,23,TND,2024-11-29,Rush order
POL00705,PO00343,PRD0340,28,9929.57,278027.99,17,TND,2023-03-30,
POL00706,PO00343,PRD0467,39,24335.82,949096.81,26,TND,2023-03-30,
POL00707,PO00343,PRD0453,30,6591.94,197758.34,9,TND,2023-03-30,
POL00708,PO00344,PRD0391,38,23926.81,909218.84,20,TND,2022-11-27,Rush order
POL00709,PO00345,PRD0276,24,11365.13,272763.19,24,TND,2022-08-03,
POL00710,PO00345,PRD0030,48,20626.57,990075.44,0,TND,2022-08-03,
POL00711,PO00345,PRD0200,16,1612.66,25802.54,16,TND,2022-08-03,Quality check required
POL00712,PO00346,PRD0327,25,1924.88,48121.97,16,TND,2024-11-30,Rush order
POL00713,PO00346,PRD0269,29,26424.98,766324.38,20,TND,2024-11-30,Quality check required
POL00714,PO00347,PRD0485,24,7092.73,170225.54,24,TND,2024-04-05,
POL00715,PO00347,PRD0446,13,21439.67,278715.76,3,TND,2024-04-05,Rush order
POL00716,PO00348,PRD0093,32,27595.78,883064.98,9,TND,2024-08-21,
POL00717,PO00348,PRD0058,16,1301.86,20829.76,0,TND,2024-08-21,Rush order
POL00718,PO00348,PRD0313,7,25654.45,179581.13,4,TND,2024-08-21,
POL00719,PO00349,PRD0130,12,36851.25,442214.94,4,TND,2022-05-17,Quality check required
POL00720,PO00349,PRD0273,41,18189.26,745759.8,7,TND,2022-05-17,
POL00721,PO00349,PRD0112,44,22113.61,972999.03,28,TND,2022-05-17,
POL00722,PO00350,PRD0302,44,3904.6,171802.54,17,TND,2023-04-20,
POL00723,PO00350,PRD0313,11,25658.69,282245.55,10,TND,2023-04-20,
POL00724,PO00351,PRD0358,6,33647.87,201887.2,0,TND,2024-07-03,
POL00725,PO00351,PRD0102,32,32981.1,1055395.07,26,TND,2024-07-03,
POL00726,PO00351,PRD0057,15,27847.31,417709.7,0,TND,2024-07-03,
POL00727,PO00352,PRD0179,15,31383.31,470749.65,10,TND,2022-05-15,
POL00728,PO00353,PRD0203,25,8377.27,209431.87,20,TND,2022-03-30,
POL00729,PO00353,PRD0097,16,6986.91,111790.57,8,TND,2022-03-30,
POL00730,PO00353,PRD0447,20,30907.81,618156.22,17,TND,2022-03-30,
POL00731,PO00354,PRD0284,31,28316.73,877818.61,10,TND,2023-04-25,
POL00732,PO00354,PRD0353,8,3542.54,28340.33,0,TND,2023-04-25,Quality check required
POL00733,PO00355,PRD0274,34,30837.98,1048491.34,27,TND,2022-02-14,
POL00734,PO00355,PRD0358,16,35051.38,560822.03,6,TND,2022-02-14,
POL00735,PO00356,PRD0458,18,1044.81,18806.66,6,TND,2022-07-30,Quality check required
POL00736,PO00356,PRD0198,10,2438.41,24384.06,8,TND,2022-07-30,Rush order
POL00737,PO00356,PRD0345,45,31759.76,1429189.1,34,TND,2022-07-30,Quality check required
POL00738,PO00357,PRD0204,20,18859.59,377191.74,13,TND,2024-08-14,
POL00739,PO00358,PRD0495,9,13576.86,122191.75,3,TND,2023-01-27,
POL00740,PO00358,PRD0398,15,10419.51,156292.62,6,TND,2023-01-27,
POL00741,PO00359,PRD0312,37,26782.34,990946.67,14,TND,2023-12-07,Rush order
POL00742,PO00359,PRD0079,34,8314.03,282677.12,4,TND,2023-12-07,
POL00743,PO00359,PRD0051,50,4821.92,241096.04,48,TND,2023-12-07,
POL00744,PO00360,PRD0488,29,12263.53,355642.41,3,TND,2023-07-04,
POL00745,PO00360,PRD0459,45,17458.05,785612.11,23,TND,2023-07-04,
POL00746,PO00361,PRD0004,39,20572.31,802320.28,33,TND,2022-12-09,
POL00747,PO00362,PRD0417,44,16408.79,721986.89,8,TND,2022-08-22,Quality check required
POL00748,PO00362,PRD0137,31,19729.92,611627.54,7,TND,2022-08-22,Quality check required
POL00749,PO00362,PRD0127,49,26774.28,1311939.92,7,TND,2022-08-22,Rush order
POL00750,PO00363,PRD0215,20,14528,290560.06,17,TND,2025-01-20,Rush order
POL00751,PO00363,PRD0297,36,3616.37,130189.25,11,TND,2025-01-20,
POL00752,PO00363,PRD0437,14,37878.94,530305.11,11,TND,2025-01-20,Quality check required
POL00753,PO00364,PRD0189,30,31509.61,945288.31,17,TND,2022-05-24,Quality check required
POL00754,PO00364,PRD0357,44,14857.15,653714.49,22,TND,2022-05-24,
POL00755,PO00365,PRD0071,18,1473.2,26517.61,9,TND,2024-08-02,
POL00756,PO00366,PRD0304,26,23957.01,622882.32,10,TND,2024-11-04,
POL00757,PO00366,PRD0290,47,24182.01,1136554.36,27,TND,2024-11-04,
POL00758,PO00366,PRD0457,24,22263.88,534333.12,4,TND,2024-11-04,
POL00759,PO00367,PRD0012,14,16572.78,232018.91,12,TND,2024-10-25,
POL00760,PO00367,PRD0228,42,22128.61,929401.44,19,TND,2024-10-25,
POL00761,PO00367,PRD0138,41,6215.48,254834.6,39,TND,2024-10-25,Quality check required
POL00762,PO00368,PRD0012,43,12917.82,555466.39,29,TND,2023-06-26,Rush order
POL00763,PO00368,PRD0288,36,25384.27,913833.9,16,TND,2023-06-26,
POL00764,PO00369,PRD0352,23,23413.25,538504.76,12,TND,2023-02-26,Rush order
POL00765,PO00369,PRD0317,37,4639.95,171678.09,12,TND,2023-02-26,
POL00766,PO00370,PRD0434,20,5956.96,119139.11,9,TND,2022-09-19,Quality check required
POL00767,PO00370,PRD0155,45,7039.97,316798.59,21,TND,2022-09-19,
POL00768,PO00370,PRD0058,42,1487.01,62454.41,34,TND,2022-09-19,
POL00769,PO00371,PRD0195,42,29510.47,1239439.71,34,TND,2024-05-18,
POL00770,PO00372,PRD0149,43,11890.57,511294.55,10,TND,2023-04-22,
POL00771,PO00372,PRD0162,5,30710.41,153552.03,2,TND,2023-04-22,
POL00772,PO00373,PRD0428,7,16963.94,118747.58,2,TND,2023-11-27,Quality check required
POL00773,PO00374,PRD0493,30,4485.53,134566.01,12,TND,2024-10-02,Rush order
POL00774,PO00375,PRD0309,39,22267.25,868422.68,11,TND,2024-08-24,Rush order
POL00775,PO00375,PRD0462,21,27427.2,575971.22,11,TND,2024-08-24,
POL00776,PO00375,PRD0032,19,2200.73,41813.86,0,TND,2024-08-24,
POL00777,PO00376,PRD0294,7,8312.97,58190.78,5,TND,2023-08-18,Quality check required
POL00778,PO00376,PRD0285,39,2692.72,105016.22,35,TND,2023-08-18,
POL00779,PO00376,PRD0098,35,33432.62,1170141.72,16,TND,2023-08-18,
POL00780,PO00377,PRD0178,14,23494.97,328929.63,14,TND,2024-08-23,Quality check required
POL00781,PO00377,PRD0213,5,19527.71,97638.54,0,TND,2024-08-23,
POL00782,PO00377,PRD0444,48,26063.13,1251030.28,22,TND,2024-08-23,Quality check required
POL00783,PO00378,PRD0207,43,23751.63,1021320.15,22,TND,2024-07-10,
POL00784,PO00378,PRD0053,27,3487.13,94152.45,12,TND,2024-07-10,Rush order
POL00785,PO00378,PRD0304,21,17456.87,366594.2,18,TND,2024-07-10,
POL00786,PO00379,PRD0278,23,3344.32,76919.35,13,TND,2024-04-22,Quality check required
POL00787,PO00379,PRD0341,37,26320.34,973852.4,30,TND,2024-04-22,
POL00788,PO00380,PRD0061,46,1079.37,49650.88,2,TND,2022-12-11,
POL00789,PO00380,PRD0272,18,8574.16,154334.85,13,TND,2022-12-11,Rush order
POL00790,PO00380,PRD0242,12,35668.16,428017.93,0,TND,2022-12-11,
POL00791,PO00381,PRD0471,21,4012.6,84264.68,4,TND,2024-01-09,
POL00792,PO00381,PRD0152,7,5394.49,37761.45,6,TND,2024-01-09,Quality check required
POL00793,PO00382,PRD0341,40,29981.26,1199250.22,25,TND,2023-08-20,Rush order
POL00794,PO00382,PRD0176,7,25120.56,175843.94,6,TND,2023-08-20,
POL00795,PO00383,PRD0060,27,9660.46,260832.34,19,TND,2022-12-24,
POL00796,PO00384,PRD0447,32,23403.23,748903.41,11,TND,2023-08-20,
POL00797,PO00384,PRD0245,16,34611.62,553785.98,3,TND,2023-08-20,
POL00798,PO00385,PRD0170,45,5985.09,269329.06,41,TND,2022-11-06,Rush order
POL00799,PO00386,PRD0407,24,2721.97,65327.25,15,TND,2022-04-11,Quality check required
POL00800,PO00386,PRD0016,23,22156.95,509609.83,21,TND,2022-04-11,Rush order
POL00801,PO00387,PRD0306,25,28258.07,706451.64,5,TND,2023-11-19,
POL00802,PO00387,PRD0115,19,17408.69,330765.16,17,TND,2023-11-19,
POL00803,PO00388,PRD0004,13,21992.03,285896.4,4,TND,2023-07-24,Rush order
POL00804,PO00388,PRD0251,18,15670.07,282061.29,3,TND,2023-07-24,
POL00805,PO00389,PRD0425,5,18312.29,91561.43,5,TND,2023-01-06,
POL00806,PO00389,PRD0442,47,3757.53,176604.11,11,TND,2023-01-06,
POL00807,PO00389,PRD0461,9,10783.13,97048.2,7,TND,2023-01-06,
POL00808,PO00390,PRD0074,15,1686.78,25301.75,13,TND,2022-08-22,Rush order
POL00809,PO00390,PRD0325,39,19733.43,769603.83,15,TND,2022-08-22,
POL00810,PO00390,PRD0497,25,15568.39,389209.74,22,TND,2022-08-22,Rush order
POL00811,PO00391,PRD0167,24,34438.49,826523.64,5,TND,2022-07-24,Rush order
POL00812,PO00391,PRD0088,25,19293.88,482346.95,3,TND,2022-07-24,Quality check required
POL00813,PO00391,PRD0093,37,27298.08,1010029.1,20,TND,2022-07-24,Quality check required
POL00814,PO00392,PRD0315,8,16586.67,132693.34,5,TND,2023-05-26,
POL00815,PO00392,PRD0044,45,4377.38,196981.94,3,TND,2023-05-26,Rush order
POL00816,PO00393,PRD0307,34,910.61,30960.85,19,TND,2024-02-21,Rush order
POL00817,PO00393,PRD0048,28,17631.35,493677.78,20,TND,2024-02-21,
POL00818,PO00394,PRD0396,38,25845.66,982134.97,18,TND,2023-01-28,
POL00819,PO00394,PRD0073,34,23987.13,815562.32,7,TND,2023-01-28,Rush order
POL00820,PO00395,PRD0154,34,8820.17,299885.91,12,TND,2022-11-17,Rush order
POL00821,PO00395,PRD0360,43,20904.9,898910.82,13,TND,2022-11-17,
POL00822,PO00395,PRD0413,36,23910.76,860787.48,32,TND,2022-11-17,
POL00823,PO00396,PRD0114,38,17547.53,666806.02,13,TND,2023-08-29,Quality check required
POL00824,PO00397,PRD0448,49,16408.66,804024.29,12,TND,2024-01-09,
POL00825,PO00398,PRD0267,32,36816.19,1178118.22,2,TND,2025-01-26,
POL00826,PO00398,PRD0471,39,4287.41,167208.82,11,TND,2025-01-26,
POL00827,PO00398,PRD0308,16,27120.71,433931.29,15,TND,2025-01-26,
POL00828,PO00399,PRD0101,40,3914.82,156592.8,27,TND,2023-03-29,
POL00829,PO00399,PRD0005,9,9525.85,85732.66,5,TND,2023-03-29,
POL00830,PO00400,PRD0228,31,24496.53,759392.39,20,TND,2023-05-06,
POL00831,PO00401,PRD0374,37,7133.3,263932.23,3,TND,2024-10-02,
POL00832,PO00401,PRD0116,11,5189.33,57082.66,5,TND,2024-10-02,Quality check required
POL00833,PO00402,PRD0245,29,27337.15,792777.44,15,TND,2024-06-13,
POL00834,PO00402,PRD0097,33,8116.77,267853.27,24,TND,2024-06-13,
POL00835,PO00402,PRD0150,30,24771.66,743149.83,18,TND,2024-06-13,
POL00836,PO00403,PRD0115,13,17211.82,223753.66,9,TND,2022-03-26,
POL00837,PO00403,PRD0108,29,8576.93,248730.84,20,TND,2022-03-26,Quality check required
POL00838,PO00404,PRD0498,44,23333.84,1026689.06,37,TND,2023-06-30,
POL00839,PO00404,PRD0464,6,29631.34,177788.05,5,TND,2023-06-30,
POL00840,PO00405,PRD0025,40,6677.09,267083.64,21,TND,2023-03-05,Quality check required
POL00841,PO00406,PRD0296,19,23584.79,448110.99,10,TND,2024-05-15,
POL00842,PO00407,PRD0361,43,5863.86,252145.91,26,TND,2022-11-05,
POL00843,PO00408,PRD0464,23,25210.46,579840.61,12,TND,2023-03-04,Rush order
POL00844,PO00408,PRD0148,37,31016.79,1147621.14,33,TND,2023-03-04,Rush order
POL00845,PO00409,PRD0385,44,35791.29,1574816.6,29,TND,2023-12-29,
POL00846,PO00409,PRD0481,15,31140.45,467106.75,11,TND,2023-12-29,Quality check required
POL00847,PO00409,PRD0462,50,25360.64,1268031.76,36,TND,2023-12-29,Rush order
POL00848,PO00410,PRD0065,42,32797.95,1377513.79,3,TND,2022-02-27,
POL00849,PO00410,PRD0485,33,6394.63,211022.67,29,TND,2022-02-27,
POL00850,PO00410,PRD0266,47,29421.74,1382821.88,40,TND,2022-02-27,
POL00851,PO00411,PRD0154,17,7568.79,128669.51,14,TND,2023-06-19,
POL00852,PO00412,PRD0008,42,11461.92,481400.72,33,TND,2023-07-15,Rush order
POL00853,PO00412,PRD0475,21,33737.57,708488.93,10,TND,2023-07-15,
POL00854,PO00413,PRD0407,36,2663.84,95898.07,10,TND,2023-08-23,
POL00855,PO00413,PRD0475,38,34593.05,1314535.88,6,TND,2023-08-23,
POL00856,PO00414,PRD0372,6,17989.33,107936.01,1,TND,2024-10-23,
POL00857,PO00415,PRD0175,12,26562.96,318755.57,12,TND,2023-10-12,
POL00858,PO00415,PRD0386,44,18149.06,798558.77,31,TND,2023-10-12,
POL00859,PO00415,PRD0223,26,15218.7,395686.27,18,TND,2023-10-12,
POL00860,PO00416,PRD0378,47,11842.61,556602.53,46,TND,2023-02-28,
POL00861,PO00417,PRD0434,34,5259.75,178831.52,3,TND,2025-01-23,Rush order
POL00862,PO00417,PRD0086,40,21807.11,872284.44,27,TND,2025-01-23,Quality check required
POL00863,PO00417,PRD0427,19,33165.67,630147.8,11,TND,2025-01-23,
POL00864,PO00418,PRD0425,39,19285.44,752132.05,1,TND,2024-08-12,Quality check required
POL00865,PO00418,PRD0337,5,29835.31,149176.55,5,TND,2024-08-12,Rush order
POL00866,PO00418,PRD0161,48,5244.87,251753.81,25,TND,2024-08-12,
POL00867,PO00419,PRD0382,42,20157.76,846626.02,5,TND,2024-04-15,
POL00868,PO00419,PRD0063,39,15233.94,594123.7,8,TND,2024-04-15,
POL00869,PO00419,PRD0295,24,21995.04,527880.85,4,TND,2024-04-15,Rush order
POL00870,PO00420,PRD0063,7,18188.42,127318.96,0,TND,2024-07-06,
POL00871,PO00420,PRD0125,39,8174.11,318790.35,6,TND,2024-07-06,
POL00872,PO00421,PRD0063,13,15726.18,204440.4,4,TND,2022-12-05,
POL00873,PO00421,PRD0022,18,32923.1,592615.74,12,TND,2022-12-05,
POL00874,PO00421,PRD0146,49,32561.04,1595491.07,33,TND,2022-12-05,Quality check required
POL00875,PO00422,PRD0195,13,35009.68,455125.8,7,TND,2024-06-26,
POL00876,PO00423,PRD0354,43,403.7,17359.01,25,TND,2024-07-25,
POL00877,PO00424,PRD0108,44,7889.8,347151.17,3,TND,2023-03-24,
POL00878,PO00425,PRD0171,32,318.55,10193.63,5,TND,2025-01-29,Rush order
POL00879,PO00425,PRD0279,23,7185.8,165273.38,14,TND,2025-01-29,
POL00880,PO00425,PRD0165,26,6313.94,164162.38,12,TND,2025-01-29,Quality check required
POL00881,PO00426,PRD0300,16,24801.36,396821.84,11,TND,2024-05-16,Rush order
POL00882,PO00427,PRD0052,20,14581.15,291623.05,12,TND,2024-01-03,
POL00883,PO00428,PRD0338,37,11365.27,420514.88,15,TND,2023-10-17,Quality check required
POL00884,PO00429,PRD0094,15,25628.63,384429.45,13,TND,2022-12-15,Quality check required
POL00885,PO00429,PRD0234,26,2591.73,67384.91,7,TND,2022-12-15,Rush order
POL00886,PO00430,PRD0267,21,26418.72,554793.07,8,TND,2024-06-04,
POL00887,PO00431,PRD0350,11,4419.21,48611.28,9,TND,2024-10-27,Quality check required
POL00888,PO00431,PRD0212,25,26557.62,663940.49,20,TND,2024-10-27,
POL00889,PO00431,PRD0040,45,27991.96,1259638.24,19,TND,2024-10-27,Quality check required
POL00890,PO00432,PRD0022,12,29067.52,348810.23,0,TND,2024-08-26,
POL00891,PO00432,PRD0500,39,22858.56,891483.9,0,TND,2024-08-26,
POL00892,PO00433,PRD0110,36,28695.37,1033033.5,26,TND,2024-04-01,
POL00893,PO00433,PRD0005,37,9928.13,367340.96,6,TND,2024-04-01,Rush order
POL00894,PO00434,PRD0133,38,21854.16,830457.9,37,TND,2024-10-20,
POL00895,PO00434,PRD0347,18,21858.08,393445.42,0,TND,2024-10-20,
POL00896,PO00434,PRD0139,7,8722.64,61058.46,6,TND,2024-10-20,Quality check required
POL00897,PO00435,PRD0134,47,32819.98,1542539.28,38,TND,2024-05-18,
POL00898,PO00435,PRD0356,16,68.16,1090.58,16,TND,2024-05-18,
POL00899,PO00436,PRD0481,22,32817.39,721982.66,10,TND,2024-11-07,Rush order
POL00900,PO00436,PRD0315,50,14477.87,723893.65,15,TND,2024-11-07,Rush order
POL00901,PO00437,PRD0384,36,28113.39,1012082,7,TND,2022-04-25,Quality check required
POL00902,PO00437,PRD0458,17,861.78,14650.3,0,TND,2022-04-25,Quality check required
POL00903,PO00437,PRD0233,40,21955.05,878201.96,7,TND,2022-04-25,
POL00904,PO00438,PRD0430,7,13363.05,93541.37,3,TND,2025-02-11,Rush order
POL00905,PO00438,PRD0427,42,37475.23,1573959.73,32,TND,2025-02-11,
POL00906,PO00439,PRD0260,40,14537.82,581512.91,30,TND,2022-08-09,Quality check required
POL00907,PO00440,PRD0383,19,32129.29,610456.51,6,TND,2024-01-21,Quality check required
POL00908,PO00440,PRD0184,35,454.58,15910.23,28,TND,2024-01-21,
POL00909,PO00440,PRD0493,11,5110.98,56220.83,3,TND,2024-01-21,
POL00910,PO00441,PRD0007,27,8661.04,233848.05,6,TND,2023-08-20,
POL00911,PO00441,PRD0319,31,33061.14,1024895.35,1,TND,2023-08-20,
POL00912,PO00441,PRD0468,30,15362.81,460884.15,4,TND,2023-08-20,Rush order
POL00913,PO00442,PRD0404,21,32572.11,684014.3,2,TND,2024-02-28,
POL00914,PO00442,PRD0086,19,26546.57,504384.74,2,TND,2024-02-28,
POL00915,PO00443,PRD0371,33,13924.74,459516.26,29,TND,2022-05-15,
POL00916,PO00444,PRD0138,9,6201.83,55816.5,0,TND,2023-09-03,
POL00917,PO00445,PRD0354,22,481.34,10589.5,3,TND,2023-08-12,
POL00918,PO00445,PRD0254,22,26892.55,591636.12,11,TND,2023-08-12,
POL00919,PO00445,PRD0303,46,33888.25,1558859.67,4,TND,2023-08-12,
POL00920,PO00446,PRD0248,45,27939.97,1257298.59,9,TND,2022-06-04,
POL00921,PO00446,PRD0366,39,26410.43,1030006.79,29,TND,2022-06-04,
POL00922,PO00446,PRD0316,40,9939.86,397594.36,30,TND,2022-06-04,
POL00923,PO00447,PRD0200,31,1687.35,52307.72,13,TND,2022-05-20,
POL00924,PO00447,PRD0131,10,7802.12,78021.15,7,TND,2022-05-20,Rush order
POL00925,PO00447,PRD0444,16,32334.61,517353.81,9,TND,2022-05-20,
POL00926,PO00448,PRD0427,48,34460.01,1654080.34,13,TND,2024-06-03,
POL00927,PO00448,PRD0456,11,14533.67,159870.36,8,TND,2024-06-03,
POL00928,PO00449,PRD0019,29,10848.06,314593.7,16,TND,2022-05-25,Quality check required
POL00929,PO00450,PRD0353,8,3081.92,24655.38,7,TND,2022-11-15,
POL00930,PO00451,PRD0280,49,7797.33,382069.39,41,TND,2023-05-13,
POL00931,PO00452,PRD0479,7,33056.25,231393.73,0,TND,2022-12-04,
POL00932,PO00453,PRD0400,31,12226.49,379021.27,8,TND,2024-03-11,
POL00933,PO00453,PRD0406,17,2198.16,37368.76,13,TND,2024-03-11,
POL00934,PO00454,PRD0016,43,23584.23,1014121.88,20,TND,2023-06-16,
POL00935,PO00454,PRD0006,36,27990.29,1007650.52,15,TND,2023-06-16,
POL00936,PO00454,PRD0174,41,4636,190076.06,0,TND,2023-06-16,
POL00937,PO00455,PRD0111,17,8941.95,152013.17,1,TND,2022-07-10,Quality check required
POL00938,PO00455,PRD0316,10,8457.41,84574.05,1,TND,2022-07-10,
POL00939,PO00456,PRD0417,37,12381.24,458106.03,30,TND,2023-07-13,
POL00940,PO00456,PRD0195,36,33797.04,1216693.6,9,TND,2023-07-13,
POL00941,PO00456,PRD0290,21,20019.33,420405.98,10,TND,2023-07-13,Rush order
POL00942,PO00457,PRD0209,12,7864.2,94370.43,9,TND,2024-02-22,
POL00943,PO00457,PRD0406,9,2179.06,19611.53,7,TND,2024-02-22,
POL00944,PO00457,PRD0058,24,1519.12,36458.95,7,TND,2024-02-22,Quality check required
POL00945,PO00458,PRD0075,24,22988.79,551730.93,9,TND,2023-07-30,
POL00946,PO00459,PRD0185,46,29293.38,1347495.7,25,TND,2023-10-31,
POL00947,PO00460,PRD0176,42,25293.17,1062313.1,17,TND,2024-05-06,
POL00948,PO00461,PRD0489,47,2000.89,94041.9,46,TND,2023-07-24,
POL00949,PO00462,PRD0140,35,7220.82,252728.61,11,TND,2022-07-29,Quality check required
POL00950,PO00462,PRD0157,18,5055.1,90991.81,5,TND,2022-07-29,Quality check required
POL00951,PO00462,PRD0380,27,26565.89,717279.04,10,TND,2022-07-29,
POL00952,PO00463,PRD0473,31,10604.05,328725.7,5,TND,2024-04-02,Quality check required
POL00953,PO00464,PRD0419,48,13463.23,646234.92,8,TND,2024-02-23,Rush order
POL00954,PO00464,PRD0154,49,8731.52,427844.36,22,TND,2024-02-23,
POL00955,PO00464,PRD0369,12,25821.48,309857.72,6,TND,2024-02-23,
POL00956,PO00465,PRD0055,47,10015.48,470727.54,7,TND,2024-10-23,Rush order
POL00957,PO00466,PRD0298,32,6757.43,216237.63,25,TND,2024-04-07,Rush order
POL00958,PO00466,PRD0473,39,13342.97,520375.91,26,TND,2024-04-07,Rush order
POL00959,PO00466,PRD0431,32,26376.34,844042.77,32,TND,2024-04-07,Quality check required
POL00960,PO00467,PRD0110,8,31019.25,248154.01,0,TND,2023-02-21,
POL00961,PO00468,PRD0138,37,5155.3,190746.06,14,TND,2023-03-12,Quality check required
POL00962,PO00468,PRD0160,40,20719.35,828773.84,5,TND,2023-03-12,
POL00963,PO00468,PRD0234,7,2293.49,16054.43,7,TND,2023-03-12,Rush order
POL00964,PO00469,PRD0434,24,5215,125160.12,1,TND,2022-03-11,
POL00965,PO00469,PRD0291,38,13003.3,494125.27,12,TND,2022-03-11,Quality check required
POL00966,PO00469,PRD0067,45,2747.18,123623.1,8,TND,2022-03-11,
POL00967,PO00470,PRD0118,37,4290.11,158734.21,27,TND,2023-11-05,Rush order
POL00968,PO00470,PRD0143,7,15119.23,105834.58,2,TND,2023-11-05,
POL00969,PO00471,PRD0294,31,8557.71,265289.13,20,TND,2022-12-27,Rush order
POL00970,PO00472,PRD0096,5,34843.9,174219.52,1,TND,2024-09-19,
POL00971,PO00472,PRD0076,17,28920.53,491649.02,15,TND,2024-09-19,
POL00972,PO00473,PRD0184,5,567.8,2839.01,1,TND,2024-08-12,
POL00973,PO00474,PRD0032,40,2120.74,84829.73,33,TND,2022-07-12,Quality check required
POL00974,PO00475,PRD0407,50,2758.58,137929.1,25,TND,2023-07-01,Quality check required
POL00975,PO00476,PRD0304,5,17564.31,87821.56,0,TND,2024-10-16,
POL00976,PO00477,PRD0293,10,27043.56,270435.6,1,TND,2022-10-31,Rush order
POL00977,PO00477,PRD0394,5,23407.53,117037.67,0,TND,2022-10-31,
POL00978,PO00477,PRD0399,10,16044.09,160440.86,6,TND,2022-10-31,
POL00979,PO00478,PRD0322,48,13907.09,667540.53,31,TND,2024-07-03,
POL00980,PO00478,PRD0078,42,25703.79,1079558.99,34,TND,2024-07-03,
POL00981,PO00478,PRD0421,50,10494.97,524748.64,39,TND,2024-07-03,
POL00982,PO00479,PRD0005,26,11340.13,294843.32,9,TND,2024-02-27,
POL00983,PO00479,PRD0278,10,3502.84,35028.45,8,TND,2024-02-27,Quality check required
POL00984,PO00480,PRD0133,8,20138.1,161104.83,0,TND,2023-01-27,
POL00985,PO00480,PRD0199,42,14270.9,599377.9,32,TND,2023-01-27,Rush order
POL00986,PO00481,PRD0113,11,22502.76,247530.4,11,TND,2023-04-23,
POL00987,PO00481,PRD0128,10,10371.19,103711.9,1,TND,2023-04-23,
POL00988,PO00481,PRD0223,25,20576.42,514410.39,2,TND,2023-04-23,
POL00989,PO00482,PRD0331,37,14537.02,537869.57,9,TND,2024-03-21,
POL00990,PO00482,PRD0190,24,12872.92,308950.11,4,TND,2024-03-21,
POL00991,PO00482,PRD0356,21,58.8,1234.72,21,TND,2024-03-21,
POL00992,PO00483,PRD0186,20,8576.09,171521.72,8,TND,2024-01-28,Quality check required
POL00993,PO00484,PRD0016,41,22316.94,914994.48,38,TND,2022-07-25,
POL00994,PO00484,PRD0229,42,15332.66,643971.64,17,TND,2022-07-25,Quality check required
POL00995,PO00485,PRD0227,11,4015.89,44174.79,0,TND,2023-04-18,
POL00996,PO00485,PRD0076,46,21143.66,972608.41,46,TND,2023-04-18,
POL00997,PO00486,PRD0362,10,1275.31,12753.07,8,TND,2023-11-09,
POL00998,PO00487,PRD0335,33,11978.39,395287.01,18,TND,2024-09-09,
POL00999,PO00488,PRD0493,14,5214.38,73001.27,0,TND,2022-02-08,
POL01000,PO00489,PRD0257,21,8259.03,173439.53,10,TND,2024-11-04,
POL01001,PO00489,PRD0455,27,12933,349191.04,20,TND,2024-11-04,
POL01002,PO00490,PRD0160,19,21612.15,410630.91,11,TND,2022-10-19,Quality check required
POL01003,PO00490,PRD0082,23,16360.62,376294.37,2,TND,2022-10-19,
POL01004,PO00491,PRD0049,40,26963.93,1078557.18,21,TND,2024-07-06,
POL01005,PO00491,PRD0396,48,28447.12,1365461.66,26,TND,2024-07-06,
POL01006,PO00491,PRD0287,45,15217.45,684785.14,20,TND,2024-07-06,Rush order
POL01007,PO00492,PRD0010,30,13396.8,401903.9,3,TND,2024-04-30,
POL01008,PO00492,PRD0147,43,12076.59,519293.2,11,TND,2024-04-30,
POL01009,PO00492,PRD0341,32,21434.47,685903.16,26,TND,2024-04-30,
POL01010,PO00493,PRD0044,20,3733.69,74673.89,16,TND,2023-11-09,
POL01011,PO00494,PRD0045,16,6631.58,106105.22,6,TND,2024-12-11,
POL01012,PO00494,PRD0016,45,24495.37,1102291.56,27,TND,2024-12-11,
POL01013,PO00495,PRD0046,21,6757.34,141904.24,17,TND,2024-07-17,Rush order
POL01014,PO00495,PRD0065,32,24655.38,788972.11,27,TND,2024-07-17,Rush order
POL01015,PO00496,PRD0490,21,12784.88,268482.49,9,TND,2023-01-15,Quality check required
POL01016,PO00497,PRD0024,16,24973.39,399574.21,4,TND,2022-04-24,Quality check required
POL01017,PO00497,PRD0497,19,16011.36,304215.92,9,TND,2022-04-24,Quality check required
POL01018,PO00497,PRD0449,6,16808.39,100850.33,0,TND,2022-04-24,
POL01019,PO00498,PRD0171,28,244.43,6844.14,15,TND,2022-12-19,
POL01020,PO00499,PRD0159,20,4793.7,95874.03,11,TND,2024-12-30,
POL01021,PO00499,PRD0252,10,5942.62,59426.2,7,TND,2024-12-30,Quality check required
POL01022,PO00499,PRD0433,15,19497.12,292456.84,10,TND,2024-12-30,
POL01023,PO00500,PRD0348,16,22846.02,365536.31,12,TND,2022-10-17,Quality check required
POL01024,PO00500,PRD0065,37,35528.99,1314572.8,25,TND,2022-10-17,Quality check required
POL01025,PO00500,PRD0423,29,6005.46,174158.45,29,TND,2022-10-17,Rush order
POL01026,PO00501,PRD0401,13,23727.33,308455.23,4,TND,2023-07-30,
POL01027,PO00501,PRD0205,44,39428.25,1734843.11,28,TND,2023-07-30,Quality check required
POL01028,PO00501,PRD0488,33,13955.3,460524.79,32,TND,2023-07-30,Rush order
POL01029,PO00502,PRD0151,47,4911.89,230858.73,10,TND,2023-09-15,
POL01030,PO00502,PRD0243,18,17970.65,323471.7,11,TND,2023-09-15,
POL01031,PO00502,PRD0240,11,24802.77,272830.5,8,TND,2023-09-15,Rush order
POL01032,PO00503,PRD0290,13,27385.26,356008.36,3,TND,2023-12-28,Rush order
POL01033,PO00503,PRD0248,18,34113.74,614047.37,9,TND,2023-12-28,
POL01034,PO00503,PRD0155,31,6491.71,201243.03,24,TND,2023-12-28,
POL01035,PO00504,PRD0486,10,9535.82,95358.17,5,TND,2022-12-19,Quality check required
POL01036,PO00505,PRD0310,15,21613.61,324204.1,11,TND,2024-12-04,Rush order
POL01037,PO00505,PRD0378,16,10972.3,175556.85,0,TND,2024-12-04,Quality check required
POL01038,PO00506,PRD0354,10,393.3,3933.03,1,TND,2022-10-28,
POL01039,PO00506,PRD0142,44,34508.28,1518364.45,31,TND,2022-10-28,
POL01040,PO00506,PRD0411,10,5130.8,51308.05,8,TND,2022-10-28,
POL01041,PO00507,PRD0128,32,10055.7,321782.29,14,TND,2024-06-03,Rush order
POL01042,PO00507,PRD0002,48,12257.35,588352.68,37,TND,2024-06-03,Rush order
POL01043,PO00508,PRD0448,9,16511.79,148606.07,8,TND,2023-10-21,
POL01044,PO00508,PRD0443,31,5705.22,176861.69,1,TND,2023-10-21,Quality check required
POL01045,PO00508,PRD0258,6,3415.84,20495.05,2,TND,2023-10-21,
POL01046,PO00509,PRD0023,15,23131.49,346972.32,11,TND,2024-09-01,Rush order
POL01047,PO00510,PRD0337,10,27839.8,278398.02,2,TND,2025-01-16,
POL01048,PO00511,PRD0061,8,1328.98,10631.86,4,TND,2023-08-07,
POL01049,PO00512,PRD0487,20,23983.51,479670.27,15,TND,2024-12-29,
POL01050,PO00512,PRD0271,46,21841.57,1004712.18,32,TND,2024-12-29,Quality check required
POL01051,PO00512,PRD0218,8,17407.82,139262.55,3,TND,2024-12-29,
POL01052,PO00513,PRD0358,43,27529.95,1183788.02,28,TND,2024-05-31,
POL01053,PO00514,PRD0319,10,34504.05,345040.51,1,TND,2023-02-17,Rush order
POL01054,PO00514,PRD0310,5,16349.55,81747.73,1,TND,2023-02-17,Rush order
POL01055,PO00514,PRD0468,35,17456.17,610966,7,TND,2023-02-17,
POL01056,PO00515,PRD0385,11,34030.63,374336.94,9,TND,2023-12-16,Quality check required
POL01057,PO00516,PRD0285,11,3203.89,35242.78,10,TND,2024-04-08,Quality check required
POL01058,PO00516,PRD0213,14,20153.75,282152.56,12,TND,2024-04-08,Rush order
POL01059,PO00516,PRD0024,44,28743.94,1264733.28,3,TND,2024-04-08,
POL01060,PO00517,PRD0051,45,5130.21,230859.28,29,TND,2024-03-04,
POL01061,PO00517,PRD0298,28,7458.67,208842.8,0,TND,2024-03-04,
POL01062,PO00518,PRD0106,26,6576.08,170978.19,7,TND,2023-08-29,Rush order
POL01063,PO00519,PRD0085,15,19224.4,288365.98,14,TND,2023-09-15,
POL01064,PO00519,PRD0362,35,1264.44,44255.3,8,TND,2023-09-15,Quality check required
POL01065,PO00519,PRD0062,8,7836.16,62689.24,3,TND,2023-09-15,Quality check required
POL01066,PO00520,PRD0485,32,7136.95,228382.48,1,TND,2024-02-20,
POL01067,PO00521,PRD0263,14,7289.6,102054.41,2,TND,2022-10-28,
POL01068,PO00521,PRD0057,42,27272.31,1145437.19,40,TND,2022-10-28,Quality check required
POL01069,PO00521,PRD0399,36,12465.86,448770.89,7,TND,2022-10-28,
POL01070,PO00522,PRD0249,19,26654.58,506437.1,1,TND,2023-06-17,Quality check required
POL01071,PO00523,PRD0287,5,12407.3,62036.49,1,TND,2024-11-13,Rush order
POL01072,PO00523,PRD0443,48,6326.59,303676.24,46,TND,2024-11-13,
POL01073,PO00524,PRD0402,37,10300.01,381100.39,2,TND,2022-07-08,
POL01074,PO00524,PRD0181,21,19737.58,414489.21,21,TND,2022-07-08,Rush order
POL01075,PO00525,PRD0409,18,8421.59,151588.65,12,TND,2024-03-24,
POL01076,PO00526,PRD0497,30,18489.09,554672.62,18,TND,2023-07-28,
POL01077,PO00527,PRD0309,40,29749.71,1189988.2,22,TND,2024-11-28,Quality check required
POL01078,PO00527,PRD0343,47,29100.6,1367728.26,30,TND,2024-11-28,
POL01079,PO00528,PRD0411,27,5383.99,145367.7,2,TND,2024-11-16,Quality check required
POL01080,PO00528,PRD0227,12,3883.17,46598.1,3,TND,2024-11-16,
POL01081,PO00529,PRD0357,14,15738.85,220343.95,1,TND,2024-12-17,Rush order
POL01082,PO00529,PRD0384,12,27140.09,325681.07,6,TND,2024-12-17,Rush order
POL01083,PO00530,PRD0199,35,10754.03,376391.19,0,TND,2023-12-03,
POL01084,PO00531,PRD0187,46,11918.86,548267.66,33,TND,2022-12-31,Rush order
POL01085,PO00532,PRD0145,49,1259.1,61695.81,47,TND,2022-10-05,
POL01086,PO00533,PRD0276,23,12581.6,289376.81,17,TND,2023-08-06,Rush order
POL01087,PO00533,PRD0444,19,29201.43,554827.15,0,TND,2023-08-06,
POL01088,PO00533,PRD0114,11,18325.49,201580.4,11,TND,2023-08-06,Quality check required
POL01089,PO00534,PRD0415,19,20717.53,393633.12,1,TND,2022-06-26,
POL01090,PO00534,PRD0039,9,6799.23,61193.03,6,TND,2022-06-26,Quality check required
POL01091,PO00534,PRD0417,50,16129.1,806455.2,35,TND,2022-06-26,Quality check required
POL01092,PO00535,PRD0149,19,16110.68,306102.87,19,TND,2023-01-26,Rush order
POL01093,PO00535,PRD0207,40,18707.46,748298.35,5,TND,2023-01-26,
POL01094,PO00535,PRD0366,6,19719.66,118317.98,6,TND,2023-01-26,
POL01095,PO00536,PRD0467,14,20775.35,290854.85,7,TND,2023-12-29,
POL01096,PO00536,PRD0256,42,13026.64,547119.01,27,TND,2023-12-29,
POL01097,PO00537,PRD0242,25,31779.25,794481.29,23,TND,2023-08-06,
POL01098,PO00537,PRD0127,9,20064.83,180583.46,7,TND,2023-08-06,Quality check required
POL01099,PO00538,PRD0414,42,20497.34,860888.16,23,TND,2024-02-26,
POL01100,PO00538,PRD0051,11,4859.53,53454.85,5,TND,2024-02-26,Rush order
POL01101,PO00539,PRD0080,45,18383.68,827265.59,2,TND,2023-01-21,
POL01102,PO00539,PRD0193,19,7225.99,137293.83,12,TND,2023-01-21,
POL01103,PO00540,PRD0152,32,5763.98,184447.49,23,TND,2023-04-29,Rush order
POL01104,PO00541,PRD0396,7,27615.23,193306.63,5,TND,2023-07-24,
POL01105,PO00541,PRD0237,6,19206.11,115236.66,3,TND,2023-07-24,
POL01106,PO00542,PRD0424,12,10200.29,122403.52,5,TND,2023-01-10,Quality check required
POL01107,PO00543,PRD0387,46,26445.09,1216474.22,14,TND,2025-01-14,Quality check required
POL01108,PO00543,PRD0334,8,10927.08,87416.65,3,TND,2025-01-14,
POL01109,PO00544,PRD0163,38,3312.75,125884.34,1,TND,2022-08-12,
POL01110,PO00544,PRD0158,23,31593.14,726642.13,2,TND,2022-08-12,Rush order
POL01111,PO00545,PRD0434,16,6066.62,97065.88,12,TND,2024-07-06,
POL01112,PO00545,PRD0167,16,29213.47,467415.53,10,TND,2024-07-06,Rush order
POL01113,PO00545,PRD0362,30,1275.56,38266.76,21,TND,2024-07-06,
POL01114,PO00546,PRD0076,40,23973.61,958944.43,33,TND,2022-09-18,Rush order
POL01115,PO00546,PRD0458,33,1117.31,36871.12,26,TND,2022-09-18,Quality check required
POL01116,PO00547,PRD0070,29,3794.97,110054.1,21,TND,2022-05-01,
POL01117,PO00547,PRD0006,9,29029.24,261263.14,3,TND,2022-05-01,Rush order
POL01118,PO00548,PRD0373,30,17919.87,537596.16,15,TND,2024-09-25,Quality check required
POL01119,PO00549,PRD0071,38,1357.45,51582.97,27,TND,2023-02-04,
POL01120,PO00549,PRD0184,43,555.58,23890.12,3,TND,2023-02-04,Quality check required
POL01121,PO00549,PRD0310,49,22673.42,1110997.45,1,TND,2023-02-04,Rush order
POL01122,PO00550,PRD0471,42,5119.76,215029.97,14,TND,2022-09-07,
POL01123,PO00550,PRD0480,26,18589.05,483315.2,24,TND,2022-09-07,Rush order
POL01124,PO00550,PRD0268,21,12799.8,268795.76,0,TND,2022-09-07,Rush order
POL01125,PO00551,PRD0352,43,20912.89,899254.36,9,TND,2024-01-28,Quality check required
POL01126,PO00552,PRD0296,10,27852.44,278524.45,5,TND,2023-11-04,
POL01127,PO00553,PRD0220,5,7837.5,39187.5,2,TND,2023-10-22,
POL01128,PO00553,PRD0488,25,13175.81,329395.19,13,TND,2023-10-22,Quality check required
POL01129,PO00554,PRD0378,43,10572.37,454611.7,29,TND,2022-11-18,Quality check required
POL01130,PO00555,PRD0174,9,4316.23,38846.06,9,TND,2022-10-08,
POL01131,PO00555,PRD0177,38,9471.93,359933.19,16,TND,2022-10-08,
POL01132,PO00555,PRD0131,35,9993.06,349756.96,13,TND,2022-10-08,Quality check required
POL01133,PO00556,PRD0429,16,20354.8,325676.78,1,TND,2022-03-08,
POL01134,PO00556,PRD0067,46,2324.05,106906.23,9,TND,2022-03-08,Quality check required
POL01135,PO00556,PRD0234,9,2287.29,20585.57,7,TND,2022-03-08,Rush order
POL01136,PO00557,PRD0455,36,13607.77,489879.74,6,TND,2023-11-16,Quality check required
POL01137,PO00557,PRD0251,23,12650.87,290970.07,5,TND,2023-11-16,
POL01138,PO00557,PRD0219,28,17775.72,497720.14,3,TND,2023-11-16,Rush order
POL01139,PO00558,PRD0429,40,18099.48,723979.27,14,TND,2023-12-07,
POL01140,PO00558,PRD0283,11,27968.44,307652.79,6,TND,2023-12-07,
POL01141,PO00559,PRD0107,16,30523.05,488368.81,5,TND,2024-05-18,
POL01142,PO00560,PRD0383,41,30959.25,1269329.31,35,TND,2023-05-02,
POL01143,PO00561,PRD0456,48,13684.28,656845.33,25,TND,2023-09-17,Rush order
POL01144,PO00562,PRD0425,39,14805.74,577423.78,1,TND,2024-08-29,
POL01145,PO00562,PRD0040,6,29270.93,175625.59,1,TND,2024-08-29,
POL01146,PO00563,PRD0474,7,9990.28,69931.95,5,TND,2023-05-31,
POL01147,PO00563,PRD0100,23,32109.07,738508.51,18,TND,2023-05-31,
POL01148,PO00564,PRD0095,34,25568.51,869329.33,11,TND,2024-02-14,Rush order
POL01149,PO00565,PRD0193,12,6579.95,78959.43,12,TND,2022-02-13,Quality check required
POL01150,PO00565,PRD0296,22,25105.52,552321.35,14,TND,2022-02-13,Quality check required
POL01151,PO00566,PRD0469,39,6424.58,250558.81,14,TND,2023-04-01,
POL01152,PO00567,PRD0380,25,24286.08,607151.96,8,TND,2022-05-22,
POL01153,PO00568,PRD0452,44,30018.16,1320798.95,35,TND,2023-06-03,Rush order
POL01154,PO00569,PRD0358,43,32137.82,1381926.26,14,TND,2023-02-25,
POL01155,PO00570,PRD0359,36,18767.28,675622.21,11,TND,2024-11-08,
POL01156,PO00570,PRD0081,15,5526.72,82900.82,3,TND,2024-11-08,Quality check required
POL01157,PO00571,PRD0179,24,28541.13,684987.22,24,TND,2022-02-28,
POL01158,PO00572,PRD0031,50,20280.26,1014013.09,26,TND,2024-03-23,Quality check required
POL01159,PO00572,PRD0065,26,28932.02,752232.53,26,TND,2024-03-23,
POL01160,PO00573,PRD0442,24,3987.21,95693,11,TND,2023-02-11,
POL01161,PO00573,PRD0086,21,24169.23,507553.85,19,TND,2023-02-11,
POL01162,PO00574,PRD0012,37,17131.87,633879.31,34,TND,2025-02-23,Quality check required
POL01163,PO00574,PRD0232,5,26702.3,133511.48,3,TND,2025-02-23,Quality check required
POL01164,PO00575,PRD0386,6,19902.25,119413.52,1,TND,2025-01-11,
POL01165,PO00575,PRD0212,47,23083.25,1084912.75,45,TND,2025-01-11,
POL01166,PO00576,PRD0492,7,10297.07,72079.51,2,TND,2022-11-27,
POL01167,PO00576,PRD0432,28,9744.31,272840.78,24,TND,2022-11-27,Rush order
POL01168,PO00576,PRD0433,20,21973.57,439471.47,19,TND,2022-11-27,
POL01169,PO00577,PRD0133,7,22835.42,159847.97,3,TND,2023-07-16,
POL01170,PO00577,PRD0278,27,3403.72,91900.54,6,TND,2023-07-16,
POL01171,PO00578,PRD0089,15,11402.54,171038.09,7,TND,2023-03-15,Rush order
POL01172,PO00579,PRD0021,28,1265.29,35428.15,28,TND,2022-10-20,Rush order
POL01173,PO00580,PRD0437,44,26822.81,1180203.73,14,TND,2023-05-08,Rush order
POL01174,PO00580,PRD0499,50,6151.67,307583.58,43,TND,2023-05-08,
POL01175,PO00581,PRD0438,37,8425,311724.91,35,TND,2022-08-26,
POL01176,PO00582,PRD0356,17,59.26,1007.5,7,TND,2022-11-13,
POL01177,PO00582,PRD0402,23,11882.87,273305.96,7,TND,2022-11-13,Quality check required
POL01178,PO00583,PRD0304,5,19962.16,99810.8,4,TND,2023-12-03,
POL01179,PO00584,PRD0289,46,30705.8,1412466.57,14,TND,2022-10-02,
POL01180,PO00584,PRD0383,22,27560.49,606330.68,8,TND,2022-10-02,
POL01181,PO00585,PRD0451,33,17682.15,583511.02,21,TND,2024-09-01,
POL01182,PO00586,PRD0161,43,6732.62,289502.77,39,TND,2022-11-03,
POL01183,PO00586,PRD0465,12,30835.34,370024.03,2,TND,2022-11-03,
POL01184,PO00587,PRD0206,34,12572.98,427481.3,19,TND,2023-09-28,
POL01185,PO00587,PRD0102,15,27581.23,413718.39,2,TND,2023-09-28,
POL01186,PO00588,PRD0094,22,34217.25,752779.41,20,TND,2022-07-09,
POL01187,PO00588,PRD0305,33,13791.62,455123.41,21,TND,2022-07-09,
POL01188,PO00589,PRD0301,30,9725.79,291773.61,14,TND,2022-09-28,
POL01189,PO00590,PRD0118,30,4027.17,120815.16,4,TND,2022-10-11,Quality check required
POL01190,PO00590,PRD0052,22,17266.63,379865.96,15,TND,2022-10-11,Rush order
POL01191,PO00590,PRD0247,37,17175.57,635496.13,25,TND,2022-10-11,Rush order
POL01192,PO00591,PRD0053,49,4884.34,239332.87,1,TND,2022-06-09,
POL01193,PO00591,PRD0460,33,9965.97,328876.88,14,TND,2022-06-09,
POL01194,PO00592,PRD0293,47,27287.44,1282509.8,47,TND,2024-07-06,
POL01195,PO00593,PRD0162,8,23878.42,191027.33,3,TND,2024-05-03,
POL01196,PO00593,PRD0448,9,15956.28,143606.5,5,TND,2024-05-03,
POL01197,PO00594,PRD0182,22,30065.3,661436.58,6,TND,2022-04-20,
POL01198,PO00594,PRD0006,45,28491.1,1282099.42,6,TND,2022-04-20,Rush order
POL01199,PO00595,PRD0342,38,7970.42,302876.08,28,TND,2024-10-15,Quality check required
POL01200,PO00596,PRD0237,43,17892.9,769394.67,8,TND,2023-09-17,Rush order
POL01201,PO00596,PRD0327,21,2077.11,43619.26,4,TND,2023-09-17,
POL01202,PO00596,PRD0072,37,20787.48,769136.7,34,TND,2023-09-17,
POL01203,PO00597,PRD0420,25,11101.16,277529.01,22,TND,2024-02-12,
POL01204,PO00597,PRD0131,42,9816.3,412284.56,11,TND,2024-02-12,
POL01205,PO00597,PRD0322,39,14292.1,557392.05,30,TND,2024-02-12,Quality check required
POL01206,PO00598,PRD0221,29,2837.35,82283.1,26,TND,2022-11-05,
POL01207,PO00599,PRD0493,20,4064.24,81284.78,5,TND,2024-06-26,
POL01208,PO00600,PRD0286,44,23335.13,1026745.53,3,TND,2023-01-01,
POL01209,PO00600,PRD0221,50,2676.75,133837.26,34,TND,2023-01-01,Rush order
POL01210,PO00600,PRD0182,22,37734.37,830156.03,1,TND,2023-01-01,
