  erp_products  ·  500 lignes  ·  9 colonnes,Unnamed: 1,Unnamed: 2,Unnamed: 3,Unnamed: 4,Unnamed: 5,Unnamed: 6,Unnamed: 7,Unnamed: 8
product_id,name,category,unit_price,currency,sku,supplier_id,unit_of_measure,created_at
PRD0001,Licence ServiceNow ITSM annuel,ITSM Platform,19358.04,TND,QP-4421-GK,SUP0034,Each,2022-02-15
PRD0002,Licence GitLab Ultimate annuel,Dev Tools,6498.4,TND,MR-1993-AH,SUP0040,Pack,2022-09-05
PRD0003,Journee Conseil Senior,Conseil et Prestation,1154.59,TND,QV-2311-QM,SUP0031,Each,2020-04-11
PRD0004,Serveur Dell PowerEdge R760,Materiel Informatique,18932.08,TND,KV-8392-IT,SUP0064,Pack,2020-11-27
PRD0005,Formation SAP Certifiante 5 jours,Formation,4853.72,TND,HN-1707-PS,SUP0057,Year,2020-03-20
PRD0006,Licence GitLab Ultimate annuel,Dev Tools,5114.44,TND,KW-5743-EB,SUP0077,Month,2021-01-07
PRD0007,Serveur Dell PowerEdge R760,Materiel Informatique,18117.62,TND,MV-2723-CM,SUP0074,Hour,2021-03-14
PRD0008,Journee Conseil Junior,Conseil et Prestation,769.15,TND,RJ-6593-LN,SUP0102,Hour,2019-11-07
PRD0009,Abonnement Datadog pro annuel,Monitoring,7007.16,TND,HI-1405-TP,SUP0078,Month,2020-06-12
PRD0010,Stockage NAS NetApp AFF A400,Stockage,46659.03,TND,KV-7208-SS,SUP0024,Year,2021-04-15
PRD0011,Parefeu Palo Alto PA-3430,Cybersecurite,36198.85,TND,KO-1553-QW,SUP0114,Hour,2021-07-23
PRD0012,Switch Cisco Catalyst 9300,Reseau,8411.81,TND,TF-7656-DF,SUP0060,Month,2020-01-12
PRD0013,Formation SAP Certifiante 5 jours,Formation,3982.46,TND,BL-4905-ZD,SUP0071,Month,2021-05-09
PRD0014,Formation SAP Certifiante 5 jours,Formation,4144.78,TND,KZ-3751-HE,SUP0025,Year,2020-05-10
PRD0015,Formation Data Science 3 jours,Formation,3288.06,TND,PF-5586-JU,SUP0105,Year,2019-02-26
PRD0016,Audit Securite SI standard,Cybersecurite,17170.92,TND,RA-6632-RE,SUP0057,Month,2021-03-13
PRD0017,Parefeu Palo Alto PA-3430,Cybersecurite,30228.28,TND,CN-4972-MV,SUP0005,Hour,2020-06-26
PRD0018,Licence GitLab Ultimate annuel,Dev Tools,5880.5,TND,IN-6581-GD,SUP0075,Year,2021-12-01
PRD0019,Pentest Application Web,Cybersecurite,8242.28,TND,ZX-9673-UI,SUP0057,Hour,2020-09-11
PRD0020,Journee Conseil Junior,Conseil et Prestation,637.23,TND,MW-7951-OQ,SUP0058,Month,2021-03-23
PRD0021,Abonnement Datadog pro annuel,Monitoring,7315,TND,SY-3765-DX,SUP0118,Hour,2019-03-12
PRD0022,Switch Cisco Catalyst 9300,Reseau,7284.34,TND,OZ-4421-YU,SUP0085,License,2022-01-10
PRD0023,Stockage NAS NetApp AFF A400,Stockage,48635.12,TND,EX-9143-FU,SUP0010,Pack,2019-11-19
PRD0024,Licence Power BI Premium,Data et Analytics,5869.99,TND,EV-8764-XP,SUP0040,Pack,2019-08-24
PRD0025,Formation Data Science 3 jours,Formation,3474.08,TND,EO-1108-MA,SUP0011,Year,2019-03-26
PRD0026,Licence Microsoft 365 Business Premium,Productivite,2562.83,TND,RD-1347-DE,SUP0091,Year,2019-01-08
PRD0027,Formation SAP Certifiante 5 jours,Formation,5359.17,TND,HY-2094-KN,SUP0080,License,2022-09-10
PRD0028,Licence GitLab Ultimate annuel,Dev Tools,6303.57,TND,KD-8642-IT,SUP0100,Each,2020-12-29
PRD0029,Formation Data Science 3 jours,Formation,3040.51,TND,LH-1832-FS,SUP0008,Hour,2021-12-30
PRD0030,Support et Maintenance Tiers 2 annuel,Maintenance,14872.94,TND,YE-1219-OJ,SUP0064,License,2020-05-02
PRD0031,Licence Microsoft 365 Business Premium,Productivite,2303.83,TND,QL-2440-WI,SUP0077,License,2020-04-14
PRD0032,Forfait Migration Donnees,Data Engineering,31299.71,TND,TN-9194-SQ,SUP0059,Each,2019-07-15
PRD0033,Parefeu Palo Alto PA-3430,Cybersecurite,38704.03,TND,LP-8919-RA,SUP0017,Pack,2019-05-31
PRD0034,Licence SAP S4HANA par utilisateur,ERP et Licences,10265.26,TND,OO-6780-DF,SUP0020,Month,2021-07-10
PRD0035,Licence ServiceNow ITSM annuel,ITSM Platform,26605.28,TND,WT-6578-NP,SUP0014,Pack,2022-01-01
PRD0036,Pentest Application Web,Cybersecurite,10922.86,TND,CV-8268-CP,SUP0003,Hour,2020-11-15
PRD0037,Audit Securite SI standard,Cybersecurite,21513.28,TND,ZZ-4006-HV,SUP0106,License,2022-04-08
PRD0038,Audit Securite SI standard,Cybersecurite,18260.61,TND,PN-9936-GB,SUP0039,Year,2022-03-23
PRD0039,Forfait Migration Donnees,Data Engineering,25620.38,TND,YL-8554-MW,SUP0034,Pack,2020-01-27
PRD0040,Journee Conseil Junior,Conseil et Prestation,731.45,TND,WQ-8576-NE,SUP0111,Hour,2021-01-11
PRD0041,Licence Power BI Premium,Data et Analytics,6150.48,TND,TW-4650-XW,SUP0083,Each,2019-11-17
PRD0042,Serveur Dell PowerEdge R760,Materiel Informatique,18811.46,TND,UH-9748-QQ,SUP0017,Pack,2021-08-22
PRD0043,Licence SAP S4HANA par utilisateur,ERP et Licences,12870.81,TND,QS-5703-AB,SUP0090,Pack,2021-09-16
PRD0044,Licence GitLab Ultimate annuel,Dev Tools,6492.24,TND,WK-3267-DG,SUP0020,Each,2020-03-28
PRD0045,Forfait Architecture Cloud AWS,Cloud Services,35858.32,TND,PC-5397-XQ,SUP0008,Each,2022-10-22
PRD0046,Serveur Dell PowerEdge R760,Materiel Informatique,16755.74,TND,YC-8538-EE,SUP0040,Each,2020-06-13
PRD0047,Journee Conseil Junior,Conseil et Prestation,783.78,TND,ZA-1188-QN,SUP0017,Month,2020-04-01
PRD0048,Journee Conseil Senior,Conseil et Prestation,1124.3,TND,TL-6016-EO,SUP0082,License,2022-08-18
PRD0049,Forfait Architecture Cloud AWS,Cloud Services,41838.02,TND,XM-8809-UC,SUP0046,License,2022-05-03
PRD0050,Forfait Architecture Cloud AWS,Cloud Services,35000.12,TND,TE-5934-MU,SUP0052,Pack,2019-01-22
PRD0051,Parefeu Palo Alto PA-3430,Cybersecurite,39235.96,TND,OO-1910-LV,SUP0053,Each,2022-08-13
PRD0052,Licence Power BI Premium,Data et Analytics,6220.38,TND,MV-6322-IR,SUP0007,Year,2020-08-04
PRD0053,Licence ServiceNow ITSM annuel,ITSM Platform,24099.2,TND,QP-2002-TL,SUP0047,Pack,2022-03-15
PRD0054,Audit Securite SI standard,Cybersecurite,19698.2,TND,GO-1314-HW,SUP0095,Year,2022-04-23
PRD0055,Licence Power BI Premium,Data et Analytics,5441.79,TND,NO-4644-IF,SUP0106,Month,2019-07-21
PRD0056,Licence ServiceNow ITSM annuel,ITSM Platform,25139.68,TND,GI-4411-BZ,SUP0055,Pack,2019-07-27
PRD0057,Serveur Dell PowerEdge R760,Materiel Informatique,17861.23,TND,YA-9826-JS,SUP0059,License,2019-04-23
PRD0058,Parefeu Palo Alto PA-3430,Cybersecurite,38202.2,TND,XK-3056-GD,SUP0013,Each,2021-09-25
PRD0059,Formation Data Science 3 jours,Formation,2548.44,TND,WB-5370-QS,SUP0035,License,2019-11-08
PRD0060,Journee Conseil Senior,Conseil et Prestation,1330.53,TND,CQ-7083-VW,SUP0017,Pack,2020-04-21
PRD0061,Audit Securite SI standard,Cybersecurite,15510.93,TND,MN-2493-VV,SUP0094,Pack,2019-02-13
PRD0062,Abonnement Datadog pro annuel,Monitoring,6241,TND,RP-5160-YZ,SUP0079,Year,2021-08-21
PRD0063,Licence Microsoft 365 Business Premium,Productivite,2582.62,TND,TJ-2986-XK,SUP0103,License,2019-12-22
PRD0064,Forfait Architecture Cloud AWS,Cloud Services,31546.94,TND,HG-8054-DK,SUP0109,Each,2022-10-06
PRD0065,Forfait Migration Donnees,Data Engineering,30258.59,TND,SG-3153-AU,SUP0059,Hour,2019-05-30
PRD0066,Switch Cisco Catalyst 9300,Reseau,8455.91,TND,IO-7314-NJ,SUP0084,Hour,2022-05-04
PRD0067,Licence Salesforce Sales Cloud,CRM et Licences,4804.32,TND,EF-7921-AY,SUP0006,Year,2022-04-29
PRD0068,Journee Conseil Senior,Conseil et Prestation,1266.69,TND,HT-2573-WT,SUP0077,License,2021-09-21
PRD0069,Journee Conseil Junior,Conseil et Prestation,776.03,TND,NF-5604-UX,SUP0085,Each,2021-03-01
PRD0070,Licence Power BI Premium,Data et Analytics,4755.99,TND,ZM-9776-TC,SUP0105,Year,2020-12-24
PRD0071,Journee Conseil Junior,Conseil et Prestation,765.12,TND,JA-7255-IK,SUP0072,Month,2019-11-25
PRD0072,Parefeu Palo Alto PA-3430,Cybersecurite,34048.49,TND,AY-8999-EA,SUP0082,Month,2019-08-18
PRD0073,Parefeu Palo Alto PA-3430,Cybersecurite,35817.57,TND,LJ-5632-AN,SUP0094,Year,2022-12-29
PRD0074,Abonnement Datadog pro annuel,Monitoring,7557.95,TND,KL-9526-TP,SUP0073,Pack,2019-07-31
PRD0075,Formation Data Science 3 jours,Formation,2418.06,TND,FL-2301-GM,SUP0073,Each,2021-06-09
PRD0076,Support et Maintenance Tiers 2 annuel,Maintenance,17984.97,TND,LB-6531-TX,SUP0011,Hour,2020-09-15
PRD0077,Audit Securite SI standard,Cybersecurite,17972.11,TND,PJ-7589-FH,SUP0119,Each,2021-10-28
PRD0078,Audit Securite SI standard,Cybersecurite,21799.47,TND,FY-1266-SD,SUP0068,Pack,2021-05-27
PRD0079,Abonnement Datadog pro annuel,Monitoring,8403.94,TND,US-8898-UA,SUP0026,Each,2021-02-14
PRD0080,Forfait Architecture Cloud AWS,Cloud Services,37854.92,TND,PE-7810-CH,SUP0062,Year,2019-11-11
PRD0081,Serveur Dell PowerEdge R760,Materiel Informatique,19715.58,TND,RD-7143-YH,SUP0042,Each,2022-09-09
PRD0082,Serveur Dell PowerEdge R760,Materiel Informatique,16053.56,TND,AZ-1597-RP,SUP0071,License,2022-03-09
PRD0083,Forfait Migration Donnees,Data Engineering,28449.16,TND,NM-6076-JK,SUP0002,License,2020-07-31
PRD0084,Switch Cisco Catalyst 9300,Reseau,9606.32,TND,BA-2302-HI,SUP0079,Pack,2022-06-20
PRD0085,Switch Cisco Catalyst 9300,Reseau,7291.42,TND,SC-7762-IH,SUP0097,Hour,2019-11-09
PRD0086,Licence Power BI Premium,Data et Analytics,4804.78,TND,JN-7186-EI,SUP0058,Pack,2022-07-18
PRD0087,Pentest Application Web,Cybersecurite,11359.89,TND,GD-5701-BJ,SUP0060,Hour,2019-07-29
PRD0088,Licence ServiceNow ITSM annuel,ITSM Platform,22775.56,TND,NT-5299-CN,SUP0081,License,2021-11-04
PRD0089,Formation Data Science 3 jours,Formation,2904.83,TND,LS-2880-WF,SUP0017,Hour,2021-12-15
PRD0090,Switch Cisco Catalyst 9300,Reseau,10012.41,TND,QA-7252-UK,SUP0042,License,2021-08-28
PRD0091,Licence SAP S4HANA par utilisateur,ERP et Licences,12797.02,TND,VW-5617-HE,SUP0019,License,2020-06-15
PRD0092,Abonnement Datadog pro annuel,Monitoring,6513.97,TND,VE-2155-GL,SUP0060,Each,2020-09-06
PRD0093,Abonnement Datadog pro annuel,Monitoring,6267.84,TND,VW-9732-AD,SUP0087,Hour,2022-07-16
PRD0094,Journee Conseil Senior,Conseil et Prestation,1307.99,TND,UP-5072-RK,SUP0050,Each,2019-02-20
PRD0095,Forfait Architecture Cloud AWS,Cloud Services,43307.13,TND,CN-3033-VV,SUP0103,Month,2019-09-14
PRD0096,Support et Maintenance Tiers 2 annuel,Maintenance,13536.6,TND,RD-5977-SK,SUP0071,Year,2020-03-08
PRD0097,Support et Maintenance Tiers 2 annuel,Maintenance,17279.36,TND,CC-2142-NC,SUP0110,Month,2022-07-21
PRD0098,Licence Microsoft 365 Business Premium,Productivite,2366.18,TND,IC-4792-EQ,SUP0057,Month,2022-10-01
PRD0099,Parefeu Palo Alto PA-3430,Cybersecurite,29791.16,TND,NK-5503-UU,SUP0116,Hour,2021-07-17
PRD0100,Formation Data Science 3 jours,Formation,2461.03,TND,LF-1356-FG,SUP0104,Pack,2021-03-09
PRD0101,Parefeu Palo Alto PA-3430,Cybersecurite,38387.03,TND,TL-8739-PU,SUP0059,Year,2020-07-02
PRD0102,Licence GitLab Ultimate annuel,Dev Tools,7020.61,TND,YG-9605-LP,SUP0030,License,2022-05-31
PRD0103,Formation Data Science 3 jours,Formation,2919.76,TND,ZP-2457-EQ,SUP0039,Each,2019-01-09
PRD0104,Journee Conseil Senior,Conseil et Prestation,1225.15,TND,TL-4829-YS,SUP0072,Each,2020-12-13
PRD0105,Forfait Architecture Cloud AWS,Cloud Services,39092.05,TND,RA-1438-ZP,SUP0083,Pack,2020-08-27
PRD0106,Parefeu Palo Alto PA-3430,Cybersecurite,35757.32,TND,FA-5728-AH,SUP0038,Month,2021-03-30
PRD0107,Formation SAP Certifiante 5 jours,Formation,5414.41,TND,JQ-9500-PN,SUP0067,Each,2021-08-15
PRD0108,Formation Data Science 3 jours,Formation,2484.12,TND,VA-1877-XL,SUP0060,Each,2019-05-28
PRD0109,Licence Microsoft 365 Business Premium,Productivite,2163.98,TND,QI-6078-PV,SUP0105,Each,2021-06-28
PRD0110,Switch Cisco Catalyst 9300,Reseau,7358.26,TND,BC-7932-VZ,SUP0036,Month,2019-02-18
PRD0111,Licence Microsoft 365 Business Premium,Productivite,1933.02,TND,HY-6843-IP,SUP0058,Pack,2020-04-10
PRD0112,Licence ServiceNow ITSM annuel,ITSM Platform,25212.27,TND,HO-7670-ZY,SUP0048,License,2020-04-13
PRD0113,Licence SAP S4HANA par utilisateur,ERP et Licences,13661.34,TND,AF-4836-JX,SUP0113,Each,2020-09-29
PRD0114,Licence Microsoft 365 Business Premium,Productivite,2379.35,TND,EQ-6701-FK,SUP0015,Year,2022-06-10
PRD0115,Abonnement Datadog pro annuel,Monitoring,7030.16,TND,CL-5971-TS,SUP0020,Pack,2021-11-03
PRD0116,Audit Securite SI standard,Cybersecurite,22348.42,TND,XU-6717-VJ,SUP0043,Year,2020-05-13
PRD0117,Support et Maintenance Tiers 2 annuel,Maintenance,12785.41,TND,VO-2515-GC,SUP0119,License,2020-07-14
PRD0118,Serveur Dell PowerEdge R760,Materiel Informatique,17545.65,TND,TX-7398-LA,SUP0001,Pack,2021-01-15
PRD0119,Forfait Architecture Cloud AWS,Cloud Services,39194.26,TND,FI-3052-DS,SUP0050,License,2020-11-25
PRD0120,Serveur Dell PowerEdge R760,Materiel Informatique,14931.39,TND,OE-7078-TK,SUP0052,License,2022-04-28
PRD0121,Licence Power BI Premium,Data et Analytics,5715.69,TND,CH-6368-JA,SUP0112,License,2022-05-12
PRD0122,Licence GitLab Ultimate annuel,Dev Tools,6681.14,TND,SZ-9863-ZK,SUP0096,Month,2019-11-06
PRD0123,Stockage NAS NetApp AFF A400,Stockage,44253.21,TND,WB-1390-QE,SUP0007,Each,2019-04-09
PRD0124,Journee Conseil Junior,Conseil et Prestation,623.2,TND,RT-2362-VL,SUP0054,Each,2022-04-13
PRD0125,Stockage NAS NetApp AFF A400,Stockage,58384.12,TND,GU-9425-CY,SUP0110,License,2019-01-03
PRD0126,Audit Securite SI standard,Cybersecurite,22106.81,TND,DT-9697-WR,SUP0049,Month,2022-07-02
PRD0127,Parefeu Palo Alto PA-3430,Cybersecurite,34152.2,TND,XS-7633-MF,SUP0120,License,2019-05-31
PRD0128,Licence Salesforce Sales Cloud,CRM et Licences,6100.41,TND,DR-8638-YG,SUP0053,Pack,2020-10-11
PRD0129,Licence SAP S4HANA par utilisateur,ERP et Licences,10284.69,TND,ZU-9688-OW,SUP0003,Hour,2020-03-12
PRD0130,Licence Salesforce Sales Cloud,CRM et Licences,6068.85,TND,VD-7298-BQ,SUP0092,License,2019-03-01
PRD0131,Abonnement Datadog pro annuel,Monitoring,7886.28,TND,DQ-4911-LE,SUP0117,Year,2022-06-02
PRD0132,Audit Securite SI standard,Cybersecurite,19059.23,TND,LA-4994-DU,SUP0086,Each,2022-12-31
PRD0133,Formation Data Science 3 jours,Formation,3423.14,TND,ZD-9743-DX,SUP0104,Hour,2021-07-19
PRD0134,Stockage NAS NetApp AFF A400,Stockage,43615.09,TND,GP-6257-VE,SUP0024,Pack,2020-01-14
PRD0135,Abonnement Datadog pro annuel,Monitoring,7495.01,TND,HN-5068-UT,SUP0055,Year,2022-01-15
PRD0136,Support et Maintenance Tiers 2 annuel,Maintenance,15125.52,TND,WB-4646-FL,SUP0004,Month,2022-12-20
PRD0137,Support et Maintenance Tiers 2 annuel,Maintenance,16807.01,TND,MV-6198-SP,SUP0085,Year,2019-04-25
PRD0138,Forfait Architecture Cloud AWS,Cloud Services,42794.75,TND,MM-1854-EJ,SUP0013,Year,2019-11-08
PRD0139,Licence SAP S4HANA par utilisateur,ERP et Licences,12636.16,TND,KG-3757-DE,SUP0093,Hour,2021-03-20
PRD0140,Abonnement Datadog pro annuel,Monitoring,7355.17,TND,NB-1109-EI,SUP0085,Month,2022-04-22
PRD0141,Licence SAP S4HANA par utilisateur,ERP et Licences,14567.55,TND,SZ-4204-PJ,SUP0063,Month,2020-10-08
PRD0142,Abonnement Datadog pro annuel,Monitoring,7494.58,TND,VG-8396-HC,SUP0009,Hour,2022-10-15
PRD0143,Forfait Architecture Cloud AWS,Cloud Services,32604.72,TND,FN-3431-YK,SUP0084,Hour,2021-06-01
PRD0144,Forfait Migration Donnees,Data Engineering,25431.42,TND,OS-3627-FA,SUP0002,Month,2019-03-29
PRD0145,Abonnement Datadog pro annuel,Monitoring,6413.62,TND,YS-3721-QZ,SUP0072,License,2021-11-13
PRD0146,Serveur Dell PowerEdge R760,Materiel Informatique,15043.56,TND,EC-8728-RN,SUP0026,Each,2019-12-18
PRD0147,Abonnement Datadog pro annuel,Monitoring,7033.99,TND,JX-9925-JE,SUP0061,License,2019-01-14
PRD0148,Formation Data Science 3 jours,Formation,3416.36,TND,OD-8699-GR,SUP0056,Year,2019-11-25
PRD0149,Forfait Migration Donnees,Data Engineering,28773.4,TND,XQ-6345-BQ,SUP0094,Pack,2020-12-24
PRD0150,Licence GitLab Ultimate annuel,Dev Tools,6691.37,TND,AJ-2323-AC,SUP0039,Year,2022-01-06
PRD0151,Licence SAP S4HANA par utilisateur,ERP et Licences,12883.66,TND,WF-1780-AK,SUP0058,License,2019-09-22
PRD0152,Licence GitLab Ultimate annuel,Dev Tools,5684.49,TND,RG-4119-RR,SUP0113,Year,2020-07-16
PRD0153,Stockage NAS NetApp AFF A400,Stockage,52240.28,TND,OZ-3319-WO,SUP0111,Month,2019-08-18
PRD0154,Abonnement Datadog pro annuel,Monitoring,7746.77,TND,KX-7984-PV,SUP0061,Year,2022-10-16
PRD0155,Licence GitLab Ultimate annuel,Dev Tools,5523.68,TND,AJ-5140-BA,SUP0013,Hour,2021-03-11
PRD0156,Licence Salesforce Sales Cloud,CRM et Licences,5443.08,TND,RH-6427-OC,SUP0094,Year,2019-07-14
PRD0157,Abonnement Datadog pro annuel,Monitoring,6141.94,TND,YV-3784-NP,SUP0038,Each,2019-09-01
PRD0158,Abonnement Datadog pro annuel,Monitoring,7943.99,TND,RZ-7683-PZ,SUP0054,Each,2020-02-04
PRD0159,Journee Conseil Junior,Conseil et Prestation,706.93,TND,IE-5006-SD,SUP0102,Month,2019-04-09
PRD0160,Audit Securite SI standard,Cybersecurite,20016.12,TND,ZQ-5983-GX,SUP0095,Each,2022-12-03
PRD0161,Formation SAP Certifiante 5 jours,Formation,3833.6,TND,IW-4251-PB,SUP0014,Each,2019-08-26
PRD0162,Formation Data Science 3 jours,Formation,2391.43,TND,IR-3974-MS,SUP0071,Month,2019-12-29
PRD0163,Licence Power BI Premium,Data et Analytics,5785.04,TND,LN-1306-ZA,SUP0117,Pack,2021-12-28
PRD0164,Stockage NAS NetApp AFF A400,Stockage,46552.88,TND,MV-8074-BX,SUP0108,Pack,2019-09-26
PRD0165,Formation Data Science 3 jours,Formation,3462.92,TND,YI-5833-RJ,SUP0113,License,2019-04-03
PRD0166,Forfait Migration Donnees,Data Engineering,30476.01,TND,KI-9125-PZ,SUP0012,Each,2022-10-25
PRD0167,Switch Cisco Catalyst 9300,Reseau,9374.54,TND,UF-6004-TM,SUP0019,Hour,2020-05-27
PRD0168,Forfait Migration Donnees,Data Engineering,24376.31,TND,CK-6843-ZO,SUP0117,Each,2019-08-12
PRD0169,Licence Salesforce Sales Cloud,CRM et Licences,6734.69,TND,EU-4300-JN,SUP0100,Hour,2019-05-05
PRD0170,Licence GitLab Ultimate annuel,Dev Tools,6900.91,TND,LR-2152-DN,SUP0074,Month,2022-04-16
PRD0171,Licence GitLab Ultimate annuel,Dev Tools,5350.3,TND,ZM-7396-XT,SUP0096,License,2022-03-17
PRD0172,Serveur Dell PowerEdge R760,Materiel Informatique,18468.6,TND,WV-3074-MQ,SUP0119,Pack,2022-11-26
PRD0173,Support et Maintenance Tiers 2 annuel,Maintenance,16527.94,TND,WF-9533-RT,SUP0113,Month,2022-10-17
PRD0174,Audit Securite SI standard,Cybersecurite,17209.23,TND,JQ-9390-KQ,SUP0070,Pack,2020-04-25
PRD0175,Formation Data Science 3 jours,Formation,2384.68,TND,BX-1140-QM,SUP0064,Month,2020-08-05
PRD0176,Journee Conseil Junior,Conseil et Prestation,718.94,TND,YQ-5869-UI,SUP0088,Year,2022-09-12
PRD0177,Licence Salesforce Sales Cloud,CRM et Licences,5228.07,TND,CZ-8403-KX,SUP0022,Year,2021-05-22
PRD0178,Formation Data Science 3 jours,Formation,2824.17,TND,IR-5877-TV,SUP0073,Each,2022-11-12
PRD0179,Support et Maintenance Tiers 2 annuel,Maintenance,17580.76,TND,GI-9444-FP,SUP0043,Year,2022-07-28
PRD0180,Abonnement Datadog pro annuel,Monitoring,6568.61,TND,PU-8031-JW,SUP0058,Month,2020-04-01
PRD0181,Licence Salesforce Sales Cloud,CRM et Licences,6538.32,TND,UB-8814-NZ,SUP0028,Pack,2022-10-18
PRD0182,Forfait Architecture Cloud AWS,Cloud Services,35955.79,TND,FZ-2603-UV,SUP0060,Hour,2019-07-12
PRD0183,Licence GitLab Ultimate annuel,Dev Tools,6575.24,TND,QM-9758-FP,SUP0020,License,2020-02-09
PRD0184,Journee Conseil Senior,Conseil et Prestation,1414.77,TND,XK-6571-DO,SUP0088,Each,2020-01-19
PRD0185,Audit Securite SI standard,Cybersecurite,22215.06,TND,DV-7432-IE,SUP0031,Pack,2022-11-23
PRD0186,Licence SAP S4HANA par utilisateur,ERP et Licences,14324.81,TND,LG-1878-EZ,SUP0032,Pack,2021-09-14
PRD0187,Pentest Application Web,Cybersecurite,10653.22,TND,PX-4981-SI,SUP0045,Year,2021-07-13
PRD0188,Formation Data Science 3 jours,Formation,3228.18,TND,KM-2206-FZ,SUP0034,Pack,2022-02-28
PRD0189,Formation SAP Certifiante 5 jours,Formation,5499.08,TND,CE-5084-YP,SUP0082,License,2021-09-05
PRD0190,Journee Conseil Senior,Conseil et Prestation,1374.01,TND,LK-3520-ED,SUP0070,Year,2020-04-30
PRD0191,Formation SAP Certifiante 5 jours,Formation,4112.35,TND,KS-5068-RY,SUP0048,Pack,2020-10-25
PRD0192,Formation SAP Certifiante 5 jours,Formation,5208.94,TND,ZF-6453-LM,SUP0063,Month,2022-05-25
PRD0193,Licence Salesforce Sales Cloud,CRM et Licences,4701.32,TND,QM-4140-OP,SUP0034,Year,2021-04-21
PRD0194,Pentest Application Web,Cybersecurite,8646.74,TND,TG-7177-SZ,SUP0107,License,2021-05-18
PRD0195,Licence SAP S4HANA par utilisateur,ERP et Licences,11282.13,TND,EB-8276-JI,SUP0003,Hour,2019-08-02
PRD0196,Formation Data Science 3 jours,Formation,3230.56,TND,QX-1389-XB,SUP0044,Year,2019-08-09
PRD0197,Forfait Architecture Cloud AWS,Cloud Services,29764.67,TND,WG-1543-LP,SUP0115,License,2019-08-23
PRD0198,Abonnement Datadog pro annuel,Monitoring,6443.12,TND,QR-4788-PQ,SUP0108,Each,2022-05-06
PRD0199,Forfait Architecture Cloud AWS,Cloud Services,34147.46,TND,QD-1040-WF,SUP0062,Each,2019-11-23
PRD0200,Support et Maintenance Tiers 2 annuel,Maintenance,17200.71,TND,BO-3380-NQ,SUP0057,Year,2020-07-26
PRD0201,Support et Maintenance Tiers 2 annuel,Maintenance,15620.64,TND,HO-9044-TN,SUP0057,License,2022-01-26
PRD0202,Licence ServiceNow ITSM annuel,ITSM Platform,22254.14,TND,ER-1422-YZ,SUP0022,Hour,2022-03-27
PRD0203,Journee Conseil Junior,Conseil et Prestation,683.16,TND,KK-9245-PD,SUP0113,Pack,2021-10-02
PRD0204,Licence Power BI Premium,Data et Analytics,5586.12,TND,VV-7989-XY,SUP0057,License,2022-11-23
PRD0205,Licence ServiceNow ITSM annuel,ITSM Platform,23147.48,TND,EL-8422-OS,SUP0061,Hour,2022-01-26
PRD0206,Pentest Application Web,Cybersecurite,9786.33,TND,VS-5466-KM,SUP0059,Each,2021-06-07
PRD0207,Audit Securite SI standard,Cybersecurite,15745.49,TND,NL-3509-OE,SUP0067,Each,2022-05-11
PRD0208,Parefeu Palo Alto PA-3430,Cybersecurite,33470.18,TND,XR-2166-ST,SUP0033,Each,2021-06-15
PRD0209,Support et Maintenance Tiers 2 annuel,Maintenance,15609.6,TND,MQ-7950-AK,SUP0092,Hour,2022-01-16
PRD0210,Formation SAP Certifiante 5 jours,Formation,4565.94,TND,RZ-7576-JZ,SUP0112,Month,2021-01-23
PRD0211,Forfait Architecture Cloud AWS,Cloud Services,33480.89,TND,ED-3854-TZ,SUP0018,Month,2022-11-03
PRD0212,Licence Power BI Premium,Data et Analytics,5892.6,TND,HV-1295-CP,SUP0079,Month,2022-10-26
PRD0213,Formation Data Science 3 jours,Formation,2782.29,TND,AS-8721-AN,SUP0093,Year,2021-03-30
PRD0214,Audit Securite SI standard,Cybersecurite,16389.16,TND,EM-2695-SB,SUP0106,Pack,2019-04-30
PRD0215,Forfait Architecture Cloud AWS,Cloud Services,43638.5,TND,OJ-8252-PL,SUP0020,Year,2020-08-24
PRD0216,Stockage NAS NetApp AFF A400,Stockage,41377.49,TND,ZC-1008-BM,SUP0105,Each,2021-10-13
PRD0217,Journee Conseil Junior,Conseil et Prestation,782.32,TND,EJ-3434-JH,SUP0061,License,2022-11-06
PRD0218,Stockage NAS NetApp AFF A400,Stockage,42467.12,TND,AA-3820-QX,SUP0047,Month,2022-05-20
PRD0219,Forfait Migration Donnees,Data Engineering,28146.99,TND,SR-6468-QW,SUP0055,Pack,2022-05-03
PRD0220,Stockage NAS NetApp AFF A400,Stockage,57968.78,TND,TJ-7284-RR,SUP0098,Year,2020-06-12
PRD0221,Support et Maintenance Tiers 2 annuel,Maintenance,12833.65,TND,HJ-4460-LB,SUP0102,Year,2021-01-20
PRD0222,Audit Securite SI standard,Cybersecurite,20642.72,TND,GY-4764-WU,SUP0102,Hour,2022-03-20
PRD0223,Licence GitLab Ultimate annuel,Dev Tools,6284.87,TND,TX-1078-VI,SUP0064,Each,2021-07-26
PRD0224,Serveur Dell PowerEdge R760,Materiel Informatique,17268.05,TND,JH-7405-NC,SUP0035,Month,2022-06-07
PRD0225,Forfait Architecture Cloud AWS,Cloud Services,43553.48,TND,VI-7566-ET,SUP0087,Pack,2021-06-28
PRD0226,Parefeu Palo Alto PA-3430,Cybersecurite,32408.65,TND,QO-4425-EJ,SUP0032,Pack,2019-10-25
PRD0227,Formation SAP Certifiante 5 jours,Formation,4989.76,TND,XC-1929-XN,SUP0103,Year,2019-05-26
PRD0228,Formation Data Science 3 jours,Formation,3344.53,TND,XP-6267-PV,SUP0010,License,2021-01-01
PRD0229,Parefeu Palo Alto PA-3430,Cybersecurite,30899.26,TND,FV-8437-SF,SUP0036,Year,2021-12-25
PRD0230,Journee Conseil Junior,Conseil et Prestation,719.17,TND,ER-7858-GJ,SUP0064,Year,2019-10-02
PRD0231,Parefeu Palo Alto PA-3430,Cybersecurite,39782.43,TND,OE-9471-WY,SUP0118,Month,2019-07-28
PRD0232,Licence GitLab Ultimate annuel,Dev Tools,5939.16,TND,UM-5184-PO,SUP0058,Pack,2021-03-02
PRD0233,Licence Salesforce Sales Cloud,CRM et Licences,6527.55,TND,YY-8893-SX,SUP0088,Hour,2020-01-05
PRD0234,Serveur Dell PowerEdge R760,Materiel Informatique,16050.75,TND,EI-1776-VI,SUP0019,Month,2020-01-06
PRD0235,Formation SAP Certifiante 5 jours,Formation,4422.11,TND,LX-9494-QL,SUP0070,Month,2021-08-02
PRD0236,Serveur Dell PowerEdge R760,Materiel Informatique,18331.1,TND,NW-5831-ZG,SUP0001,Each,2022-06-04
PRD0237,Parefeu Palo Alto PA-3430,Cybersecurite,34220.69,TND,RF-1053-RZ,SUP0056,License,2022-11-25
PRD0238,Journee Conseil Junior,Conseil et Prestation,749.13,TND,ZP-5115-JG,SUP0078,Each,2019-08-16
PRD0239,Pentest Application Web,Cybersecurite,9414.45,TND,NU-8840-PK,SUP0101,Year,2020-12-16
PRD0240,Licence Microsoft 365 Business Premium,Productivite,1940.23,TND,ZK-7587-DD,SUP0118,License,2019-05-08
PRD0241,Support et Maintenance Tiers 2 annuel,Maintenance,12309.62,TND,PN-6178-ZC,SUP0005,License,2022-12-18
PRD0242,Licence Power BI Premium,Data et Analytics,4257.45,TND,GB-8208-YE,SUP0114,Year,2021-10-04
PRD0243,Journee Conseil Junior,Conseil et Prestation,585.45,TND,EH-6769-KW,SUP0103,Each,2019-09-24
PRD0244,Licence Power BI Premium,Data et Analytics,5942.42,TND,MW-8999-OU,SUP0116,Hour,2021-05-02
PRD0245,Formation SAP Certifiante 5 jours,Formation,4140.16,TND,JW-6428-NJ,SUP0046,Hour,2020-10-29
PRD0246,Support et Maintenance Tiers 2 annuel,Maintenance,15065.14,TND,EW-9556-ED,SUP0022,Year,2021-12-07
PRD0247,Support et Maintenance Tiers 2 annuel,Maintenance,13575.69,TND,XI-5464-KX,SUP0078,Month,2020-09-27
PRD0248,Licence GitLab Ultimate annuel,Dev Tools,6239.31,TND,ZV-5694-LA,SUP0020,Each,2020-05-11
PRD0249,Licence SAP S4HANA par utilisateur,ERP et Licences,10318.47,TND,EQ-8541-CT,SUP0111,License,2020-03-05
PRD0250,Forfait Architecture Cloud AWS,Cloud Services,30488.07,TND,LJ-8151-ZD,SUP0057,Year,2021-09-11
PRD0251,Support et Maintenance Tiers 2 annuel,Maintenance,16758.91,TND,OR-6536-ED,SUP0060,Year,2021-02-14
PRD0252,Licence Microsoft 365 Business Premium,Productivite,2184.66,TND,NX-8353-OV,SUP0057,Each,2019-01-15
PRD0253,Licence SAP S4HANA par utilisateur,ERP et Licences,14360.59,TND,VG-6684-VT,SUP0082,Year,2021-01-24
PRD0254,Licence SAP S4HANA par utilisateur,ERP et Licences,14156.05,TND,EY-3114-WW,SUP0058,Hour,2022-08-12
PRD0255,Serveur Dell PowerEdge R760,Materiel Informatique,19499.74,TND,IJ-8697-FY,SUP0100,Hour,2020-03-27
PRD0256,Journee Conseil Junior,Conseil et Prestation,725.28,TND,YL-1371-IE,SUP0033,Each,2019-11-09
PRD0257,Licence SAP S4HANA par utilisateur,ERP et Licences,14061.69,TND,KP-4652-ZU,SUP0115,Hour,2022-08-22
PRD0258,Abonnement Datadog pro annuel,Monitoring,8809.15,TND,MO-2132-JP,SUP0082,Pack,2021-03-29
PRD0259,Parefeu Palo Alto PA-3430,Cybersecurite,32844.86,TND,UW-7227-PH,SUP0036,Month,2022-10-06
PRD0260,Pentest Application Web,Cybersecurite,9563.1,TND,TF-3921-QB,SUP0089,License,2020-08-03
PRD0261,Serveur Dell PowerEdge R760,Materiel Informatique,18824.4,TND,MR-1475-AW,SUP0115,License,2020-05-04
PRD0262,Support et Maintenance Tiers 2 annuel,Maintenance,14614.32,TND,PV-3615-KA,SUP0053,Each,2022-07-26
PRD0263,Pentest Application Web,Cybersecurite,9445.51,TND,CY-1773-FY,SUP0074,Month,2019-03-01
PRD0264,Parefeu Palo Alto PA-3430,Cybersecurite,37834.6,TND,MW-7159-DF,SUP0046,Hour,2022-01-30
PRD0265,Licence SAP S4HANA par utilisateur,ERP et Licences,14641.6,TND,OZ-1625-OA,SUP0015,Pack,2020-03-23
PRD0266,Journee Conseil Senior,Conseil et Prestation,1061.06,TND,FK-1346-DR,SUP0063,License,2021-11-13
PRD0267,Licence GitLab Ultimate annuel,Dev Tools,5943.01,TND,JL-7030-MX,SUP0086,Pack,2020-12-24
PRD0268,Licence Power BI Premium,Data et Analytics,5241.22,TND,OZ-1416-XI,SUP0084,License,2022-11-10
PRD0269,Audit Securite SI standard,Cybersecurite,15630.74,TND,CC-9420-JX,SUP0108,Pack,2019-06-02
PRD0270,Journee Conseil Junior,Conseil et Prestation,765.24,TND,EI-7012-DY,SUP0059,Year,2021-12-20
PRD0271,Forfait Architecture Cloud AWS,Cloud Services,33967.55,TND,KI-2099-PS,SUP0012,Pack,2021-02-05
PRD0272,Formation SAP Certifiante 5 jours,Formation,4176.7,TND,DU-1661-UR,SUP0061,Year,2021-02-28
PRD0273,Journee Conseil Junior,Conseil et Prestation,568.2,TND,AS-9960-DY,SUP0025,Year,2021-01-12
PRD0274,Licence Salesforce Sales Cloud,CRM et Licences,5735.21,TND,UT-5661-WH,SUP0095,Year,2019-12-21
PRD0275,Parefeu Palo Alto PA-3430,Cybersecurite,27713.54,TND,HV-1361-OC,SUP0103,Year,2019-07-01
PRD0276,Stockage NAS NetApp AFF A400,Stockage,52577.49,TND,VE-8834-OP,SUP0008,Year,2019-02-25
PRD0277,Pentest Application Web,Cybersecurite,9654.2,TND,XC-4877-XI,SUP0053,Each,2019-06-26
PRD0278,Licence Salesforce Sales Cloud,CRM et Licences,5210.78,TND,ZC-5957-TS,SUP0030,Pack,2021-10-25
PRD0279,Licence SAP S4HANA par utilisateur,ERP et Licences,12019.6,TND,PR-8084-RX,SUP0055,Month,2021-05-01
PRD0280,Licence Salesforce Sales Cloud,CRM et Licences,4808.7,TND,VD-2908-DU,SUP0080,Each,2022-11-26
PRD0281,Licence SAP S4HANA par utilisateur,ERP et Licences,14947.54,TND,BH-6002-OE,SUP0068,Month,2019-04-14
PRD0282,Journee Conseil Senior,Conseil et Prestation,1059.51,TND,BJ-7752-HJ,SUP0025,Each,2022-03-18
PRD0283,Audit Securite SI standard,Cybersecurite,22255.42,TND,AE-4554-EK,SUP0072,Year,2022-11-26
PRD0284,Forfait Architecture Cloud AWS,Cloud Services,36102.32,TND,GL-7532-MZ,SUP0119,Year,2022-11-25
PRD0285,Parefeu Palo Alto PA-3430,Cybersecurite,34861.75,TND,WF-9976-XC,SUP0015,Month,2021-09-08
PRD0286,Abonnement Datadog pro annuel,Monitoring,7455.44,TND,AG-4374-UA,SUP0114,License,2020-07-11
PRD0287,Forfait Architecture Cloud AWS,Cloud Services,38131.39,TND,YB-9507-MK,SUP0008,Year,2021-10-12
PRD0288,Journee Conseil Junior,Conseil et Prestation,808.12,TND,JW-8524-DB,SUP0049,Year,2020-03-03
PRD0289,Licence Power BI Premium,Data et Analytics,4494.36,TND,RY-9254-SC,SUP0110,Year,2019-04-23
PRD0290,Forfait Architecture Cloud AWS,Cloud Services,37877.2,TND,LW-1507-YT,SUP0074,Month,2021-02-15
PRD0291,Licence Salesforce Sales Cloud,CRM et Licences,4663.31,TND,MA-5602-KP,SUP0108,Hour,2021-03-24
PRD0292,Licence SAP S4HANA par utilisateur,ERP et Licences,11686.89,TND,ZG-8556-BM,SUP0096,Year,2020-10-13
PRD0293,Forfait Migration Donnees,Data Engineering,29837.32,TND,PW-2076-HB,SUP0054,License,2020-05-26
PRD0294,Licence GitLab Ultimate annuel,Dev Tools,6882.32,TND,AT-6531-XU,SUP0038,Pack,2022-11-26
PRD0295,Switch Cisco Catalyst 9300,Reseau,8541.04,TND,QQ-4987-MP,SUP0001,Month,2021-10-06
PRD0296,Licence SAP S4HANA par utilisateur,ERP et Licences,11217.04,TND,IO-3316-RO,SUP0044,Year,2020-07-15
PRD0297,Parefeu Palo Alto PA-3430,Cybersecurite,28882.93,TND,QC-7894-UZ,SUP0118,Pack,2021-11-29
PRD0298,Forfait Migration Donnees,Data Engineering,27714.35,TND,MO-4378-OM,SUP0051,Month,2022-07-24
PRD0299,Forfait Migration Donnees,Data Engineering,28209.78,TND,AS-7737-GJ,SUP0040,Hour,2021-05-12
PRD0300,Forfait Migration Donnees,Data Engineering,26368.59,TND,YG-7437-GT,SUP0017,Each,2021-03-30
PRD0301,Journee Conseil Senior,Conseil et Prestation,1256.3,TND,XO-8877-KD,SUP0046,Month,2020-09-10
PRD0302,Licence SAP S4HANA par utilisateur,ERP et Licences,11820.99,TND,UG-2302-JE,SUP0015,Year,2020-09-30
PRD0303,Journee Conseil Junior,Conseil et Prestation,761.52,TND,BO-2937-CK,SUP0004,License,2021-02-07
PRD0304,Formation Data Science 3 jours,Formation,3134.4,TND,KT-6453-IS,SUP0035,Hour,2020-12-19
PRD0305,Licence SAP S4HANA par utilisateur,ERP et Licences,14077.61,TND,ZJ-5185-YY,SUP0109,License,2021-10-20
PRD0306,Serveur Dell PowerEdge R760,Materiel Informatique,19470.24,TND,FW-5467-QI,SUP0044,Month,2020-12-26
PRD0307,Support et Maintenance Tiers 2 annuel,Maintenance,13552.9,TND,GA-2412-CY,SUP0083,License,2019-11-08
PRD0308,Licence Microsoft 365 Business Premium,Productivite,1838.29,TND,ZJ-8726-XR,SUP0089,Each,2022-08-27
PRD0309,Support et Maintenance Tiers 2 annuel,Maintenance,14366.89,TND,KN-9766-JU,SUP0008,Month,2020-10-27
PRD0310,Audit Securite SI standard,Cybersecurite,16240.53,TND,GU-2393-KX,SUP0047,Each,2022-01-18
PRD0311,Stockage NAS NetApp AFF A400,Stockage,44994.97,TND,SG-1315-GV,SUP0081,Pack,2022-02-24
PRD0312,Stockage NAS NetApp AFF A400,Stockage,47105.77,TND,MM-1255-RE,SUP0063,Month,2020-11-08
PRD0313,Parefeu Palo Alto PA-3430,Cybersecurite,29539.72,TND,HE-6822-GP,SUP0050,Hour,2022-03-25
PRD0314,Formation Data Science 3 jours,Formation,2414.68,TND,ZT-8798-VS,SUP0046,Hour,2019-09-25
PRD0315,Formation SAP Certifiante 5 jours,Formation,4446.65,TND,ZC-2095-QL,SUP0035,Pack,2021-08-02
PRD0316,Formation SAP Certifiante 5 jours,Formation,5344.69,TND,TP-4837-ID,SUP0053,Year,2020-03-11
PRD0317,Journee Conseil Junior,Conseil et Prestation,583.85,TND,HT-8969-SR,SUP0088,Each,2019-04-19
PRD0318,Serveur Dell PowerEdge R760,Materiel Informatique,16715.72,TND,ZC-5650-QI,SUP0052,Each,2020-05-05
PRD0319,Abonnement Datadog pro annuel,Monitoring,6335.88,TND,UY-5943-OC,SUP0118,Pack,2019-12-22
PRD0320,Journee Conseil Junior,Conseil et Prestation,605.66,TND,DZ-9877-FF,SUP0022,Year,2021-12-31
PRD0321,Journee Conseil Senior,Conseil et Prestation,1080.52,TND,RO-3042-RB,SUP0018,Hour,2020-10-29
PRD0322,Parefeu Palo Alto PA-3430,Cybersecurite,30861.46,TND,SC-2356-IO,SUP0114,Year,2019-05-13
PRD0323,Licence ServiceNow ITSM annuel,ITSM Platform,27233.35,TND,RN-5548-BS,SUP0001,Hour,2022-03-27
PRD0324,Licence Power BI Premium,Data et Analytics,4815.89,TND,HK-5171-JQ,SUP0014,Month,2021-10-30
PRD0325,Licence Microsoft 365 Business Premium,Productivite,1863.97,TND,JH-5947-WM,SUP0094,Year,2021-11-23
PRD0326,Pentest Application Web,Cybersecurite,9983.6,TND,ZE-9143-ZR,SUP0038,Month,2022-10-13
PRD0327,Stockage NAS NetApp AFF A400,Stockage,51441.84,TND,OX-3408-IE,SUP0120,Each,2019-11-18
PRD0328,Forfait Architecture Cloud AWS,Cloud Services,36528.58,TND,OA-3677-TK,SUP0074,Month,2019-05-04
PRD0329,Licence Power BI Premium,Data et Analytics,4840.39,TND,SD-8051-JS,SUP0027,Month,2020-03-16
PRD0330,Serveur Dell PowerEdge R760,Materiel Informatique,19286.08,TND,KK-9677-DC,SUP0092,Each,2019-01-29
PRD0331,Forfait Architecture Cloud AWS,Cloud Services,32454.88,TND,VT-1346-LV,SUP0063,Month,2019-05-05
PRD0332,Serveur Dell PowerEdge R760,Materiel Informatique,18133.42,TND,KS-8121-TY,SUP0029,License,2019-03-16
PRD0333,Audit Securite SI standard,Cybersecurite,21895.27,TND,SO-9435-GN,SUP0077,License,2022-10-09
PRD0334,Formation Data Science 3 jours,Formation,3253.62,TND,LK-3883-QJ,SUP0110,Hour,2020-08-09
PRD0335,Audit Securite SI standard,Cybersecurite,15921.83,TND,LL-7474-JH,SUP0099,Month,2021-11-10
PRD0336,Licence Microsoft 365 Business Premium,Productivite,2685.74,TND,PM-6734-AX,SUP0006,License,2020-09-21
PRD0337,Pentest Application Web,Cybersecurite,9129.95,TND,BL-3941-KZ,SUP0029,Each,2020-03-19
PRD0338,Formation Data Science 3 jours,Formation,3462.96,TND,YG-3815-YJ,SUP0057,License,2020-05-09
PRD0339,Licence GitLab Ultimate annuel,Dev Tools,6366.78,TND,AZ-5225-UB,SUP0049,License,2020-11-17
PRD0340,Licence Microsoft 365 Business Premium,Productivite,1841.27,TND,QH-7548-TJ,SUP0017,Pack,2022-12-21
PRD0341,Abonnement Datadog pro annuel,Monitoring,7946.31,TND,OZ-2013-SJ,SUP0108,License,2021-03-29
PRD0342,Serveur Dell PowerEdge R760,Materiel Informatique,15547.43,TND,DL-4556-ZD,SUP0069,Pack,2022-11-28
PRD0343,Journee Conseil Senior,Conseil et Prestation,1481.33,TND,NM-4589-ME,SUP0044,Month,2020-03-01
PRD0344,Licence ServiceNow ITSM annuel,ITSM Platform,26899.35,TND,SV-1871-AS,SUP0040,License,2022-09-03
PRD0345,Licence ServiceNow ITSM annuel,ITSM Platform,21243.96,TND,FL-5376-FG,SUP0098,License,2022-10-30
PRD0346,Abonnement Datadog pro annuel,Monitoring,8235.37,TND,VF-5602-JQ,SUP0011,License,2021-01-07
PRD0347,Formation Data Science 3 jours,Formation,3320.92,TND,AM-8207-CN,SUP0091,Year,2022-07-06
PRD0348,Pentest Application Web,Cybersecurite,9974.73,TND,CY-7318-OX,SUP0084,Year,2021-03-01
PRD0349,Formation Data Science 3 jours,Formation,3130.53,TND,HS-3360-CM,SUP0090,Month,2020-03-31
PRD0350,Licence SAP S4HANA par utilisateur,ERP et Licences,10830.68,TND,HI-3383-QL,SUP0083,Month,2021-05-27
PRD0351,Parefeu Palo Alto PA-3430,Cybersecurite,32516.29,TND,GZ-9620-ZF,SUP0103,Month,2019-03-19
PRD0352,Licence Power BI Premium,Data et Analytics,4570.18,TND,PX-9484-WR,SUP0011,Year,2021-02-01
PRD0353,Formation SAP Certifiante 5 jours,Formation,3894.24,TND,NT-7891-ZU,SUP0100,Each,2022-10-26
PRD0354,Licence Power BI Premium,Data et Analytics,6087.37,TND,LW-9585-KR,SUP0005,Hour,2022-08-16
PRD0355,Switch Cisco Catalyst 9300,Reseau,8202.83,TND,MW-9714-LD,SUP0075,Pack,2022-06-14
PRD0356,Abonnement Datadog pro annuel,Monitoring,8266.79,TND,NE-3402-WJ,SUP0020,Each,2020-10-28
PRD0357,Licence ServiceNow ITSM annuel,ITSM Platform,23204.91,TND,XL-4373-OZ,SUP0030,Month,2022-05-21
PRD0358,Licence GitLab Ultimate annuel,Dev Tools,7036.45,TND,HF-6699-IT,SUP0054,Pack,2021-06-10
PRD0359,Pentest Application Web,Cybersecurite,10254.35,TND,NF-1877-DW,SUP0003,Year,2019-10-27
PRD0360,Licence Salesforce Sales Cloud,CRM et Licences,5206.22,TND,FT-3748-JK,SUP0102,Hour,2020-02-24
PRD0361,Stockage NAS NetApp AFF A400,Stockage,56010.95,TND,XL-4503-PB,SUP0086,Hour,2019-01-11
PRD0362,Abonnement Datadog pro annuel,Monitoring,8043.7,TND,AO-8058-KZ,SUP0003,Year,2021-06-24
PRD0363,Licence ServiceNow ITSM annuel,ITSM Platform,20961.89,TND,IY-8328-UO,SUP0074,Year,2022-11-15
PRD0364,Licence GitLab Ultimate annuel,Dev Tools,6010.99,TND,PQ-5577-CZ,SUP0102,Each,2022-06-16
PRD0365,Audit Securite SI standard,Cybersecurite,17620.57,TND,XH-6992-QO,SUP0002,Pack,2020-12-17
PRD0366,Licence ServiceNow ITSM annuel,ITSM Platform,23225.4,TND,KY-5917-GM,SUP0028,Year,2020-04-23
PRD0367,Parefeu Palo Alto PA-3430,Cybersecurite,35774.36,TND,BU-6334-DY,SUP0004,Year,2020-11-10
PRD0368,Pentest Application Web,Cybersecurite,9664.52,TND,CE-9885-UH,SUP0058,Hour,2019-07-05
PRD0369,Licence Salesforce Sales Cloud,CRM et Licences,4726.15,TND,NZ-5480-GG,SUP0006,Month,2021-04-05
PRD0370,Licence Power BI Premium,Data et Analytics,5291.24,TND,BE-6298-BG,SUP0066,Month,2022-08-13
PRD0371,Support et Maintenance Tiers 2 annuel,Maintenance,14528.87,TND,KP-3709-GF,SUP0100,License,2021-01-03
PRD0372,Licence Power BI Premium,Data et Analytics,4413.21,TND,EC-2673-RK,SUP0106,License,2021-10-30
PRD0373,Parefeu Palo Alto PA-3430,Cybersecurite,34773.54,TND,BI-6084-KH,SUP0055,Each,2020-09-05
PRD0374,Parefeu Palo Alto PA-3430,Cybersecurite,36486.06,TND,KL-8529-LX,SUP0016,Year,2019-06-17
PRD0375,Audit Securite SI standard,Cybersecurite,20385.48,TND,VB-4895-SV,SUP0052,Year,2020-10-03
PRD0376,Audit Securite SI standard,Cybersecurite,18764.79,TND,NY-2149-QX,SUP0006,Each,2020-09-11
PRD0377,Pentest Application Web,Cybersecurite,9535.13,TND,FJ-9909-KS,SUP0052,Each,2019-07-25
PRD0378,Stockage NAS NetApp AFF A400,Stockage,57658.1,TND,AW-3741-PU,SUP0062,License,2021-11-28
PRD0379,Audit Securite SI standard,Cybersecurite,20386.85,TND,BW-6796-WC,SUP0070,Each,2021-02-06
PRD0380,Abonnement Datadog pro annuel,Monitoring,8778.12,TND,RC-5836-PU,SUP0015,License,2021-04-01
PRD0381,Formation Data Science 3 jours,Formation,2716.65,TND,DC-4647-VO,SUP0069,Hour,2019-06-16
PRD0382,Abonnement Datadog pro annuel,Monitoring,6410.35,TND,BA-1187-QP,SUP0019,Month,2020-02-22
PRD0383,Formation Data Science 3 jours,Formation,3330.15,TND,WX-6990-AX,SUP0090,Each,2022-05-14
PRD0384,Stockage NAS NetApp AFF A400,Stockage,48131.65,TND,FV-2216-TH,SUP0046,License,2019-10-04
PRD0385,Parefeu Palo Alto PA-3430,Cybersecurite,33686.14,TND,UG-1854-YV,SUP0062,Year,2019-05-30
PRD0386,Forfait Architecture Cloud AWS,Cloud Services,39867.76,TND,JE-8355-GA,SUP0052,Each,2019-05-20
PRD0387,Licence Power BI Premium,Data et Analytics,4454.8,TND,TS-4760-XZ,SUP0076,Pack,2019-05-31
PRD0388,Abonnement Datadog pro annuel,Monitoring,7336.99,TND,ED-8071-BQ,SUP0070,Each,2019-09-06
PRD0389,Stockage NAS NetApp AFF A400,Stockage,47802.03,TND,UW-4631-FE,SUP0046,Month,2021-11-06
PRD0390,Switch Cisco Catalyst 9300,Reseau,7830.5,TND,BU-4623-CH,SUP0085,Pack,2022-05-13
PRD0391,Licence Salesforce Sales Cloud,CRM et Licences,4833.71,TND,SZ-2727-VW,SUP0091,Hour,2022-07-20
PRD0392,Support et Maintenance Tiers 2 annuel,Maintenance,14113.2,TND,OZ-6886-AE,SUP0009,License,2019-04-11
PRD0393,Forfait Migration Donnees,Data Engineering,28426.37,TND,DU-2691-YX,SUP0099,Each,2020-06-02
PRD0394,Forfait Migration Donnees,Data Engineering,26977.65,TND,VW-2234-RM,SUP0014,Pack,2019-03-20
PRD0395,Formation SAP Certifiante 5 jours,Formation,5166.2,TND,OG-6773-AK,SUP0076,Year,2020-11-11
PRD0396,Licence SAP S4HANA par utilisateur,ERP et Licences,11986.32,TND,SL-6578-KP,SUP0029,Year,2022-06-20
PRD0397,Licence Microsoft 365 Business Premium,Productivite,2522.56,TND,RM-3320-PH,SUP0040,License,2022-09-24
PRD0398,Abonnement Datadog pro annuel,Monitoring,6227.05,TND,JY-8259-XE,SUP0109,License,2022-10-13
PRD0399,Switch Cisco Catalyst 9300,Reseau,7096.42,TND,KC-6658-FC,SUP0110,Pack,2021-10-11
PRD0400,Journee Conseil Senior,Conseil et Prestation,1105.03,TND,MH-7149-XI,SUP0117,Each,2019-10-03
PRD0401,Abonnement Datadog pro annuel,Monitoring,6162.3,TND,YC-7393-KT,SUP0070,Hour,2021-06-10
PRD0402,Formation SAP Certifiante 5 jours,Formation,4770.54,TND,NH-7553-WP,SUP0081,Year,2021-04-25
PRD0403,Parefeu Palo Alto PA-3430,Cybersecurite,36627.99,TND,JE-9153-TV,SUP0038,Each,2019-11-20
PRD0404,Formation SAP Certifiante 5 jours,Formation,5174.01,TND,MD-2421-SD,SUP0019,Pack,2020-01-03
PRD0405,Journee Conseil Senior,Conseil et Prestation,1039.03,TND,TV-1011-NT,SUP0067,Month,2020-09-24
PRD0406,Parefeu Palo Alto PA-3430,Cybersecurite,31853.2,TND,EJ-1926-ID,SUP0081,Pack,2020-04-11
PRD0407,Journee Conseil Senior,Conseil et Prestation,1163.62,TND,SN-7086-XA,SUP0079,Month,2020-04-15
PRD0408,Support et Maintenance Tiers 2 annuel,Maintenance,17229.35,TND,DS-3024-AC,SUP0019,Month,2020-07-08
PRD0409,Stockage NAS NetApp AFF A400,Stockage,46107.42,TND,CV-2230-HA,SUP0116,Month,2021-09-21
PRD0410,Parefeu Palo Alto PA-3430,Cybersecurite,28623.78,TND,UF-8628-WM,SUP0098,Month,2019-11-06
PRD0411,Formation SAP Certifiante 5 jours,Formation,5424.91,TND,YL-9698-DC,SUP0063,Month,2022-03-04
PRD0412,Licence SAP S4HANA par utilisateur,ERP et Licences,12182.5,TND,AB-7272-DI,SUP0053,Pack,2021-08-06
PRD0413,Pentest Application Web,Cybersecurite,10308.03,TND,LF-6447-JM,SUP0037,Pack,2019-09-19
PRD0414,Licence Power BI Premium,Data et Analytics,5503.33,TND,NY-3354-FT,SUP0064,Year,2019-11-02
PRD0415,Journee Conseil Senior,Conseil et Prestation,1210.49,TND,DI-6356-DX,SUP0068,Year,2022-02-14
PRD0416,Serveur Dell PowerEdge R760,Materiel Informatique,15211.18,TND,ZG-6988-FT,SUP0024,Month,2021-08-24
PRD0417,Licence Microsoft 365 Business Premium,Productivite,2293.1,TND,MJ-7207-SN,SUP0070,Month,2021-10-11
PRD0418,Support et Maintenance Tiers 2 annuel,Maintenance,12382.92,TND,NC-3119-BM,SUP0027,Each,2022-11-01
PRD0419,Support et Maintenance Tiers 2 annuel,Maintenance,14059.17,TND,JE-7085-US,SUP0051,License,2019-07-15
PRD0420,Licence ServiceNow ITSM annuel,ITSM Platform,19159.12,TND,XC-5314-FQ,SUP0016,Each,2021-03-04
PRD0421,Switch Cisco Catalyst 9300,Reseau,9425.89,TND,DU-7257-YJ,SUP0060,Pack,2020-07-09
PRD0422,Journee Conseil Junior,Conseil et Prestation,772.66,TND,PM-3006-RJ,SUP0030,License,2020-07-20
PRD0423,Journee Conseil Senior,Conseil et Prestation,1195.48,TND,LP-1466-CT,SUP0096,License,2022-07-20
PRD0424,Licence Salesforce Sales Cloud,CRM et Licences,5030.41,TND,PJ-9892-SV,SUP0092,Hour,2022-07-07
PRD0425,Journee Conseil Junior,Conseil et Prestation,732.68,TND,CY-9384-KY,SUP0120,License,2019-08-25
PRD0426,Forfait Migration Donnees,Data Engineering,34371.65,TND,PF-8161-ZF,SUP0017,Hour,2020-08-13
PRD0427,Audit Securite SI standard,Cybersecurite,17934.51,TND,FD-3742-EW,SUP0042,Pack,2022-02-14
PRD0428,Licence Microsoft 365 Business Premium,Productivite,2078.67,TND,HF-2927-ZT,SUP0113,Year,2021-12-11
PRD0429,Licence Salesforce Sales Cloud,CRM et Licences,6041.45,TND,IM-9132-GL,SUP0029,Hour,2021-02-27
PRD0430,Forfait Migration Donnees,Data Engineering,34131.43,TND,AR-8361-JS,SUP0021,Month,2019-11-13
PRD0431,Serveur Dell PowerEdge R760,Materiel Informatique,15630.28,TND,QD-4482-WN,SUP0111,Month,2019-12-04
PRD0432,Abonnement Datadog pro annuel,Monitoring,7446.08,TND,LL-4530-PF,SUP0002,Pack,2021-01-07
PRD0433,Formation SAP Certifiante 5 jours,Formation,4014.78,TND,RA-7591-KZ,SUP0005,Pack,2022-01-17
PRD0434,Formation Data Science 3 jours,Formation,3350.62,TND,GX-4368-ZN,SUP0094,Pack,2022-03-30
PRD0435,Abonnement Datadog pro annuel,Monitoring,8092.03,TND,RZ-8094-JE,SUP0034,License,2019-08-31
PRD0436,Audit Securite SI standard,Cybersecurite,16533.81,TND,MR-8763-TA,SUP0072,Year,2020-04-06
PRD0437,Licence GitLab Ultimate annuel,Dev Tools,5516.4,TND,CR-6538-PY,SUP0095,Month,2022-07-04
PRD0438,Support et Maintenance Tiers 2 annuel,Maintenance,13915.63,TND,BG-4233-XF,SUP0110,Hour,2020-02-01
PRD0439,Abonnement Datadog pro annuel,Monitoring,7346.77,TND,ML-9514-MM,SUP0073,License,2021-01-09
PRD0440,Licence ServiceNow ITSM annuel,ITSM Platform,26741.85,TND,UC-5208-ZB,SUP0045,License,2022-02-11
PRD0441,Abonnement Datadog pro annuel,Monitoring,7764.49,TND,HL-9050-WE,SUP0078,Month,2019-01-27
PRD0442,Journee Conseil Junior,Conseil et Prestation,669.53,TND,WA-2228-CP,SUP0043,Pack,2021-12-12
PRD0443,Abonnement Datadog pro annuel,Monitoring,8938.28,TND,FZ-9182-QT,SUP0034,Month,2022-05-21
PRD0444,Licence Microsoft 365 Business Premium,Productivite,2084.19,TND,NK-7299-UX,SUP0033,Hour,2022-12-12
PRD0445,Serveur Dell PowerEdge R760,Materiel Informatique,15956.56,TND,ZR-2467-IX,SUP0029,Month,2022-09-16
PRD0446,Forfait Architecture Cloud AWS,Cloud Services,33284.18,TND,OM-4787-KE,SUP0005,Month,2022-10-15
PRD0447,Abonnement Datadog pro annuel,Monitoring,8126.64,TND,TL-8083-HR,SUP0008,Pack,2021-11-08
PRD0448,Licence Microsoft 365 Business Premium,Productivite,2483.24,TND,EG-6948-QM,SUP0086,Year,2021-01-15
PRD0449,Licence GitLab Ultimate annuel,Dev Tools,5600.01,TND,FT-9010-MD,SUP0088,Pack,2020-09-23
PRD0450,Pentest Application Web,Cybersecurite,10541.44,TND,RF-3996-SW,SUP0001,Month,2021-05-18
PRD0451,Licence Power BI Premium,Data et Analytics,4620.11,TND,RW-7882-TA,SUP0097,Month,2020-12-03
PRD0452,Abonnement Datadog pro annuel,Monitoring,6821.28,TND,NZ-8845-WV,SUP0107,Month,2020-08-23
PRD0453,Abonnement Datadog pro annuel,Monitoring,8837.49,TND,WH-9129-BJ,SUP0020,Hour,2021-03-21
PRD0454,Abonnement Datadog pro annuel,Monitoring,6544.79,TND,TJ-7450-VU,SUP0095,Pack,2021-11-27
PRD0455,Licence Power BI Premium,Data et Analytics,4359.74,TND,QV-5343-ZT,SUP0045,Pack,2022-07-10
PRD0456,Licence ServiceNow ITSM annuel,ITSM Platform,26955.79,TND,GI-1591-SD,SUP0004,Pack,2020-05-09
PRD0457,Formation Data Science 3 jours,Formation,2405.38,TND,AS-9588-PI,SUP0030,Year,2022-07-01
PRD0458,Journee Conseil Junior,Conseil et Prestation,789.78,TND,LV-5581-OY,SUP0099,Hour,2021-12-11
PRD0459,Support et Maintenance Tiers 2 annuel,Maintenance,16488.78,TND,FN-7601-PE,SUP0078,Each,2020-05-22
PRD0460,Parefeu Palo Alto PA-3430,Cybersecurite,38402.7,TND,TB-5533-VA,SUP0029,Hour,2020-03-04
PRD0461,Stockage NAS NetApp AFF A400,Stockage,56638.32,TND,JS-7329-FV,SUP0091,Pack,2019-03-02
PRD0462,Abonnement Datadog pro annuel,Monitoring,8130.3,TND,WK-9462-FN,SUP0081,Month,2021-06-03
PRD0463,Formation Data Science 3 jours,Formation,3306.96,TND,KH-7996-GZ,SUP0101,Hour,2021-06-03
PRD0464,Support et Maintenance Tiers 2 annuel,Maintenance,17883.24,TND,YX-4220-VO,SUP0061,Pack,2019-08-17
PRD0465,Formation SAP Certifiante 5 jours,Formation,5165.33,TND,ST-5647-VB,SUP0113,Each,2019-02-13
PRD0466,Journee Conseil Senior,Conseil et Prestation,1339.77,TND,MN-6372-CH,SUP0067,Pack,2022-04-27
PRD0467,Formation SAP Certifiante 5 jours,Formation,4379.02,TND,FF-4867-WA,SUP0012,Pack,2020-05-30
PRD0468,Licence Microsoft 365 Business Premium,Productivite,2489.05,TND,RH-8750-NF,SUP0044,Each,2020-12-05
PRD0469,Licence ServiceNow ITSM annuel,ITSM Platform,22348.31,TND,MS-9648-ML,SUP0061,Each,2021-09-11
PRD0470,Stockage NAS NetApp AFF A400,Stockage,46320.11,TND,OY-3620-PG,SUP0093,Hour,2019-07-14
PRD0471,Licence Microsoft 365 Business Premium,Productivite,2580.76,TND,MG-9534-ZY,SUP0014,Year,2020-02-29
PRD0472,Journee Conseil Junior,Conseil et Prestation,679.72,TND,LI-9274-UA,SUP0075,Each,2019-04-02
PRD0473,Licence GitLab Ultimate annuel,Dev Tools,6416.17,TND,XV-5379-BA,SUP0059,Month,2020-02-24
PRD0474,Licence Microsoft 365 Business Premium,Productivite,2529.01,TND,NG-4215-UF,SUP0067,Pack,2021-08-05
PRD0475,Forfait Migration Donnees,Data Engineering,26833.22,TND,RR-1118-WW,SUP0080,License,2021-09-08
PRD0476,Forfait Architecture Cloud AWS,Cloud Services,42662.48,TND,EW-9291-GR,SUP0050,Pack,2020-05-18
PRD0477,Licence SAP S4HANA par utilisateur,ERP et Licences,12099.79,TND,IQ-5374-YZ,SUP0114,Each,2022-02-02
PRD0478,Parefeu Palo Alto PA-3430,Cybersecurite,33624.68,TND,ZP-1392-FE,SUP0081,Each,2021-08-02
PRD0479,Licence Microsoft 365 Business Premium,Productivite,2403.86,TND,VE-1886-DJ,SUP0027,Year,2019-03-19
PRD0480,Licence Microsoft 365 Business Premium,Productivite,2315.37,TND,KF-1349-YV,SUP0022,License,2021-01-03
PRD0481,Licence Power BI Premium,Data et Analytics,5339.53,TND,ZA-2922-UH,SUP0102,Each,2020-01-04
PRD0482,Journee Conseil Senior,Conseil et Prestation,1193.29,TND,DW-6853-FO,SUP0118,Pack,2019-01-09
PRD0483,Switch Cisco Catalyst 9300,Reseau,8005.22,TND,RN-1638-TS,SUP0050,Month,2019-09-16
PRD0484,Forfait Architecture Cloud AWS,Cloud Services,39616.93,TND,UA-4891-XB,SUP0045,Pack,2021-12-22
PRD0485,Abonnement Datadog pro annuel,Monitoring,8692.15,TND,NL-8953-PX,SUP0076,Month,2019-11-04
PRD0486,Support et Maintenance Tiers 2 annuel,Maintenance,12376.86,TND,RG-2719-JC,SUP0021,Hour,2019-10-25
PRD0487,Stockage NAS NetApp AFF A400,Stockage,58567.98,TND,LH-3154-PW,SUP0013,Month,2020-12-04
PRD0488,Licence GitLab Ultimate annuel,Dev Tools,5335.74,TND,MK-9648-UR,SUP0011,Pack,2020-11-24
PRD0489,Formation Data Science 3 jours,Formation,3183.42,TND,NO-6379-VG,SUP0065,Hour,2021-03-04
PRD0490,Formation Data Science 3 jours,Formation,2800.05,TND,VT-9396-OP,SUP0015,Year,2020-10-28
PRD0491,Licence Microsoft 365 Business Premium,Productivite,1925.94,TND,GK-5759-BX,SUP0004,Hour,2021-04-25
PRD0492,Forfait Migration Donnees,Data Engineering,27257.69,TND,JS-4446-JI,SUP0066,Each,2019-05-07
PRD0493,Licence SAP S4HANA par utilisateur,ERP et Licences,10763.33,TND,DL-6402-HT,SUP0058,Year,2021-10-14
PRD0494,Licence ServiceNow ITSM annuel,ITSM Platform,23490.35,TND,EH-2924-DN,SUP0019,Pack,2022-04-16
PRD0495,Forfait Architecture Cloud AWS,Cloud Services,41101.31,TND,BM-5669-WX,SUP0077,Pack,2022-01-26
PRD0496,Serveur Dell PowerEdge R760,Materiel Informatique,18500.28,TND,MG-2728-LD,SUP0087,Month,2020-11-29
PRD0497,Journee Conseil Senior,Conseil et Prestation,1416.07,TND,EJ-4620-IA,SUP0022,Hour,2021-06-01
PRD0498,Forfait Architecture Cloud AWS,Cloud Services,33646.92,TND,AH-3537-XZ,SUP0063,License,2022-10-23
PRD0499,Licence Power BI Premium,Data et Analytics,5699.98,TND,BH-7026-YS,SUP0026,Pack,2019-07-31
PRD0500,Journee Conseil Senior,Conseil et Prestation,1412.14,TND,BI-6972-IG,SUP0038,Pack,2020-12-29
