"  erp_inventory  ·  1,500 lignes  ·  7 colonnes",Unnamed: 1,Unnamed: 2,Unnamed: 3,Unnamed: 4,Unnamed: 5,Unnamed: 6
inventory_id,product_id,warehouse_location,stock_quantity,reorder_level,unit_cost,last_updated
INVI00001,PRD0319,Milan-North,2978,286,17416.96,2023-07-11
INVI00002,PRD0491,Frankfurt-Main,3473,192,38253.33,2024-11-10
INVI00003,PRD0110,Amsterdam-Port,3055,253,38804.14,2024-11-04
INVI00004,PRD0248,New York-NJ,3397,180,2177.66,2024-09-19
INVI00005,PRD0183,Paris-CDG,2470,255,29757.85,2023-04-04
INVI00006,PRD0016,Dubai-Jebel Ali,3419,244,28707.22,2023-10-28
INVI00007,PRD0103,Frankfurt-Main,3880,72,14834.86,2023-12-04
INVI00008,PRD0349,Singapore-Hub,4580,132,30643.03,2023-04-06
INVI00009,PRD0321,Zurich-Center,3742,199,9275.91,2024-02-05
INVI00010,PRD0285,New York-NJ,378,249,37526.42,2024-11-29
INVI00011,PRD0495,Amsterdam-Port,561,221,27205.22,2023-02-06
INVI00012,PRD0269,Zurich-Center,4240,179,21861.94,2024-10-23
INVI00013,PRD0348,Paris-CDG,720,58,14754.78,2024-07-19
INVI00014,PRD0101,Zurich-Center,641,73,4338.91,2023-07-29
INVI00015,PRD0089,Paris-CDG,1325,153,11415.72,2023-02-03
INVI00016,PRD0313,Amsterdam-Port,1944,231,8701,2024-08-07
INVI00017,PRD0222,Amsterdam-Port,4094,200,1721.75,2023-01-03
INVI00018,PRD0341,Amsterdam-Port,4451,193,25458.53,2024-06-15
INVI00019,PRD0087,Frankfurt-Main,4584,186,24605.23,2024-06-24
INVI00020,PRD0153,Madrid-Central,3684,183,3991.6,2024-02-27
INVI00021,PRD0396,Singapore-Hub,3541,153,9953.66,2023-10-07
INVI00022,PRD0451,London-Heathrow,64,189,9318.77,2024-06-08
INVI00023,PRD0359,Frankfurt-Main,1520,125,7470.19,2024-02-19
INVI00024,PRD0223,Madrid-Central,3938,121,5972.99,2024-02-27
INVI00025,PRD0158,Madrid-Central,245,115,18534.74,2024-07-26
INVI00026,PRD0100,London-Heathrow,4054,203,32820.83,2024-02-21
INVI00027,PRD0123,Singapore-Hub,4865,250,26055.17,2024-06-14
INVI00028,PRD0048,Dubai-Jebel Ali,3886,163,32995.06,2023-11-06
INVI00029,PRD0140,Zurich-Center,4640,93,12457.78,2024-06-23
INVI00030,PRD0229,Frankfurt-Main,2506,288,37995.91,2024-01-29
INVI00031,PRD0418,Zurich-Center,1779,253,22770.09,2024-12-21
INVI00032,PRD0172,Amsterdam-Port,752,257,13094.92,2024-03-23
INVI00033,PRD0207,Madrid-Central,1181,100,24609.7,2023-01-11
INVI00034,PRD0483,London-Heathrow,3103,252,31761.16,2023-01-12
INVI00035,PRD0434,Dubai-Jebel Ali,4631,256,15013.75,2024-08-26
INVI00036,PRD0199,New York-NJ,3426,220,39840.07,2024-06-15
INVI00037,PRD0033,Frankfurt-Main,4405,96,33594.49,2024-08-13
INVI00038,PRD0401,London-Heathrow,1990,220,30889,2024-10-07
INVI00039,PRD0500,London-Heathrow,2181,148,22416.19,2023-05-21
INVI00040,PRD0096,Paris-CDG,1855,169,8327.39,2024-05-12
INVI00041,PRD0362,Dubai-Jebel Ali,2210,63,39250.31,2024-11-22
INVI00042,PRD0365,Frankfurt-Main,1669,181,16558.68,2023-11-05
INVI00043,PRD0362,Dubai-Jebel Ali,2676,176,20067.69,2023-02-22
INVI00044,PRD0476,Madrid-Central,2700,133,23373.18,2024-12-03
INVI00045,PRD0410,Milan-North,3681,219,15987.79,2024-11-13
INVI00046,PRD0470,Milan-North,3771,178,15427.21,2024-11-24
INVI00047,PRD0002,Paris-CDG,2888,136,2702.81,2023-05-15
INVI00048,PRD0470,New York-NJ,3923,216,16985.48,2024-10-16
INVI00049,PRD0131,Zurich-Center,2162,104,38725.25,2023-08-18
INVI00050,PRD0085,Singapore-Hub,298,144,16455.25,2023-09-19
INVI00051,PRD0493,New York-NJ,2909,99,35314.76,2023-09-17
INVI00052,PRD0091,Paris-CDG,503,124,6054,2024-12-02
INVI00053,PRD0262,New York-NJ,3629,114,18247.41,2023-04-13
INVI00054,PRD0444,Milan-North,1124,62,9997.42,2023-03-26
INVI00055,PRD0324,Zurich-Center,759,196,38841.03,2023-12-22
INVI00056,PRD0344,Paris-CDG,2787,154,14975.17,2023-04-14
INVI00057,PRD0121,Amsterdam-Port,2593,275,34091.66,2023-11-24
INVI00058,PRD0026,Dubai-Jebel Ali,717,210,10539.19,2023-07-12
INVI00059,PRD0468,London-Heathrow,1522,231,22514.93,2024-05-02
INVI00060,PRD0461,New York-NJ,3364,231,39804.23,2023-07-10
INVI00061,PRD0438,Singapore-Hub,4841,227,28672.25,2023-10-13
INVI00062,PRD0066,Amsterdam-Port,1674,190,3849.63,2024-02-16
INVI00063,PRD0021,Dubai-Jebel Ali,634,238,32942.49,2023-02-14
INVI00064,PRD0020,Milan-North,1237,82,24133.49,2024-06-25
INVI00065,PRD0137,Milan-North,3761,280,33546.94,2023-10-30
INVI00066,PRD0298,New York-NJ,2964,208,23951.95,2023-12-08
INVI00067,PRD0434,London-Heathrow,3875,54,28137.55,2023-12-26
INVI00068,PRD0316,Zurich-Center,3516,74,38299.98,2023-10-24
INVI00069,PRD0111,Milan-North,4127,260,7765.75,2023-11-16
INVI00070,PRD0483,Paris-CDG,3964,172,29268.3,2024-01-11
INVI00071,PRD0064,Amsterdam-Port,328,159,3090.89,2024-09-01
INVI00072,PRD0385,London-Heathrow,1146,77,16070.11,2024-08-24
INVI00073,PRD0234,Madrid-Central,2778,255,37435.78,2024-04-15
INVI00074,PRD0057,Madrid-Central,3661,111,38657.74,2023-06-08
INVI00075,PRD0023,Madrid-Central,2013,71,24391.37,2024-03-30
INVI00076,PRD0145,Amsterdam-Port,712,95,16562.44,2024-02-26
INVI00077,PRD0180,New York-NJ,354,94,8882.12,2024-02-16
INVI00078,PRD0045,New York-NJ,2914,136,20417.5,2024-03-04
INVI00079,PRD0391,London-Heathrow,2052,166,13048.01,2023-12-13
INVI00080,PRD0077,New York-NJ,3742,290,5571.06,2023-02-25
INVI00081,PRD0346,Amsterdam-Port,3319,211,35668.05,2023-02-28
INVI00082,PRD0074,Singapore-Hub,2572,78,328.5,2023-12-31
INVI00083,PRD0463,New York-NJ,4504,174,1685.94,2024-08-15
INVI00084,PRD0002,Milan-North,3787,294,3059.09,2023-03-14
INVI00085,PRD0498,London-Heathrow,681,228,20911.55,2024-01-28
INVI00086,PRD0233,Zurich-Center,1659,257,7225.53,2023-09-04
INVI00087,PRD0187,Amsterdam-Port,4705,255,9200.86,2024-12-13
INVI00088,PRD0471,Amsterdam-Port,136,211,34604.26,2023-10-07
INVI00089,PRD0272,Madrid-Central,4773,229,12800.48,2023-03-25
INVI00090,PRD0446,New York-NJ,2710,171,32711.63,2024-03-28
INVI00091,PRD0298,Madrid-Central,1542,87,34430.23,2024-12-24
INVI00092,PRD0271,Amsterdam-Port,262,87,10870.96,2024-02-10
INVI00093,PRD0350,Madrid-Central,3377,241,21142.26,2023-12-09
INVI00094,PRD0322,Milan-North,904,196,1001.5,2023-02-05
INVI00095,PRD0156,Frankfurt-Main,530,132,28409.59,2024-07-11
INVI00096,PRD0259,Paris-CDG,2589,75,2015.15,2023-08-15
INVI00097,PRD0098,Madrid-Central,3205,248,14613.69,2023-09-11
INVI00098,PRD0115,New York-NJ,1663,245,9539.88,2023-11-20
INVI00099,PRD0247,Milan-North,2479,99,18629.18,2023-02-24
INVI00100,PRD0002,Zurich-Center,4425,280,11286.7,2024-02-20
INVI00101,PRD0395,Madrid-Central,1911,165,37164.46,2023-02-03
INVI00102,PRD0328,London-Heathrow,785,251,18507.64,2023-10-04
INVI00103,PRD0226,Paris-CDG,911,259,7373.77,2024-12-21
INVI00104,PRD0359,Zurich-Center,1389,191,35942.94,2023-08-18
INVI00105,PRD0442,Amsterdam-Port,4631,240,18838.62,2024-04-04
INVI00106,PRD0329,Dubai-Jebel Ali,3064,147,21176.86,2024-04-09
INVI00107,PRD0194,Zurich-Center,3640,145,1491.67,2024-09-10
INVI00108,PRD0049,Singapore-Hub,1939,297,27583.1,2024-07-30
INVI00109,PRD0123,Paris-CDG,566,64,27431.54,2024-01-07
INVI00110,PRD0457,Zurich-Center,687,248,15149.39,2024-07-15
INVI00111,PRD0097,Amsterdam-Port,603,174,23562.54,2024-01-20
INVI00112,PRD0148,Singapore-Hub,228,182,24094.28,2023-09-21
INVI00113,PRD0371,Madrid-Central,353,148,14028.41,2024-10-06
INVI00114,PRD0152,Milan-North,1222,300,29607.23,2024-08-07
INVI00115,PRD0104,Milan-North,3826,55,26564.59,2024-01-27
INVI00116,PRD0443,Milan-North,54,197,10453.17,2023-07-04
INVI00117,PRD0446,Paris-CDG,3841,187,35231.83,2023-11-25
INVI00118,PRD0218,London-Heathrow,1493,165,4444.16,2024-11-08
INVI00119,PRD0420,London-Heathrow,3364,56,30408.28,2024-10-08
INVI00120,PRD0337,New York-NJ,531,81,22453.3,2024-06-08
INVI00121,PRD0441,Paris-CDG,962,56,39594.58,2023-08-14
INVI00122,PRD0224,Paris-CDG,4813,216,2738.77,2023-10-13
INVI00123,PRD0433,Zurich-Center,28,258,22238.77,2024-10-31
INVI00124,PRD0240,Paris-CDG,401,273,7868.26,2023-05-20
INVI00125,PRD0256,New York-NJ,1376,185,984.45,2024-11-15
INVI00126,PRD0342,Dubai-Jebel Ali,3783,169,32934.76,2024-05-22
INVI00127,PRD0402,Paris-CDG,693,121,26847.56,2024-04-20
INVI00128,PRD0069,New York-NJ,4149,83,35240.03,2023-04-13
INVI00129,PRD0054,Zurich-Center,2751,159,25906.23,2024-09-06
INVI00130,PRD0466,New York-NJ,2506,161,1146.29,2024-05-17
INVI00131,PRD0231,Amsterdam-Port,2604,296,23793.15,2024-02-04
INVI00132,PRD0357,Zurich-Center,918,201,32701.07,2023-06-02
INVI00133,PRD0019,Milan-North,984,298,8202,2024-02-15
INVI00134,PRD0123,Zurich-Center,3764,254,11306.72,2024-06-27
INVI00135,PRD0401,Zurich-Center,1431,140,1814.45,2024-05-22
INVI00136,PRD0183,Frankfurt-Main,3476,169,29885.36,2024-06-21
INVI00137,PRD0214,Singapore-Hub,1549,142,21662.77,2024-07-18
INVI00138,PRD0067,Frankfurt-Main,4014,236,19875.57,2024-06-05
INVI00139,PRD0231,Madrid-Central,4088,165,24296.37,2024-01-18
INVI00140,PRD0443,Zurich-Center,2728,217,22011.64,2023-08-10
INVI00141,PRD0275,Amsterdam-Port,3054,148,24184.33,2024-08-27
INVI00142,PRD0241,Frankfurt-Main,1453,139,5800.92,2023-02-06
INVI00143,PRD0432,Frankfurt-Main,1639,65,27887.19,2023-09-18
INVI00144,PRD0219,Zurich-Center,1008,88,15273.32,2024-05-17
INVI00145,PRD0058,Zurich-Center,729,195,16820.74,2024-08-22
INVI00146,PRD0295,Amsterdam-Port,1727,144,9574.24,2023-02-08
INVI00147,PRD0109,Frankfurt-Main,2009,245,22213.42,2024-07-24
INVI00148,PRD0111,Paris-CDG,2629,214,15744.73,2023-05-16
INVI00149,PRD0264,Singapore-Hub,3063,109,9432.16,2023-12-06
INVI00150,PRD0092,New York-NJ,1406,63,5447.34,2024-11-22
INVI00151,PRD0142,Dubai-Jebel Ali,4021,114,19212.58,2023-05-07
INVI00152,PRD0059,London-Heathrow,4575,90,16141.17,2024-11-11
INVI00153,PRD0302,Amsterdam-Port,2378,240,14748.23,2024-04-07
INVI00154,PRD0119,Zurich-Center,1353,254,5118.84,2024-08-15
INVI00155,PRD0114,Frankfurt-Main,3608,215,18414.4,2024-03-17
INVI00156,PRD0172,Paris-CDG,2001,195,26047.89,2024-12-03
INVI00157,PRD0370,Singapore-Hub,3059,264,30326.25,2024-10-25
INVI00158,PRD0029,Milan-North,2667,297,19304.57,2024-11-07
INVI00159,PRD0254,Singapore-Hub,4608,70,18358.03,2023-07-28
INVI00160,PRD0038,London-Heathrow,2467,104,12086.34,2023-11-23
INVI00161,PRD0106,Milan-North,2028,178,37001.2,2023-03-20
INVI00162,PRD0036,Milan-North,4054,140,1285.67,2024-08-24
INVI00163,PRD0073,Singapore-Hub,1293,62,24763.66,2024-06-11
INVI00164,PRD0018,Amsterdam-Port,3117,201,28079.14,2024-01-18
INVI00165,PRD0231,Milan-North,3421,97,35284.78,2023-09-20
INVI00166,PRD0101,Amsterdam-Port,4723,75,16289.33,2024-01-22
INVI00167,PRD0456,Singapore-Hub,39,256,20843.75,2023-11-19
INVI00168,PRD0167,Paris-CDG,3274,196,30365.5,2023-08-22
INVI00169,PRD0397,Zurich-Center,2233,118,32078.58,2023-03-03
INVI00170,PRD0403,Frankfurt-Main,128,126,5853.36,2024-05-13
INVI00171,PRD0400,Zurich-Center,3882,116,24896.91,2023-12-24
INVI00172,PRD0143,Zurich-Center,1230,79,36834.48,2023-01-02
INVI00173,PRD0055,Dubai-Jebel Ali,581,179,21836.99,2024-10-17
INVI00174,PRD0315,New York-NJ,930,104,38376.22,2024-10-04
INVI00175,PRD0301,Amsterdam-Port,3028,164,38845.8,2023-11-25
INVI00176,PRD0108,Dubai-Jebel Ali,2512,253,20121.83,2024-10-11
INVI00177,PRD0040,Frankfurt-Main,730,133,28671.25,2023-02-08
INVI00178,PRD0438,Amsterdam-Port,2454,167,14789.86,2023-02-24
INVI00179,PRD0330,Frankfurt-Main,3375,123,33665.68,2024-12-04
INVI00180,PRD0083,New York-NJ,1534,127,33290.15,2023-12-09
INVI00181,PRD0466,Milan-North,2325,156,39565.93,2023-01-04
INVI00182,PRD0467,London-Heathrow,1011,262,9235.98,2024-12-27
INVI00183,PRD0129,New York-NJ,1389,86,26551.18,2024-08-06
INVI00184,PRD0146,Paris-CDG,4015,264,34406.66,2024-03-31
INVI00185,PRD0127,Madrid-Central,1876,120,15409.15,2023-03-05
INVI00186,PRD0471,Zurich-Center,2789,263,37048.78,2024-04-28
INVI00187,PRD0351,Paris-CDG,414,156,2047.94,2023-09-13
INVI00188,PRD0475,Zurich-Center,4304,268,39411.6,2023-02-22
INVI00189,PRD0227,Zurich-Center,2928,77,15659.49,2023-12-12
INVI00190,PRD0069,Frankfurt-Main,2127,211,30506.55,2023-03-29
INVI00191,PRD0379,London-Heathrow,3,283,6834.87,2023-10-26
INVI00192,PRD0325,Frankfurt-Main,3994,136,15986.41,2024-01-28
INVI00193,PRD0264,Paris-CDG,4975,136,17456.18,2024-11-11
INVI00194,PRD0425,Frankfurt-Main,4331,237,38171.69,2023-12-10
INVI00195,PRD0139,Frankfurt-Main,1570,105,26970.97,2024-03-21
INVI00196,PRD0201,Milan-North,101,85,20725.19,2024-09-03
INVI00197,PRD0410,Frankfurt-Main,2693,281,17255.16,2023-11-24
INVI00198,PRD0283,Frankfurt-Main,3598,215,24512.72,2024-11-13
INVI00199,PRD0192,Singapore-Hub,4495,93,22641.47,2024-12-21
INVI00200,PRD0169,London-Heathrow,2490,201,7147.69,2023-03-29
INVI00201,PRD0417,Zurich-Center,951,214,27429.24,2024-10-28
INVI00202,PRD0145,London-Heathrow,4672,199,36421.33,2023-10-04
INVI00203,PRD0258,Frankfurt-Main,2377,78,11384.06,2023-03-28
INVI00204,PRD0111,Dubai-Jebel Ali,2964,227,28136.83,2024-08-14
INVI00205,PRD0298,Amsterdam-Port,4755,80,11394.7,2023-06-22
INVI00206,PRD0212,Milan-North,1260,51,36232.47,2023-06-16
INVI00207,PRD0421,Paris-CDG,885,165,12092.79,2023-02-13
INVI00208,PRD0078,Paris-CDG,4145,215,12122.99,2023-11-11
INVI00209,PRD0224,Zurich-Center,4122,181,38415.05,2024-02-05
INVI00210,PRD0207,Milan-North,2435,189,2982.63,2024-07-09
INVI00211,PRD0076,Singapore-Hub,1528,290,31975.61,2023-05-08
INVI00212,PRD0127,New York-NJ,3744,277,26727.63,2024-09-13
INVI00213,PRD0488,Frankfurt-Main,3410,129,38264.54,2024-12-11
INVI00214,PRD0328,Zurich-Center,1013,282,38667.21,2023-07-15
INVI00215,PRD0408,London-Heathrow,931,193,26192.16,2023-04-08
INVI00216,PRD0051,Amsterdam-Port,504,182,12599.52,2023-05-21
INVI00217,PRD0112,Frankfurt-Main,2943,153,33156.28,2024-06-30
INVI00218,PRD0393,London-Heathrow,1931,124,7337.57,2023-09-14
INVI00219,PRD0479,Paris-CDG,1027,87,35258.69,2023-09-15
INVI00220,PRD0203,London-Heathrow,3219,172,33348.56,2024-10-06
INVI00221,PRD0125,London-Heathrow,82,85,12539.13,2023-09-17
INVI00222,PRD0082,Amsterdam-Port,4398,158,17651.64,2023-02-10
INVI00223,PRD0417,Singapore-Hub,3883,148,1204.92,2023-05-18
INVI00224,PRD0317,Amsterdam-Port,4833,242,21419.81,2024-10-17
INVI00225,PRD0362,New York-NJ,3236,282,18801.24,2023-02-23
INVI00226,PRD0498,Dubai-Jebel Ali,4089,174,34533.06,2023-03-18
INVI00227,PRD0021,Singapore-Hub,2769,95,31743.8,2024-12-05
INVI00228,PRD0027,Paris-CDG,1975,263,8762.14,2023-02-06
INVI00229,PRD0452,Milan-North,598,54,27523.14,2024-09-04
INVI00230,PRD0366,Singapore-Hub,1184,122,31935.19,2023-05-21
INVI00231,PRD0177,Madrid-Central,1497,160,13867.28,2023-03-08
INVI00232,PRD0224,Dubai-Jebel Ali,4854,221,8310.56,2023-07-02
INVI00233,PRD0249,New York-NJ,1916,198,22045.3,2024-12-17
INVI00234,PRD0095,Amsterdam-Port,4551,218,4153.85,2024-07-18
INVI00235,PRD0087,Dubai-Jebel Ali,4723,98,36315.27,2024-10-25
INVI00236,PRD0099,London-Heathrow,3763,190,26043.38,2024-06-12
INVI00237,PRD0011,Singapore-Hub,325,120,7242.21,2023-08-26
INVI00238,PRD0181,Singapore-Hub,1892,70,20852.15,2024-09-08
INVI00239,PRD0189,Zurich-Center,1927,68,32828.33,2024-03-12
INVI00240,PRD0350,Zurich-Center,4859,97,26985,2024-10-28
INVI00241,PRD0098,Milan-North,2043,129,28290.21,2023-02-28
INVI00242,PRD0178,Paris-CDG,3844,268,39866.47,2023-01-04
INVI00243,PRD0254,Singapore-Hub,3071,51,28934.11,2024-07-18
INVI00244,PRD0471,Madrid-Central,4639,122,26351.73,2024-09-16
INVI00245,PRD0314,New York-NJ,1620,250,13873.19,2024-01-22
INVI00246,PRD0259,New York-NJ,3396,82,30752.5,2023-09-01
INVI00247,PRD0280,Paris-CDG,2665,283,23160.46,2023-03-16
INVI00248,PRD0313,Madrid-Central,4525,121,29599.12,2023-10-12
INVI00249,PRD0384,London-Heathrow,1334,280,14844.08,2023-12-07
INVI00250,PRD0173,Frankfurt-Main,1606,259,33847.38,2023-07-13
INVI00251,PRD0363,Paris-CDG,2682,206,2711.49,2023-10-29
INVI00252,PRD0050,Zurich-Center,3387,103,26384.7,2023-12-29
INVI00253,PRD0057,Frankfurt-Main,212,202,16440.63,2023-11-13
INVI00254,PRD0176,Frankfurt-Main,1887,300,34425.28,2024-03-15
INVI00255,PRD0118,New York-NJ,2912,237,24224.14,2023-12-10
INVI00256,PRD0376,Paris-CDG,2062,66,19659.63,2024-05-23
INVI00257,PRD0453,London-Heathrow,1152,110,10447.38,2024-03-05
INVI00258,PRD0444,Singapore-Hub,4115,251,32397.44,2023-02-10
INVI00259,PRD0364,Amsterdam-Port,1413,105,25339.37,2024-07-12
INVI00260,PRD0058,London-Heathrow,4226,70,17665.11,2024-06-22
INVI00261,PRD0418,Zurich-Center,4671,242,9217.78,2023-11-11
INVI00262,PRD0346,Singapore-Hub,2622,274,5578.34,2023-05-03
INVI00263,PRD0037,London-Heathrow,3614,241,12700.61,2024-08-18
INVI00264,PRD0217,Amsterdam-Port,4079,278,32673.37,2023-03-14
INVI00265,PRD0045,Madrid-Central,4967,265,38159.78,2023-09-02
INVI00266,PRD0054,Paris-CDG,4383,178,16121.94,2023-09-04
INVI00267,PRD0028,New York-NJ,2738,250,38843.86,2023-09-23
INVI00268,PRD0345,Paris-CDG,219,110,32565.28,2024-06-29
INVI00269,PRD0049,Dubai-Jebel Ali,153,112,28205.27,2023-11-01
INVI00270,PRD0281,Milan-North,759,223,1516.63,2023-02-15
INVI00271,PRD0067,Frankfurt-Main,4102,89,12195.97,2024-12-24
INVI00272,PRD0130,Paris-CDG,4456,72,17920.62,2023-05-18
INVI00273,PRD0266,Madrid-Central,3462,66,16995.98,2024-07-17
INVI00274,PRD0241,Dubai-Jebel Ali,3650,214,31705.77,2023-07-16
INVI00275,PRD0095,Frankfurt-Main,2306,195,24271.16,2024-05-04
INVI00276,PRD0442,Paris-CDG,1717,220,5151.8,2023-01-22
INVI00277,PRD0144,Amsterdam-Port,2550,220,19833.11,2023-08-07
INVI00278,PRD0371,Amsterdam-Port,2513,128,5205.78,2023-02-14
INVI00279,PRD0211,Milan-North,543,272,1818.48,2023-01-22
INVI00280,PRD0151,New York-NJ,15,66,499.24,2023-10-27
INVI00281,PRD0057,Amsterdam-Port,999,110,13462.4,2023-12-08
INVI00282,PRD0492,Singapore-Hub,4679,127,5343.66,2024-04-28
INVI00283,PRD0390,London-Heathrow,1047,223,9296.22,2024-01-01
INVI00284,PRD0217,Singapore-Hub,1068,218,3421.75,2024-01-22
INVI00285,PRD0407,Frankfurt-Main,4282,254,30575.62,2024-07-26
INVI00286,PRD0482,Zurich-Center,4540,177,28618.27,2024-04-09
INVI00287,PRD0252,New York-NJ,3900,238,17529.42,2024-01-15
INVI00288,PRD0443,Frankfurt-Main,1783,178,19225.71,2024-11-03
INVI00289,PRD0040,London-Heathrow,1745,205,21491.05,2024-06-29
INVI00290,PRD0498,Zurich-Center,1828,207,18269.73,2024-10-13
INVI00291,PRD0410,London-Heathrow,341,121,20277.02,2023-08-19
INVI00292,PRD0020,Madrid-Central,2959,79,23485.41,2023-11-23
INVI00293,PRD0175,Dubai-Jebel Ali,3357,287,20402.04,2023-03-28
INVI00294,PRD0331,Singapore-Hub,1829,121,4556.5,2024-07-22
INVI00295,PRD0461,Paris-CDG,4084,296,38979.74,2024-11-04
INVI00296,PRD0207,Madrid-Central,328,113,25062.61,2023-04-20
INVI00297,PRD0179,Singapore-Hub,2613,180,13271.43,2023-07-17
INVI00298,PRD0465,Zurich-Center,868,246,39378.69,2024-10-14
INVI00299,PRD0167,Amsterdam-Port,3205,234,5625.56,2024-01-06
INVI00300,PRD0462,Madrid-Central,2504,203,7664.71,2023-08-30
INVI00301,PRD0299,London-Heathrow,3670,70,26977.4,2023-11-20
INVI00302,PRD0129,Paris-CDG,3363,108,20672.15,2024-03-06
INVI00303,PRD0459,Singapore-Hub,69,85,39085.3,2024-04-24
INVI00304,PRD0494,Frankfurt-Main,2909,100,18356.28,2024-11-03
INVI00305,PRD0143,London-Heathrow,451,225,35815.18,2024-01-03
INVI00306,PRD0350,Milan-North,2757,243,8777.44,2023-11-24
INVI00307,PRD0137,Madrid-Central,295,165,30358.61,2024-06-12
INVI00308,PRD0363,Zurich-Center,3384,166,18730,2024-05-30
INVI00309,PRD0448,Dubai-Jebel Ali,4407,298,32103.7,2023-06-18
INVI00310,PRD0330,London-Heathrow,867,245,37001.08,2023-02-09
INVI00311,PRD0234,London-Heathrow,74,286,11103.73,2024-09-25
INVI00312,PRD0159,Singapore-Hub,557,81,31296,2023-10-30
INVI00313,PRD0207,Frankfurt-Main,3633,143,26753.29,2024-07-04
INVI00314,PRD0355,Paris-CDG,2289,74,37705.58,2023-01-24
INVI00315,PRD0488,Madrid-Central,4521,159,16366.02,2023-03-25
INVI00316,PRD0268,New York-NJ,2106,293,10951.39,2024-03-19
INVI00317,PRD0065,Madrid-Central,2462,260,37889.73,2024-05-24
INVI00318,PRD0031,Madrid-Central,4611,190,16588.83,2023-03-26
INVI00319,PRD0059,Paris-CDG,962,178,18538.17,2023-01-15
INVI00320,PRD0119,Amsterdam-Port,1286,133,18540.49,2023-02-18
INVI00321,PRD0355,Madrid-Central,2406,107,31437.49,2023-01-30
INVI00322,PRD0238,Amsterdam-Port,1102,128,33607.5,2024-11-06
INVI00323,PRD0217,Dubai-Jebel Ali,4639,207,34996.99,2024-11-04
INVI00324,PRD0457,Madrid-Central,4921,257,32438.77,2023-03-03
INVI00325,PRD0387,Amsterdam-Port,467,116,31927.83,2023-08-22
INVI00326,PRD0263,Frankfurt-Main,3801,163,24980.62,2024-05-27
INVI00327,PRD0478,Zurich-Center,4697,86,10459.65,2024-08-10
INVI00328,PRD0083,Madrid-Central,3826,55,11314.75,2024-06-24
INVI00329,PRD0063,Frankfurt-Main,1569,65,3747.92,2024-03-12
INVI00330,PRD0394,Madrid-Central,2007,84,9913.47,2023-09-28
INVI00331,PRD0473,Milan-North,3104,258,14875.99,2024-06-06
INVI00332,PRD0404,Frankfurt-Main,1360,168,14700.81,2023-03-24
INVI00333,PRD0460,Singapore-Hub,465,55,9844.31,2023-09-05
INVI00334,PRD0463,Singapore-Hub,2218,100,29158.91,2023-06-08
INVI00335,PRD0182,New York-NJ,3842,125,1152.81,2024-12-06
INVI00336,PRD0170,Amsterdam-Port,3112,85,12621.79,2024-10-26
INVI00337,PRD0344,London-Heathrow,1683,81,2940.12,2023-12-11
INVI00338,PRD0133,Frankfurt-Main,544,79,23683.07,2023-01-28
INVI00339,PRD0328,London-Heathrow,227,147,482.98,2023-04-15
INVI00340,PRD0127,New York-NJ,4776,102,2129.27,2023-02-03
INVI00341,PRD0185,London-Heathrow,1446,69,39111.28,2023-11-13
INVI00342,PRD0136,London-Heathrow,3472,250,37099.65,2024-10-31
INVI00343,PRD0485,Amsterdam-Port,2994,258,8022.65,2023-09-29
INVI00344,PRD0343,London-Heathrow,2588,248,16988.32,2023-05-07
INVI00345,PRD0427,New York-NJ,890,296,27423.07,2024-11-15
INVI00346,PRD0392,Zurich-Center,4676,233,24452.16,2023-10-04
INVI00347,PRD0377,London-Heathrow,3384,252,28077.02,2024-06-30
INVI00348,PRD0141,Milan-North,2577,103,17554.76,2023-11-21
INVI00349,PRD0275,London-Heathrow,3288,185,5107.55,2024-10-18
INVI00350,PRD0320,Milan-North,491,186,4276.53,2024-09-18
INVI00351,PRD0298,Madrid-Central,257,96,31966.91,2023-05-17
INVI00352,PRD0100,Milan-North,4547,144,23734.61,2023-12-23
INVI00353,PRD0262,Paris-CDG,1689,292,26793.13,2024-10-05
INVI00354,PRD0171,London-Heathrow,4161,182,1229.79,2023-01-29
INVI00355,PRD0475,Singapore-Hub,2589,61,34916.88,2024-11-12
INVI00356,PRD0261,Frankfurt-Main,4799,225,35303.14,2024-10-07
INVI00357,PRD0421,Singapore-Hub,1735,142,10384.7,2023-10-29
INVI00358,PRD0467,London-Heathrow,2933,96,11234.34,2024-12-19
INVI00359,PRD0243,Singapore-Hub,4003,173,10139.42,2023-10-08
INVI00360,PRD0290,New York-NJ,2167,253,23500.27,2023-02-04
INVI00361,PRD0157,New York-NJ,2312,256,2133.73,2024-03-21
INVI00362,PRD0005,New York-NJ,4655,186,34954.11,2023-05-19
INVI00363,PRD0200,Madrid-Central,4475,161,5053.72,2024-11-18
INVI00364,PRD0235,Milan-North,2990,255,8331.55,2024-04-18
INVI00365,PRD0304,Amsterdam-Port,4607,140,36130.43,2023-10-25
INVI00366,PRD0335,New York-NJ,169,199,4045.02,2023-05-05
INVI00367,PRD0012,Madrid-Central,199,169,6303.26,2024-01-05
INVI00368,PRD0130,Milan-North,1622,204,17413.85,2023-04-05
INVI00369,PRD0387,New York-NJ,495,196,33357.79,2024-09-21
INVI00370,PRD0438,Amsterdam-Port,1157,265,25296.68,2023-09-16
INVI00371,PRD0240,Paris-CDG,3607,194,5750.09,2023-05-20
INVI00372,PRD0185,Frankfurt-Main,3906,125,8067.65,2024-12-03
INVI00373,PRD0202,Paris-CDG,1782,83,14881.88,2024-10-26
INVI00374,PRD0423,Amsterdam-Port,4788,126,9876.08,2024-10-11
INVI00375,PRD0306,Dubai-Jebel Ali,4351,116,37910.46,2023-06-08
INVI00376,PRD0236,Dubai-Jebel Ali,4695,141,6228.66,2023-09-06
INVI00377,PRD0219,Frankfurt-Main,4090,201,36414.89,2024-08-06
INVI00378,PRD0213,Madrid-Central,2753,287,31941.57,2024-09-11
INVI00379,PRD0358,Milan-North,2900,265,18267.62,2024-06-03
INVI00380,PRD0449,Frankfurt-Main,1419,164,29010.96,2023-04-22
INVI00381,PRD0253,Madrid-Central,1177,162,29179.31,2024-06-25
INVI00382,PRD0118,London-Heathrow,1188,288,27317.35,2023-01-25
INVI00383,PRD0083,Amsterdam-Port,4912,297,8362.57,2024-11-12
INVI00384,PRD0469,London-Heathrow,3897,149,4112.43,2024-02-23
INVI00385,PRD0471,Madrid-Central,249,246,26659.24,2023-02-11
INVI00386,PRD0143,New York-NJ,2755,219,14675.99,2023-03-24
INVI00387,PRD0084,Dubai-Jebel Ali,3094,109,20195.55,2023-05-06
INVI00388,PRD0494,Paris-CDG,2868,51,37510.18,2024-12-25
INVI00389,PRD0446,London-Heathrow,4357,233,24131.98,2023-02-08
INVI00390,PRD0245,Madrid-Central,2773,200,14273.16,2024-06-22
INVI00391,PRD0368,London-Heathrow,3623,249,37251.48,2024-03-06
INVI00392,PRD0252,Singapore-Hub,2235,96,8267,2023-08-04
INVI00393,PRD0163,Madrid-Central,1777,283,30085.3,2024-10-16
INVI00394,PRD0451,Singapore-Hub,1585,237,31505.73,2024-03-27
INVI00395,PRD0267,Amsterdam-Port,4980,157,30794.07,2024-08-15
INVI00396,PRD0096,Frankfurt-Main,2823,80,1661.75,2023-05-22
INVI00397,PRD0195,Paris-CDG,4011,162,30268.48,2023-03-11
INVI00398,PRD0132,Amsterdam-Port,2059,294,39866.94,2024-06-18
INVI00399,PRD0198,Zurich-Center,3134,298,31607.15,2023-12-18
INVI00400,PRD0111,Singapore-Hub,559,142,36106.1,2024-05-02
INVI00401,PRD0128,Frankfurt-Main,215,141,7276.98,2024-07-27
INVI00402,PRD0291,Dubai-Jebel Ali,1593,66,22253.43,2023-08-16
INVI00403,PRD0016,Zurich-Center,2960,63,19062.86,2023-08-03
INVI00404,PRD0431,Amsterdam-Port,3826,165,34002.64,2023-08-22
INVI00405,PRD0054,London-Heathrow,3902,99,35565.75,2023-10-09
INVI00406,PRD0482,Frankfurt-Main,2550,182,13608.62,2023-06-13
INVI00407,PRD0351,Singapore-Hub,3056,205,25563.27,2024-12-14
INVI00408,PRD0014,Dubai-Jebel Ali,1223,155,21773.54,2023-01-19
INVI00409,PRD0001,Zurich-Center,481,170,6046.72,2023-01-29
INVI00410,PRD0288,Singapore-Hub,699,273,6281.75,2023-05-05
INVI00411,PRD0268,Zurich-Center,2287,138,7215.91,2024-09-02
INVI00412,PRD0330,Milan-North,4671,155,30901.58,2023-05-15
INVI00413,PRD0121,Amsterdam-Port,617,258,13127.54,2024-09-27
INVI00414,PRD0465,Zurich-Center,4227,234,18593.06,2023-12-26
INVI00415,PRD0059,Singapore-Hub,2955,164,31586.6,2023-01-31
INVI00416,PRD0102,London-Heathrow,1610,53,32765.67,2024-07-18
INVI00417,PRD0270,Dubai-Jebel Ali,464,253,17369.27,2023-01-04
INVI00418,PRD0454,Zurich-Center,2318,290,2700.16,2023-12-11
INVI00419,PRD0007,London-Heathrow,2291,81,37873.74,2023-01-25
INVI00420,PRD0025,Singapore-Hub,4204,210,21859.46,2024-05-20
INVI00421,PRD0333,Milan-North,4224,229,31259.17,2023-11-29
INVI00422,PRD0175,Dubai-Jebel Ali,2769,293,39635.85,2024-08-24
INVI00423,PRD0174,Zurich-Center,794,127,13423.61,2023-10-31
INVI00424,PRD0317,Singapore-Hub,1441,280,9939.34,2024-02-27
INVI00425,PRD0319,Madrid-Central,3222,82,17823.61,2024-05-28
INVI00426,PRD0220,Milan-North,855,188,36452.66,2023-10-22
INVI00427,PRD0393,London-Heathrow,322,128,31733.33,2023-08-20
INVI00428,PRD0334,Dubai-Jebel Ali,2215,245,26491.96,2023-02-17
INVI00429,PRD0350,Madrid-Central,3287,87,4259.7,2024-01-31
INVI00430,PRD0134,Amsterdam-Port,2423,204,34795.38,2024-08-10
INVI00431,PRD0463,Madrid-Central,873,158,31368.78,2024-01-22
INVI00432,PRD0230,Madrid-Central,274,163,22245.39,2024-11-26
INVI00433,PRD0287,New York-NJ,4617,180,29436.32,2024-12-14
INVI00434,PRD0460,Milan-North,4365,130,17871.82,2024-09-27
INVI00435,PRD0039,Frankfurt-Main,447,151,25832.26,2024-03-23
INVI00436,PRD0235,London-Heathrow,3512,124,37985.71,2024-05-31
INVI00437,PRD0230,Zurich-Center,1934,217,23170.97,2024-07-04
INVI00438,PRD0313,Milan-North,1774,166,18918.93,2023-03-16
INVI00439,PRD0496,London-Heathrow,2283,197,8526.19,2023-04-23
INVI00440,PRD0221,Madrid-Central,2919,223,26806.39,2024-06-18
INVI00441,PRD0076,Madrid-Central,2022,289,17552.82,2023-01-15
INVI00442,PRD0139,Singapore-Hub,22,124,1590.32,2024-10-05
INVI00443,PRD0302,Amsterdam-Port,3186,138,2749.52,2024-06-05
INVI00444,PRD0430,Singapore-Hub,3057,150,31459,2023-07-02
INVI00445,PRD0222,Zurich-Center,1143,243,2025.97,2023-08-14
INVI00446,PRD0343,London-Heathrow,3847,293,8349.55,2023-12-17
INVI00447,PRD0398,Singapore-Hub,965,86,14580.95,2024-05-10
INVI00448,PRD0095,Frankfurt-Main,1264,268,9981.74,2023-01-28
INVI00449,PRD0283,Milan-North,3750,218,20247.78,2024-08-12
INVI00450,PRD0179,Zurich-Center,943,144,9380.46,2024-12-23
INVI00451,PRD0157,London-Heathrow,2788,248,15546.63,2023-01-21
INVI00452,PRD0004,Zurich-Center,4420,250,28964.61,2023-01-01
INVI00453,PRD0449,Milan-North,4023,257,21516.94,2024-02-22
INVI00454,PRD0335,Zurich-Center,378,228,38150.17,2023-02-01
INVI00455,PRD0104,Madrid-Central,599,260,36410.41,2023-09-09
INVI00456,PRD0421,New York-NJ,2771,217,7578.14,2024-08-25
INVI00457,PRD0264,Milan-North,3552,237,37449.72,2023-10-01
INVI00458,PRD0316,Zurich-Center,3635,271,28810.69,2024-03-27
INVI00459,PRD0418,Paris-CDG,4082,255,1759.51,2023-02-15
INVI00460,PRD0013,Singapore-Hub,2231,290,15105.54,2023-10-12
INVI00461,PRD0404,Amsterdam-Port,2027,273,17816.69,2023-02-22
INVI00462,PRD0402,Madrid-Central,4843,70,29188.28,2024-11-07
INVI00463,PRD0250,Madrid-Central,2324,100,15513.02,2024-03-24
INVI00464,PRD0043,New York-NJ,1952,178,36418.8,2024-04-14
INVI00465,PRD0224,London-Heathrow,649,282,14324.34,2024-05-04
INVI00466,PRD0363,Singapore-Hub,2466,263,268.33,2023-11-29
INVI00467,PRD0131,Milan-North,4109,161,17174.72,2024-06-20
INVI00468,PRD0077,Madrid-Central,4417,235,19988.9,2023-03-10
INVI00469,PRD0141,London-Heathrow,4006,179,14474.68,2023-08-28
INVI00470,PRD0322,Frankfurt-Main,2053,77,29037.2,2024-09-10
INVI00471,PRD0258,Dubai-Jebel Ali,3851,94,16742.23,2024-12-26
INVI00472,PRD0133,Zurich-Center,1409,71,25327.06,2023-05-20
INVI00473,PRD0105,Amsterdam-Port,4720,272,23417.54,2024-06-20
INVI00474,PRD0460,London-Heathrow,1004,130,22536.21,2023-01-25
INVI00475,PRD0008,Singapore-Hub,1006,104,34449.4,2023-05-22
INVI00476,PRD0339,Paris-CDG,2371,233,10938.71,2024-06-07
INVI00477,PRD0133,Milan-North,3439,166,36947.97,2024-05-09
INVI00478,PRD0037,Milan-North,2178,78,29368.85,2024-04-20
INVI00479,PRD0333,New York-NJ,3199,51,11882.1,2024-03-03
INVI00480,PRD0281,Zurich-Center,1889,197,3399.07,2023-04-12
INVI00481,PRD0206,Madrid-Central,3035,162,26123.26,2024-05-18
INVI00482,PRD0472,Singapore-Hub,3272,288,14910.26,2024-04-30
INVI00483,PRD0369,New York-NJ,3152,152,34455.88,2024-05-07
INVI00484,PRD0499,New York-NJ,383,193,14124.49,2023-01-09
INVI00485,PRD0257,Milan-North,1144,200,17442.9,2023-12-04
INVI00486,PRD0451,Milan-North,1515,68,19650.64,2023-03-05
INVI00487,PRD0148,Zurich-Center,4401,182,19814.41,2023-05-18
INVI00488,PRD0304,Dubai-Jebel Ali,4106,174,39842.8,2024-04-24
INVI00489,PRD0185,Madrid-Central,2259,86,6681.12,2024-03-17
INVI00490,PRD0040,Dubai-Jebel Ali,2963,227,1642.88,2024-09-13
INVI00491,PRD0088,Zurich-Center,4392,169,31349.78,2023-08-26
INVI00492,PRD0331,Dubai-Jebel Ali,3537,250,27429.13,2023-02-05
INVI00493,PRD0032,New York-NJ,3923,85,12225.49,2024-03-18
INVI00494,PRD0104,Zurich-Center,306,112,6505.84,2023-03-31
INVI00495,PRD0132,Amsterdam-Port,455,99,3576.7,2024-12-14
INVI00496,PRD0098,Zurich-Center,1958,111,32835.48,2023-03-22
INVI00497,PRD0056,Frankfurt-Main,4164,117,26749.98,2024-02-15
INVI00498,PRD0182,Madrid-Central,4110,186,12948.86,2024-06-19
INVI00499,PRD0256,Milan-North,3043,84,27867.25,2023-12-31
INVI00500,PRD0079,Zurich-Center,3216,76,13757.24,2023-10-11
INVI00501,PRD0099,New York-NJ,4985,167,37457.38,2023-12-21
INVI00502,PRD0233,Dubai-Jebel Ali,1729,131,2932.86,2024-04-08
INVI00503,PRD0491,Zurich-Center,4474,101,26013.67,2024-04-12
INVI00504,PRD0365,Frankfurt-Main,1978,134,13976.92,2024-02-11
INVI00505,PRD0490,New York-NJ,3539,299,35073.18,2024-11-03
INVI00506,PRD0105,Dubai-Jebel Ali,4711,140,28429.42,2024-07-04
INVI00507,PRD0224,Madrid-Central,559,168,26139.99,2023-05-25
INVI00508,PRD0168,New York-NJ,376,227,4924.22,2024-09-21
INVI00509,PRD0384,Zurich-Center,908,248,32892.74,2024-03-18
INVI00510,PRD0067,Madrid-Central,3478,289,24118.24,2024-10-11
INVI00511,PRD0241,New York-NJ,1377,201,7853.13,2024-12-01
INVI00512,PRD0480,Dubai-Jebel Ali,2326,85,17275.94,2024-01-06
INVI00513,PRD0429,Frankfurt-Main,3975,297,23602.39,2023-07-15
INVI00514,PRD0223,Singapore-Hub,4625,236,33541.52,2023-02-19
INVI00515,PRD0047,Paris-CDG,1074,217,39522.21,2024-05-21
INVI00516,PRD0417,Frankfurt-Main,4970,244,2343.97,2024-09-27
INVI00517,PRD0161,London-Heathrow,73,98,21610.26,2024-11-07
INVI00518,PRD0233,London-Heathrow,826,284,5161.67,2024-01-10
INVI00519,PRD0327,Frankfurt-Main,4686,60,25363.78,2023-12-27
INVI00520,PRD0375,New York-NJ,1405,261,12203.74,2023-10-05
INVI00521,PRD0214,London-Heathrow,1232,59,3772.14,2023-12-11
INVI00522,PRD0218,New York-NJ,1778,211,31683.78,2024-09-08
INVI00523,PRD0109,Milan-North,298,183,6243.24,2023-07-13
INVI00524,PRD0375,London-Heathrow,3139,82,12934.84,2024-11-20
INVI00525,PRD0276,Frankfurt-Main,2265,53,9416,2024-10-20
INVI00526,PRD0254,Milan-North,2567,291,34207.98,2024-06-23
INVI00527,PRD0430,Madrid-Central,536,222,10960.7,2023-06-13
INVI00528,PRD0032,London-Heathrow,2319,185,11915.08,2023-12-21
INVI00529,PRD0026,Singapore-Hub,2293,144,599.02,2024-09-06
INVI00530,PRD0109,Amsterdam-Port,1508,181,2183.24,2024-08-21
INVI00531,PRD0328,Zurich-Center,4981,252,18635.91,2023-05-24
INVI00532,PRD0136,Madrid-Central,32,127,37116.35,2023-07-27
INVI00533,PRD0045,Paris-CDG,98,169,19378.97,2024-11-16
INVI00534,PRD0286,London-Heathrow,1930,223,13155.25,2024-12-07
INVI00535,PRD0124,London-Heathrow,4005,171,25191.4,2023-08-14
INVI00536,PRD0251,New York-NJ,2904,137,10305.06,2024-02-12
INVI00537,PRD0034,Singapore-Hub,1042,163,14291.57,2023-08-19
INVI00538,PRD0173,Milan-North,2539,192,37071.55,2023-10-23
INVI00539,PRD0240,Frankfurt-Main,1472,282,15597.56,2024-03-14
INVI00540,PRD0055,Milan-North,2023,198,8701.89,2024-08-13
INVI00541,PRD0382,London-Heathrow,4974,118,7185.7,2024-12-25
INVI00542,PRD0027,London-Heathrow,565,138,2373.59,2024-10-19
INVI00543,PRD0051,Amsterdam-Port,2086,262,34163.24,2024-10-13
INVI00544,PRD0128,Zurich-Center,414,161,6320.75,2024-09-25
INVI00545,PRD0438,Dubai-Jebel Ali,2707,179,7253.8,2023-10-22
INVI00546,PRD0416,Singapore-Hub,3876,98,8624.43,2024-08-01
INVI00547,PRD0036,London-Heathrow,4939,271,24154.85,2023-02-14
INVI00548,PRD0114,Singapore-Hub,916,226,24028.56,2023-06-01
INVI00549,PRD0227,Milan-North,4910,112,22703.02,2024-01-07
INVI00550,PRD0162,Singapore-Hub,717,292,11527.18,2023-07-05
INVI00551,PRD0044,Frankfurt-Main,3452,290,26940.15,2023-07-01
INVI00552,PRD0018,New York-NJ,2664,203,3571.93,2023-01-04
INVI00553,PRD0368,Madrid-Central,2059,98,15767.08,2023-08-09
INVI00554,PRD0201,Madrid-Central,2376,114,8426.41,2023-06-14
INVI00555,PRD0384,Zurich-Center,3427,200,3734.33,2023-05-31
INVI00556,PRD0081,Paris-CDG,461,168,25177.47,2023-06-19
INVI00557,PRD0471,Singapore-Hub,3260,233,20019.03,2023-11-23
INVI00558,PRD0081,Singapore-Hub,4166,62,33890.2,2024-06-03
INVI00559,PRD0463,Singapore-Hub,4467,131,26752.8,2023-04-19
INVI00560,PRD0029,Zurich-Center,1788,98,21625.47,2024-01-17
INVI00561,PRD0112,Paris-CDG,116,61,23528.3,2023-03-03
INVI00562,PRD0341,New York-NJ,1734,212,39019.27,2023-12-17
INVI00563,PRD0264,New York-NJ,3898,288,17848.86,2023-12-05
INVI00564,PRD0146,New York-NJ,3028,191,16539.25,2024-05-05
INVI00565,PRD0085,Dubai-Jebel Ali,2531,296,18511.59,2023-01-29
INVI00566,PRD0124,Madrid-Central,2246,255,16857.87,2023-08-10
INVI00567,PRD0113,London-Heathrow,2351,259,15154.07,2024-10-26
INVI00568,PRD0404,New York-NJ,4328,122,37532.21,2023-03-08
INVI00569,PRD0172,Madrid-Central,3365,238,8043.83,2023-05-04
INVI00570,PRD0239,Milan-North,4055,102,12557.02,2023-03-11
INVI00571,PRD0419,Dubai-Jebel Ali,3001,77,31508.57,2024-05-26
INVI00572,PRD0203,Zurich-Center,3167,141,28151.35,2024-08-02
INVI00573,PRD0185,Zurich-Center,3345,133,31566.98,2023-01-13
INVI00574,PRD0022,Amsterdam-Port,1793,164,29763.34,2023-06-07
INVI00575,PRD0094,Zurich-Center,3237,238,10896.45,2023-09-20
INVI00576,PRD0327,London-Heathrow,723,52,22566.87,2023-07-08
INVI00577,PRD0498,London-Heathrow,2671,73,29299.46,2023-12-13
INVI00578,PRD0181,Singapore-Hub,4815,212,14743.28,2023-07-22
INVI00579,PRD0233,London-Heathrow,1882,174,15872.02,2023-02-16
INVI00580,PRD0140,Frankfurt-Main,2332,86,37429.84,2023-11-11
INVI00581,PRD0110,Paris-CDG,1514,208,33853.24,2023-02-17
INVI00582,PRD0280,Frankfurt-Main,1807,252,19477.86,2023-07-03
INVI00583,PRD0303,Dubai-Jebel Ali,1169,81,665.32,2023-07-25
INVI00584,PRD0186,London-Heathrow,2550,278,39158.03,2023-07-14
INVI00585,PRD0311,London-Heathrow,1361,205,25525.7,2023-02-03
INVI00586,PRD0045,Madrid-Central,4651,150,35912.84,2024-07-24
INVI00587,PRD0134,Paris-CDG,3775,256,17312.07,2024-10-23
INVI00588,PRD0342,Zurich-Center,2690,100,24146.23,2024-07-12
INVI00589,PRD0240,Dubai-Jebel Ali,1740,218,39948.88,2023-10-29
INVI00590,PRD0385,Singapore-Hub,3300,167,27487.78,2023-01-25
INVI00591,PRD0026,Singapore-Hub,4143,89,12441.94,2024-02-13
INVI00592,PRD0221,New York-NJ,3090,205,12358.14,2024-07-29
INVI00593,PRD0114,New York-NJ,39,224,38710.85,2024-10-10
INVI00594,PRD0159,Amsterdam-Port,4243,154,20232.25,2024-11-29
INVI00595,PRD0381,Milan-North,134,185,13092.63,2024-08-16
INVI00596,PRD0093,Milan-North,3499,92,22843.15,2023-07-08
INVI00597,PRD0194,New York-NJ,4633,242,34014.07,2023-08-04
INVI00598,PRD0414,London-Heathrow,2682,164,29381.66,2023-06-12
INVI00599,PRD0250,Amsterdam-Port,2491,233,33119.79,2024-02-27
INVI00600,PRD0472,Dubai-Jebel Ali,4962,232,6642.56,2023-02-26
INVI00601,PRD0373,Madrid-Central,3829,95,7713.63,2024-11-19
INVI00602,PRD0349,Amsterdam-Port,2075,213,10071.19,2024-03-16
INVI00603,PRD0214,New York-NJ,863,61,14150.45,2023-11-02
INVI00604,PRD0307,New York-NJ,712,189,1946.93,2024-01-23
INVI00605,PRD0446,Dubai-Jebel Ali,3242,93,20096.1,2024-07-16
INVI00606,PRD0198,Dubai-Jebel Ali,4274,294,18845.6,2024-09-22
INVI00607,PRD0496,London-Heathrow,2226,298,10038.19,2023-09-18
INVI00608,PRD0456,Paris-CDG,2013,224,37406.94,2024-10-27
INVI00609,PRD0347,Zurich-Center,2950,71,20815.26,2024-03-13
INVI00610,PRD0319,Milan-North,3416,254,3485.37,2024-11-14
INVI00611,PRD0154,Madrid-Central,385,267,22466.62,2024-07-07
INVI00612,PRD0117,Amsterdam-Port,831,189,9918.01,2023-01-29
INVI00613,PRD0063,New York-NJ,4745,239,7640.75,2024-04-25
INVI00614,PRD0216,Zurich-Center,558,255,5426.1,2023-07-28
INVI00615,PRD0253,Singapore-Hub,4935,298,31406.27,2024-10-08
INVI00616,PRD0497,Zurich-Center,4514,256,114.29,2024-11-20
INVI00617,PRD0449,London-Heathrow,1310,288,31995.95,2023-03-20
INVI00618,PRD0198,Amsterdam-Port,784,178,30580,2023-07-04
INVI00619,PRD0016,Paris-CDG,1255,111,23206.01,2024-01-08
INVI00620,PRD0078,Amsterdam-Port,599,287,7810,2024-02-09
INVI00621,PRD0327,Amsterdam-Port,545,124,30725.57,2024-08-30
INVI00622,PRD0284,London-Heathrow,651,92,19411.66,2023-07-07
INVI00623,PRD0126,Frankfurt-Main,4499,202,36607.27,2024-05-10
INVI00624,PRD0096,Paris-CDG,920,96,24904.56,2024-09-10
INVI00625,PRD0010,Amsterdam-Port,800,219,30935.86,2024-05-12
INVI00626,PRD0326,Milan-North,3267,281,23020.3,2024-12-06
INVI00627,PRD0008,Paris-CDG,46,226,4225.85,2024-08-18
INVI00628,PRD0328,Frankfurt-Main,3792,146,34755.4,2023-08-06
INVI00629,PRD0421,London-Heathrow,2408,267,12370.12,2023-09-02
INVI00630,PRD0132,Amsterdam-Port,4180,282,31129.13,2023-04-27
INVI00631,PRD0191,Frankfurt-Main,2560,122,28756.93,2023-11-08
INVI00632,PRD0223,Zurich-Center,944,79,18618.54,2024-10-03
INVI00633,PRD0030,Dubai-Jebel Ali,3704,52,5352.31,2023-05-25
INVI00634,PRD0273,London-Heathrow,271,266,10195.53,2023-02-17
INVI00635,PRD0320,Amsterdam-Port,4257,52,34444.68,2024-07-12
INVI00636,PRD0478,Amsterdam-Port,2318,210,28541.59,2024-10-18
INVI00637,PRD0059,London-Heathrow,1678,92,4547.97,2024-11-13
INVI00638,PRD0349,Paris-CDG,204,145,34447.62,2024-12-28
INVI00639,PRD0110,London-Heathrow,2173,228,3061.67,2023-08-28
INVI00640,PRD0072,Milan-North,1531,232,18045.71,2023-06-14
INVI00641,PRD0185,London-Heathrow,351,276,6577.75,2023-08-14
INVI00642,PRD0058,Frankfurt-Main,3577,169,22568.7,2023-10-25
INVI00643,PRD0085,Dubai-Jebel Ali,1762,92,35623.68,2024-05-20
INVI00644,PRD0348,Paris-CDG,831,241,30303.16,2024-02-15
INVI00645,PRD0229,Dubai-Jebel Ali,907,78,32132.12,2024-04-24
INVI00646,PRD0407,Dubai-Jebel Ali,3370,238,5445.26,2024-09-04
INVI00647,PRD0004,London-Heathrow,2620,74,13337.05,2024-06-03
INVI00648,PRD0204,Madrid-Central,1386,160,17708.09,2023-01-17
INVI00649,PRD0088,London-Heathrow,334,207,22943.42,2023-03-27
INVI00650,PRD0248,Milan-North,1709,214,34288.06,2023-10-17
INVI00651,PRD0485,Paris-CDG,2957,252,7911.51,2024-09-14
INVI00652,PRD0268,Madrid-Central,608,65,26596.44,2023-01-29
INVI00653,PRD0230,Milan-North,2619,50,21114.16,2024-05-28
INVI00654,PRD0164,London-Heathrow,4487,124,16526.16,2024-05-16
INVI00655,PRD0229,Paris-CDG,1906,250,19873,2023-09-14
INVI00656,PRD0224,Singapore-Hub,4996,175,1999.45,2023-01-08
INVI00657,PRD0287,Amsterdam-Port,194,216,17991.25,2023-10-07
INVI00658,PRD0338,Madrid-Central,330,136,37351.88,2023-08-26
INVI00659,PRD0165,Milan-North,63,71,19912.07,2023-06-17
INVI00660,PRD0227,London-Heathrow,3723,214,23805.82,2024-03-29
INVI00661,PRD0125,London-Heathrow,4493,97,22597.02,2023-05-01
INVI00662,PRD0434,Dubai-Jebel Ali,1935,83,455.07,2023-04-21
INVI00663,PRD0047,London-Heathrow,517,261,7747.24,2023-01-29
INVI00664,PRD0219,Amsterdam-Port,3140,186,1260.74,2024-09-24
INVI00665,PRD0306,Paris-CDG,2980,57,7167.23,2023-02-12
INVI00666,PRD0206,Milan-North,526,66,26982.83,2024-10-15
INVI00667,PRD0366,Madrid-Central,3888,255,3124.04,2023-04-01
INVI00668,PRD0236,Paris-CDG,3218,119,21639.95,2024-03-26
INVI00669,PRD0291,New York-NJ,4179,192,16233.45,2023-07-19
INVI00670,PRD0323,Frankfurt-Main,1339,278,38213.96,2023-09-18
INVI00671,PRD0425,Paris-CDG,3668,238,26416.57,2023-01-26
INVI00672,PRD0158,Madrid-Central,4448,225,3228.39,2023-09-10
INVI00673,PRD0278,Dubai-Jebel Ali,986,197,2516.38,2023-05-08
INVI00674,PRD0052,Madrid-Central,2746,228,16286.84,2024-12-12
INVI00675,PRD0206,Singapore-Hub,3596,156,36086.73,2024-08-21
INVI00676,PRD0441,Milan-North,1058,118,22588.48,2023-01-30
INVI00677,PRD0050,Singapore-Hub,319,195,6148.08,2023-04-07
INVI00678,PRD0231,New York-NJ,2510,134,3022.55,2024-05-09
INVI00679,PRD0446,Singapore-Hub,328,83,35374.72,2024-11-12
INVI00680,PRD0106,Dubai-Jebel Ali,34,114,28164.66,2023-12-25
INVI00681,PRD0491,Amsterdam-Port,2501,165,20201.97,2023-06-16
INVI00682,PRD0226,Singapore-Hub,1113,132,34484.27,2023-06-02
INVI00683,PRD0031,Zurich-Center,2894,212,23530.48,2024-12-07
INVI00684,PRD0094,Dubai-Jebel Ali,2193,184,22569.86,2024-04-30
INVI00685,PRD0402,Amsterdam-Port,2955,231,20091.21,2023-06-28
INVI00686,PRD0235,London-Heathrow,4978,274,37985.4,2023-08-09
INVI00687,PRD0322,Milan-North,3871,278,27384.78,2023-01-17
INVI00688,PRD0084,Madrid-Central,245,278,32626.78,2023-09-06
INVI00689,PRD0295,Dubai-Jebel Ali,3284,220,16959.05,2024-09-12
INVI00690,PRD0410,Dubai-Jebel Ali,2525,246,15377.29,2024-06-30
INVI00691,PRD0147,Madrid-Central,1108,223,18207.4,2024-08-22
INVI00692,PRD0286,Amsterdam-Port,2614,235,30356.65,2024-11-24
INVI00693,PRD0178,London-Heathrow,1964,204,3116.08,2024-07-20
INVI00694,PRD0214,Singapore-Hub,3319,92,31565.58,2023-06-09
INVI00695,PRD0243,Amsterdam-Port,2731,299,39225.37,2023-08-20
INVI00696,PRD0426,Amsterdam-Port,2553,279,138.86,2024-02-04
INVI00697,PRD0323,London-Heathrow,463,268,4192.33,2024-03-10
INVI00698,PRD0100,Amsterdam-Port,2213,249,2382.84,2023-09-26
INVI00699,PRD0354,London-Heathrow,752,145,15946.34,2023-07-20
INVI00700,PRD0131,Milan-North,1450,298,34949.19,2023-08-05
INVI00701,PRD0206,London-Heathrow,4326,192,16795.21,2023-08-11
INVI00702,PRD0100,Milan-North,3763,58,11346.83,2023-09-30
INVI00703,PRD0187,Milan-North,960,239,36312.25,2024-10-30
INVI00704,PRD0483,Madrid-Central,1666,119,34853.09,2023-05-31
INVI00705,PRD0044,Frankfurt-Main,862,169,13594.57,2024-08-12
INVI00706,PRD0136,Madrid-Central,4650,135,19132.49,2023-10-23
INVI00707,PRD0086,Frankfurt-Main,4540,186,28749.34,2023-07-03
INVI00708,PRD0439,Madrid-Central,3101,110,20236.57,2024-01-11
INVI00709,PRD0039,London-Heathrow,911,81,39148.53,2024-02-22
INVI00710,PRD0140,Singapore-Hub,5000,94,36084.98,2024-11-07
INVI00711,PRD0199,Madrid-Central,1458,200,23857.35,2024-05-28
INVI00712,PRD0227,London-Heathrow,2074,162,29143.03,2023-11-27
INVI00713,PRD0110,Zurich-Center,4327,275,19843.78,2024-10-22
INVI00714,PRD0292,Frankfurt-Main,2950,111,34165.6,2023-03-04
INVI00715,PRD0238,Milan-North,976,116,14755.99,2024-10-28
INVI00716,PRD0039,Dubai-Jebel Ali,1804,269,11132.81,2024-08-05
INVI00717,PRD0091,Amsterdam-Port,399,136,38315.27,2024-07-25
INVI00718,PRD0088,Madrid-Central,2656,239,7878.86,2023-03-20
INVI00719,PRD0014,Dubai-Jebel Ali,751,85,10054.74,2023-11-04
INVI00720,PRD0463,Amsterdam-Port,3919,186,25605.29,2024-01-29
INVI00721,PRD0482,London-Heathrow,2527,102,29796.19,2024-10-12
INVI00722,PRD0037,Madrid-Central,3405,53,17042.43,2024-08-27
INVI00723,PRD0200,Frankfurt-Main,216,146,32363.92,2024-09-01
INVI00724,PRD0321,New York-NJ,1985,241,17846.04,2023-11-13
INVI00725,PRD0311,Frankfurt-Main,1204,254,34334.86,2023-03-07
INVI00726,PRD0266,Singapore-Hub,4896,294,28008.14,2023-02-07
INVI00727,PRD0198,Milan-North,73,158,3119.51,2023-09-30
INVI00728,PRD0225,Frankfurt-Main,2867,198,379.37,2023-04-21
INVI00729,PRD0462,London-Heathrow,2608,50,5568.95,2023-07-15
INVI00730,PRD0042,New York-NJ,361,50,36392.77,2023-02-23
INVI00731,PRD0096,Singapore-Hub,1352,192,37135.67,2024-09-27
INVI00732,PRD0278,New York-NJ,4189,296,9088.89,2023-05-17
INVI00733,PRD0058,London-Heathrow,492,191,15656.61,2023-03-23
INVI00734,PRD0136,Zurich-Center,4489,125,5657.58,2023-02-07
INVI00735,PRD0436,Singapore-Hub,3236,245,15241.45,2024-09-11
INVI00736,PRD0417,Singapore-Hub,4139,274,10465.52,2023-02-03
INVI00737,PRD0477,Paris-CDG,552,123,3409.4,2023-10-04
INVI00738,PRD0070,Madrid-Central,3213,53,25672.71,2023-08-17
INVI00739,PRD0432,Singapore-Hub,1389,113,28228.15,2024-06-30
INVI00740,PRD0470,New York-NJ,554,233,39190.63,2024-08-15
INVI00741,PRD0189,London-Heathrow,4250,230,37065.75,2023-11-26
INVI00742,PRD0379,Zurich-Center,4912,119,18289.15,2023-11-28
INVI00743,PRD0338,Singapore-Hub,3578,104,35817.74,2024-05-16
INVI00744,PRD0360,Zurich-Center,4127,93,23729.48,2023-01-30
INVI00745,PRD0175,Milan-North,4087,172,22999.76,2024-11-06
INVI00746,PRD0421,Zurich-Center,4379,267,33276.02,2024-02-04
INVI00747,PRD0228,New York-NJ,129,170,12489.08,2024-10-02
INVI00748,PRD0052,Paris-CDG,3022,200,8752.36,2023-10-07
INVI00749,PRD0374,Dubai-Jebel Ali,846,131,197.59,2023-10-15
INVI00750,PRD0419,Amsterdam-Port,4667,64,39010.13,2023-12-16
INVI00751,PRD0499,New York-NJ,208,273,5352.05,2023-12-31
INVI00752,PRD0393,Dubai-Jebel Ali,3357,208,25316.34,2024-01-28
INVI00753,PRD0218,Paris-CDG,3433,104,14301.91,2024-11-23
INVI00754,PRD0240,New York-NJ,140,282,19457.06,2023-03-25
INVI00755,PRD0409,London-Heathrow,713,64,3562.33,2023-10-25
INVI00756,PRD0067,New York-NJ,1353,219,5488.38,2023-11-15
INVI00757,PRD0430,Madrid-Central,850,184,953.11,2023-05-14
INVI00758,PRD0438,Madrid-Central,2828,199,11749.91,2024-05-28
INVI00759,PRD0179,Zurich-Center,1918,132,16223.08,2023-09-04
INVI00760,PRD0173,London-Heathrow,2264,214,9782,2024-04-09
INVI00761,PRD0392,Zurich-Center,2710,59,32921.82,2024-03-03
INVI00762,PRD0472,Milan-North,2643,167,35844.14,2024-05-12
INVI00763,PRD0449,Madrid-Central,4588,257,29984.39,2023-12-28
INVI00764,PRD0373,London-Heathrow,2705,69,6835.13,2023-12-05
INVI00765,PRD0481,Dubai-Jebel Ali,2379,157,18329.45,2024-08-29
INVI00766,PRD0433,Paris-CDG,674,218,19681.12,2023-11-29
INVI00767,PRD0396,London-Heathrow,1292,268,19222.18,2024-10-11
INVI00768,PRD0465,London-Heathrow,2242,194,27432.39,2024-03-14
INVI00769,PRD0168,London-Heathrow,1712,251,24974.44,2024-05-23
INVI00770,PRD0131,Zurich-Center,4618,207,2128.36,2023-03-03
INVI00771,PRD0420,Amsterdam-Port,4235,136,10782.81,2024-03-24
INVI00772,PRD0001,Paris-CDG,4589,117,30389.13,2023-12-17
INVI00773,PRD0293,Frankfurt-Main,1055,122,5757.22,2024-07-31
INVI00774,PRD0379,Milan-North,3848,277,12820.14,2024-12-12
INVI00775,PRD0279,Milan-North,566,231,39727.76,2024-11-22
INVI00776,PRD0483,Zurich-Center,3949,146,28223.21,2023-12-08
INVI00777,PRD0083,Zurich-Center,2329,156,2831.52,2023-05-14
INVI00778,PRD0371,New York-NJ,1372,55,10859.36,2024-06-07
INVI00779,PRD0182,London-Heathrow,183,151,31628.33,2023-07-29
INVI00780,PRD0135,New York-NJ,624,67,21097.86,2024-05-25
INVI00781,PRD0270,Singapore-Hub,1547,164,5774.04,2023-07-03
INVI00782,PRD0334,New York-NJ,2861,204,35726.2,2023-07-13
INVI00783,PRD0338,Amsterdam-Port,4158,60,11488.48,2024-12-29
INVI00784,PRD0489,Zurich-Center,540,173,3419.45,2024-01-29
INVI00785,PRD0025,Amsterdam-Port,1657,262,29524.64,2024-11-24
INVI00786,PRD0119,Paris-CDG,4133,258,14960.71,2023-10-16
INVI00787,PRD0045,Dubai-Jebel Ali,2468,113,16797.18,2024-03-16
INVI00788,PRD0028,London-Heathrow,130,211,24203.57,2023-07-23
INVI00789,PRD0045,Amsterdam-Port,3860,283,22141.94,2023-02-19
INVI00790,PRD0375,London-Heathrow,547,58,23222.47,2024-03-01
INVI00791,PRD0249,New York-NJ,4085,290,18318.26,2024-04-19
INVI00792,PRD0233,Amsterdam-Port,3408,137,30614.48,2024-04-12
INVI00793,PRD0194,Madrid-Central,2925,139,11965.83,2024-09-24
INVI00794,PRD0454,Paris-CDG,1704,114,35982.58,2024-05-31
INVI00795,PRD0057,Zurich-Center,2710,256,34437.47,2023-09-14
INVI00796,PRD0104,Milan-North,909,77,36071.67,2023-05-24
INVI00797,PRD0196,Zurich-Center,1673,196,12619.06,2023-07-30
INVI00798,PRD0121,Paris-CDG,4402,208,29268.71,2023-05-19
INVI00799,PRD0099,Amsterdam-Port,1544,217,37848.94,2023-03-26
INVI00800,PRD0106,Milan-North,572,129,38952.71,2024-06-16
INVI00801,PRD0162,Milan-North,233,168,933.06,2024-01-21
INVI00802,PRD0129,Paris-CDG,3540,85,32015.22,2024-03-08
INVI00803,PRD0008,New York-NJ,3604,122,28697.71,2023-11-24
INVI00804,PRD0324,Frankfurt-Main,2432,128,32602.36,2024-05-03
INVI00805,PRD0224,London-Heathrow,879,288,37451.72,2024-03-06
INVI00806,PRD0492,Madrid-Central,4607,112,29395.73,2023-09-19
INVI00807,PRD0339,London-Heathrow,3712,228,35152.44,2024-08-15
INVI00808,PRD0233,Amsterdam-Port,446,94,23333.63,2023-02-24
INVI00809,PRD0224,Zurich-Center,2680,261,19129.87,2023-06-22
INVI00810,PRD0177,London-Heathrow,275,90,9171.01,2024-01-05
INVI00811,PRD0260,Zurich-Center,1689,166,18494.64,2023-04-25
INVI00812,PRD0083,Milan-North,4474,96,21489.78,2024-06-27
INVI00813,PRD0393,Dubai-Jebel Ali,4936,278,3403.6,2024-11-16
INVI00814,PRD0456,Zurich-Center,2458,262,24141.95,2023-03-26
INVI00815,PRD0197,Milan-North,4770,67,29970.62,2024-12-18
INVI00816,PRD0299,Madrid-Central,2568,264,32663.66,2024-11-03
INVI00817,PRD0151,Madrid-Central,3543,114,30702.86,2023-05-28
INVI00818,PRD0122,Zurich-Center,48,57,10327.94,2024-01-15
INVI00819,PRD0087,Madrid-Central,1279,300,35044.33,2024-06-22
INVI00820,PRD0193,Singapore-Hub,4410,143,13222.74,2024-05-20
INVI00821,PRD0456,Paris-CDG,566,178,23525.14,2024-05-14
INVI00822,PRD0307,Milan-North,369,81,35733.75,2023-11-05
INVI00823,PRD0193,Singapore-Hub,356,241,37334.07,2024-11-26
INVI00824,PRD0386,Amsterdam-Port,3469,175,5747.25,2024-10-19
INVI00825,PRD0488,Milan-North,364,240,5144.43,2024-05-30
INVI00826,PRD0358,Paris-CDG,469,254,27653.87,2024-11-13
INVI00827,PRD0040,Singapore-Hub,3961,280,28449.19,2024-10-12
INVI00828,PRD0254,Amsterdam-Port,2210,229,34027.61,2023-02-13
INVI00829,PRD0345,Amsterdam-Port,867,155,3927.81,2024-11-10
INVI00830,PRD0153,Paris-CDG,3992,200,24730.95,2024-12-02
INVI00831,PRD0382,Frankfurt-Main,3156,276,10742.42,2024-05-07
INVI00832,PRD0166,London-Heathrow,3996,138,11557.48,2023-07-03
INVI00833,PRD0368,Dubai-Jebel Ali,1648,272,5037.57,2024-07-29
INVI00834,PRD0387,New York-NJ,4013,225,35966.54,2023-12-13
INVI00835,PRD0472,Frankfurt-Main,2908,224,2108.13,2024-02-05
INVI00836,PRD0267,Dubai-Jebel Ali,575,138,14355.78,2024-04-24
INVI00837,PRD0057,Milan-North,2988,263,16646.88,2024-03-02
INVI00838,PRD0042,New York-NJ,3396,193,39430.83,2023-11-05
INVI00839,PRD0023,Zurich-Center,1962,157,37370.2,2023-09-02
INVI00840,PRD0199,Madrid-Central,3336,213,585.76,2024-08-05
INVI00841,PRD0452,Milan-North,2568,80,27830.19,2023-04-30
INVI00842,PRD0443,Frankfurt-Main,1794,103,23488.76,2024-03-01
INVI00843,PRD0097,London-Heathrow,1078,116,36253.84,2023-03-18
INVI00844,PRD0262,London-Heathrow,3057,151,24287.52,2023-03-10
INVI00845,PRD0304,London-Heathrow,667,292,5830.07,2024-12-27
INVI00846,PRD0220,Zurich-Center,3694,266,29568.25,2023-11-16
INVI00847,PRD0286,New York-NJ,4749,174,22146.77,2024-06-22
INVI00848,PRD0247,Zurich-Center,4157,210,24268.55,2024-02-23
INVI00849,PRD0379,Amsterdam-Port,698,196,17005.8,2023-08-18
INVI00850,PRD0030,Milan-North,1327,176,25086.44,2023-09-24
INVI00851,PRD0363,Amsterdam-Port,3184,196,35004.64,2023-07-07
INVI00852,PRD0093,Milan-North,4615,237,3161.67,2023-09-14
INVI00853,PRD0069,Amsterdam-Port,35,290,4837.65,2024-05-09
INVI00854,PRD0145,New York-NJ,4803,284,28745.23,2023-01-11
INVI00855,PRD0057,Singapore-Hub,3198,102,38921.6,2024-09-12
INVI00856,PRD0047,Zurich-Center,4115,270,17021.39,2024-04-22
INVI00857,PRD0350,Paris-CDG,4293,142,26700.93,2023-08-20
INVI00858,PRD0416,New York-NJ,36,157,31528.91,2023-06-27
INVI00859,PRD0099,Paris-CDG,3385,98,13944.95,2024-04-26
INVI00860,PRD0106,Milan-North,4016,166,14961.06,2024-09-27
INVI00861,PRD0375,Madrid-Central,1361,246,24327.27,2023-11-13
INVI00862,PRD0410,Frankfurt-Main,15,254,11932.79,2023-01-09
INVI00863,PRD0430,Paris-CDG,1778,268,29784.81,2024-04-25
INVI00864,PRD0105,Paris-CDG,1785,242,5115.89,2024-06-20
INVI00865,PRD0090,Singapore-Hub,2495,271,27796.67,2024-01-26
INVI00866,PRD0106,Milan-North,1043,224,28990.61,2023-12-16
INVI00867,PRD0430,New York-NJ,662,79,22280.44,2024-12-08
INVI00868,PRD0386,London-Heathrow,105,297,9728.54,2024-07-07
INVI00869,PRD0002,New York-NJ,4773,134,20232.92,2024-02-27
INVI00870,PRD0495,London-Heathrow,549,193,13406.94,2024-10-27
INVI00871,PRD0496,Frankfurt-Main,843,74,26241.33,2023-06-17
INVI00872,PRD0258,Frankfurt-Main,3822,174,31810.85,2023-01-31
INVI00873,PRD0415,Amsterdam-Port,3205,158,15409.81,2023-08-23
INVI00874,PRD0201,Zurich-Center,2488,172,7023.97,2023-03-17
INVI00875,PRD0333,Amsterdam-Port,1297,156,38067.25,2023-12-01
INVI00876,PRD0298,Dubai-Jebel Ali,2292,136,426.63,2023-07-25
INVI00877,PRD0351,Singapore-Hub,403,233,6937.84,2024-11-10
INVI00878,PRD0308,Madrid-Central,252,263,9012.1,2024-01-05
INVI00879,PRD0112,Milan-North,1621,220,29695.8,2024-11-06
INVI00880,PRD0103,London-Heathrow,2055,239,13731.14,2024-12-06
INVI00881,PRD0230,Milan-North,3396,165,33222.08,2024-08-19
INVI00882,PRD0324,Milan-North,388,258,32253.4,2023-09-13
INVI00883,PRD0028,Milan-North,3299,178,18201.9,2023-03-05
INVI00884,PRD0234,Frankfurt-Main,1030,229,34327.78,2024-02-12
INVI00885,PRD0169,London-Heathrow,2326,267,34175.57,2023-10-27
INVI00886,PRD0408,Dubai-Jebel Ali,4944,68,20029.88,2023-06-13
INVI00887,PRD0410,Zurich-Center,4139,110,20316.98,2023-06-23
INVI00888,PRD0466,Paris-CDG,604,133,4849.74,2024-08-24
INVI00889,PRD0240,Singapore-Hub,4068,155,10744.51,2023-04-02
INVI00890,PRD0126,New York-NJ,695,154,34287.59,2024-03-27
INVI00891,PRD0212,Milan-North,1127,180,36091,2023-06-20
INVI00892,PRD0491,London-Heathrow,3168,77,33590.45,2024-11-02
INVI00893,PRD0168,Madrid-Central,4616,220,32587.9,2023-05-15
INVI00894,PRD0289,Madrid-Central,4603,269,10556.34,2023-10-31
INVI00895,PRD0098,Madrid-Central,2620,167,19220.71,2024-02-24
INVI00896,PRD0443,New York-NJ,629,234,35258.8,2024-07-09
INVI00897,PRD0275,New York-NJ,2811,210,13610.66,2023-02-04
INVI00898,PRD0363,Zurich-Center,740,228,14712.81,2023-12-21
INVI00899,PRD0369,New York-NJ,3633,181,7516.57,2023-08-02
INVI00900,PRD0289,Milan-North,4842,243,7547.01,2023-01-16
INVI00901,PRD0473,Frankfurt-Main,4744,249,11405.38,2023-06-07
INVI00902,PRD0327,Singapore-Hub,251,156,15326.81,2024-07-29
INVI00903,PRD0397,Milan-North,1882,154,1392.82,2024-06-27
INVI00904,PRD0253,Dubai-Jebel Ali,340,289,17544.87,2023-01-01
INVI00905,PRD0343,London-Heathrow,238,281,34319.49,2023-08-17
INVI00906,PRD0475,Amsterdam-Port,4510,290,21974.32,2023-03-10
INVI00907,PRD0081,Paris-CDG,4733,208,17088.4,2024-05-03
INVI00908,PRD0220,Amsterdam-Port,3628,91,37771.44,2023-07-24
INVI00909,PRD0332,Singapore-Hub,1831,125,30978.3,2024-05-30
INVI00910,PRD0115,New York-NJ,2962,157,19330.86,2024-04-16
INVI00911,PRD0328,Frankfurt-Main,4745,211,27866.85,2023-12-22
INVI00912,PRD0208,Milan-North,4017,256,11494.35,2023-07-18
INVI00913,PRD0302,New York-NJ,4006,172,1378.01,2023-09-24
INVI00914,PRD0201,Singapore-Hub,1648,203,9774.67,2024-02-06
INVI00915,PRD0129,Zurich-Center,46,201,37852,2023-12-16
INVI00916,PRD0139,New York-NJ,4503,217,21316.55,2023-09-04
INVI00917,PRD0368,Paris-CDG,2898,182,38724.89,2024-03-15
INVI00918,PRD0274,Frankfurt-Main,476,267,6449.9,2023-08-06
INVI00919,PRD0049,London-Heathrow,4831,255,7060.37,2024-03-05
INVI00920,PRD0066,Milan-North,2229,176,31098.66,2023-02-19
INVI00921,PRD0352,Paris-CDG,4616,133,20636.91,2023-11-10
INVI00922,PRD0008,Frankfurt-Main,2407,148,4903.56,2023-11-20
INVI00923,PRD0312,Singapore-Hub,106,60,1042.5,2024-08-16
INVI00924,PRD0344,Paris-CDG,286,165,8401.2,2024-06-02
INVI00925,PRD0481,Milan-North,2110,150,17652.3,2024-12-27
INVI00926,PRD0119,Madrid-Central,4064,122,9775.58,2024-02-16
INVI00927,PRD0386,Zurich-Center,1900,259,22958.03,2023-02-03
INVI00928,PRD0284,Zurich-Center,2263,76,8442.5,2024-08-11
INVI00929,PRD0272,Milan-North,4712,146,19922.48,2024-06-20
INVI00930,PRD0113,London-Heathrow,894,101,38363.09,2023-12-25
INVI00931,PRD0151,London-Heathrow,4436,213,10139.7,2024-12-27
INVI00932,PRD0090,Milan-North,555,76,3481.73,2024-08-19
INVI00933,PRD0336,Paris-CDG,1608,243,14147.84,2023-11-04
INVI00934,PRD0441,Paris-CDG,4733,125,6658.76,2024-08-14
INVI00935,PRD0145,Frankfurt-Main,1486,130,22597.39,2024-09-28
INVI00936,PRD0320,Zurich-Center,297,236,27335.99,2023-05-23
INVI00937,PRD0127,Dubai-Jebel Ali,4442,231,17917.38,2024-03-04
INVI00938,PRD0240,New York-NJ,3524,59,39749.9,2024-02-01
INVI00939,PRD0426,London-Heathrow,4289,197,37517.97,2023-03-14
INVI00940,PRD0458,Amsterdam-Port,2537,54,25913.67,2024-07-31
INVI00941,PRD0314,Singapore-Hub,4506,105,21359.45,2023-10-21
INVI00942,PRD0149,Amsterdam-Port,174,185,4014.79,2023-07-21
INVI00943,PRD0209,Amsterdam-Port,1319,226,30253.97,2024-11-11
INVI00944,PRD0105,Zurich-Center,3667,230,360.77,2024-01-30
INVI00945,PRD0386,New York-NJ,1985,180,6690.43,2023-01-05
INVI00946,PRD0242,Frankfurt-Main,2852,288,12370.51,2023-03-23
INVI00947,PRD0283,Milan-North,960,106,8946.05,2023-04-18
INVI00948,PRD0040,Singapore-Hub,4172,156,2278.09,2024-03-24
INVI00949,PRD0425,Singapore-Hub,3325,265,18103.74,2023-03-15
INVI00950,PRD0304,London-Heathrow,4576,191,24278.87,2023-02-04
INVI00951,PRD0448,Amsterdam-Port,483,285,6260.3,2024-03-30
INVI00952,PRD0164,Singapore-Hub,2210,58,14313.72,2024-10-01
INVI00953,PRD0386,London-Heathrow,1951,223,33441.71,2023-08-03
INVI00954,PRD0214,Paris-CDG,3097,162,19562.36,2024-05-08
INVI00955,PRD0057,Zurich-Center,1390,118,30389.72,2024-04-28
INVI00956,PRD0340,London-Heathrow,3096,132,13677.31,2024-04-21
INVI00957,PRD0033,Amsterdam-Port,3316,122,23055.98,2024-02-29
INVI00958,PRD0245,Madrid-Central,2977,74,27781.47,2023-11-13
INVI00959,PRD0162,Amsterdam-Port,3707,141,30625.39,2023-12-30
INVI00960,PRD0228,Madrid-Central,2434,223,32438.79,2024-06-14
INVI00961,PRD0273,London-Heathrow,2647,85,28817.62,2024-11-01
INVI00962,PRD0432,Zurich-Center,4697,297,1960.26,2023-04-26
INVI00963,PRD0418,Dubai-Jebel Ali,2992,292,4187.05,2023-04-16
INVI00964,PRD0420,Frankfurt-Main,2577,238,17322.57,2023-09-13
INVI00965,PRD0404,Amsterdam-Port,4451,271,13785.87,2023-11-24
INVI00966,PRD0236,New York-NJ,2349,238,16829.98,2023-02-07
INVI00967,PRD0333,Milan-North,493,219,16560.04,2024-06-28
INVI00968,PRD0005,Zurich-Center,4461,101,20170.11,2023-08-03
INVI00969,PRD0035,Zurich-Center,1829,116,17368.04,2024-12-20
INVI00970,PRD0031,London-Heathrow,3972,131,20375.63,2024-03-14
INVI00971,PRD0027,Amsterdam-Port,2451,241,29826.91,2023-12-19
INVI00972,PRD0193,Amsterdam-Port,1974,268,8278.62,2024-07-07
INVI00973,PRD0296,London-Heathrow,2000,126,24954.25,2024-01-04
INVI00974,PRD0071,Madrid-Central,2629,165,2162.79,2023-03-20
INVI00975,PRD0163,Milan-North,3854,268,21228.03,2024-10-15
INVI00976,PRD0069,New York-NJ,1575,187,21765.76,2024-10-17
INVI00977,PRD0104,London-Heathrow,2206,223,29564.64,2023-05-29
INVI00978,PRD0238,Frankfurt-Main,3092,78,26610.4,2024-11-18
INVI00979,PRD0200,London-Heathrow,4188,282,25284.85,2024-08-16
INVI00980,PRD0479,Singapore-Hub,2055,173,16730.31,2023-07-04
INVI00981,PRD0488,Amsterdam-Port,3845,56,8380.53,2024-07-23
INVI00982,PRD0177,Madrid-Central,3846,193,30301.83,2024-12-12
INVI00983,PRD0095,New York-NJ,4313,74,22840.49,2023-07-13
INVI00984,PRD0471,Frankfurt-Main,1269,95,28961.68,2023-10-15
INVI00985,PRD0047,London-Heathrow,1826,85,20426.94,2024-12-14
INVI00986,PRD0001,New York-NJ,1519,139,9641.31,2024-08-16
INVI00987,PRD0129,Frankfurt-Main,4110,142,10997.49,2024-01-12
INVI00988,PRD0143,Frankfurt-Main,4416,206,6584.18,2024-07-05
INVI00989,PRD0460,Dubai-Jebel Ali,1958,71,10465.93,2023-01-04
INVI00990,PRD0027,Amsterdam-Port,2843,152,9001.83,2023-07-27
INVI00991,PRD0464,London-Heathrow,4137,88,17255.08,2023-07-15
INVI00992,PRD0168,Madrid-Central,74,128,39354.48,2024-08-16
INVI00993,PRD0417,Dubai-Jebel Ali,3115,142,17732.29,2024-03-12
INVI00994,PRD0425,Dubai-Jebel Ali,4785,232,17478.72,2023-05-23
INVI00995,PRD0048,Amsterdam-Port,1210,249,29571.01,2024-01-11
INVI00996,PRD0031,Dubai-Jebel Ali,3422,94,34020.35,2024-02-22
INVI00997,PRD0465,Dubai-Jebel Ali,2570,148,11701.04,2024-10-02
INVI00998,PRD0108,Madrid-Central,3590,148,2040.54,2024-11-27
INVI00999,PRD0269,Dubai-Jebel Ali,1432,103,830.98,2023-06-24
INVI01000,PRD0436,Milan-North,4459,162,7100.19,2024-09-04
INVI01001,PRD0406,Madrid-Central,3236,169,37317.69,2024-11-11
INVI01002,PRD0110,New York-NJ,1714,69,15877.1,2023-09-07
INVI01003,PRD0009,Dubai-Jebel Ali,2404,149,1694.38,2024-04-25
INVI01004,PRD0081,New York-NJ,1247,181,30784.12,2023-08-30
INVI01005,PRD0484,Amsterdam-Port,3319,129,24354.43,2024-06-11
INVI01006,PRD0423,Madrid-Central,4092,122,22847.11,2024-10-08
INVI01007,PRD0047,New York-NJ,1962,115,34132.27,2024-12-25
INVI01008,PRD0114,Paris-CDG,1873,291,3818.79,2024-12-31
INVI01009,PRD0487,Frankfurt-Main,3180,155,9410.04,2024-01-20
INVI01010,PRD0221,London-Heathrow,1177,184,10979.38,2023-11-22
INVI01011,PRD0157,Frankfurt-Main,2376,242,126.37,2024-10-12
INVI01012,PRD0170,Singapore-Hub,3099,88,6530.4,2024-08-11
INVI01013,PRD0181,Frankfurt-Main,852,212,93.28,2023-11-16
INVI01014,PRD0270,New York-NJ,653,59,15318.34,2024-02-29
INVI01015,PRD0383,Paris-CDG,492,96,34654.88,2023-01-07
INVI01016,PRD0152,New York-NJ,4842,54,25492.95,2024-03-28
INVI01017,PRD0135,Zurich-Center,2748,101,20454.27,2024-10-11
INVI01018,PRD0320,Frankfurt-Main,3110,278,32829.5,2023-11-16
INVI01019,PRD0143,Frankfurt-Main,195,156,15566.68,2024-05-18
INVI01020,PRD0280,Dubai-Jebel Ali,2358,131,39470.31,2023-08-15
INVI01021,PRD0435,London-Heathrow,623,160,13978.85,2023-07-01
INVI01022,PRD0467,Madrid-Central,1252,279,8474.14,2024-06-21
INVI01023,PRD0293,Amsterdam-Port,2838,118,29706.58,2023-01-15
INVI01024,PRD0236,Frankfurt-Main,554,214,37001.69,2024-12-04
INVI01025,PRD0238,London-Heathrow,4225,145,978.65,2023-09-07
INVI01026,PRD0339,Paris-CDG,2834,213,37206.66,2023-02-01
INVI01027,PRD0431,New York-NJ,3553,163,3789.55,2024-07-07
INVI01028,PRD0174,Amsterdam-Port,1821,218,7984.04,2023-05-05
INVI01029,PRD0256,Frankfurt-Main,2086,166,23004.94,2023-11-21
INVI01030,PRD0183,Madrid-Central,540,93,22525.01,2024-07-19
INVI01031,PRD0356,London-Heathrow,2397,242,30342.31,2023-07-02
INVI01032,PRD0081,Paris-CDG,1473,179,38329.13,2024-07-16
INVI01033,PRD0037,Milan-North,1482,62,20370.26,2024-11-27
INVI01034,PRD0182,London-Heathrow,906,266,17630.69,2024-02-06
INVI01035,PRD0281,Paris-CDG,984,298,32617.56,2024-03-03
INVI01036,PRD0311,New York-NJ,1361,135,38595.12,2023-12-02
INVI01037,PRD0389,Paris-CDG,3909,238,9134.36,2024-12-30
INVI01038,PRD0070,Madrid-Central,4916,66,9282.72,2024-09-07
INVI01039,PRD0152,Amsterdam-Port,443,113,32737.06,2024-12-05
INVI01040,PRD0385,London-Heathrow,2993,61,29679.93,2023-06-22
INVI01041,PRD0250,Madrid-Central,4918,151,32567.07,2023-09-03
INVI01042,PRD0288,Amsterdam-Port,4143,295,11282.95,2023-02-18
INVI01043,PRD0389,Amsterdam-Port,3947,214,15731.53,2023-09-21
INVI01044,PRD0108,Zurich-Center,4784,201,10655.37,2024-07-29
INVI01045,PRD0388,Milan-North,4297,54,7659.27,2023-01-27
INVI01046,PRD0268,New York-NJ,2086,260,3859.23,2024-07-23
INVI01047,PRD0211,Amsterdam-Port,1048,201,25961,2024-06-11
INVI01048,PRD0164,Paris-CDG,2725,299,2307.9,2023-10-06
INVI01049,PRD0480,Dubai-Jebel Ali,4059,219,4250.19,2024-08-21
INVI01050,PRD0015,Milan-North,965,192,5027.79,2023-08-05
INVI01051,PRD0239,Singapore-Hub,1395,76,2392.97,2023-02-23
INVI01052,PRD0248,Madrid-Central,2366,115,18831.4,2024-12-08
INVI01053,PRD0119,Zurich-Center,878,227,2887.46,2023-05-08
INVI01054,PRD0249,Madrid-Central,80,57,8032.36,2023-09-20
INVI01055,PRD0183,New York-NJ,4324,223,35588.79,2024-12-05
INVI01056,PRD0142,Dubai-Jebel Ali,3245,134,26974.85,2024-05-13
INVI01057,PRD0387,Amsterdam-Port,3922,125,31233.71,2024-09-05
INVI01058,PRD0194,New York-NJ,3088,292,216.38,2023-05-19
INVI01059,PRD0113,New York-NJ,3100,236,2340.88,2023-10-27
INVI01060,PRD0436,Singapore-Hub,2157,76,5936.23,2024-07-25
INVI01061,PRD0055,Dubai-Jebel Ali,12,99,17465.53,2024-08-31
INVI01062,PRD0108,Dubai-Jebel Ali,1260,141,33610.96,2023-05-16
INVI01063,PRD0405,Dubai-Jebel Ali,4797,210,11295.93,2023-11-10
INVI01064,PRD0111,Zurich-Center,2023,248,14613.33,2024-02-16
INVI01065,PRD0010,London-Heathrow,3243,205,30970.72,2023-12-03
INVI01066,PRD0248,Singapore-Hub,3059,83,27603.84,2024-03-16
INVI01067,PRD0215,Dubai-Jebel Ali,2372,292,22365.6,2023-02-22
INVI01068,PRD0112,Frankfurt-Main,3500,100,16027.31,2024-06-19
INVI01069,PRD0036,Singapore-Hub,2581,88,10479.76,2024-10-25
INVI01070,PRD0284,Frankfurt-Main,2035,136,9779.3,2024-01-30
INVI01071,PRD0454,Madrid-Central,1283,206,33201.96,2024-06-11
INVI01072,PRD0118,Zurich-Center,1803,52,8383.53,2024-10-01
INVI01073,PRD0391,Milan-North,1968,203,14680.46,2024-12-15
INVI01074,PRD0452,New York-NJ,342,183,26145.47,2023-12-21
INVI01075,PRD0097,London-Heathrow,4915,256,22362.98,2024-04-24
INVI01076,PRD0451,Amsterdam-Port,2377,230,34605.75,2023-04-06
INVI01077,PRD0044,Madrid-Central,4934,175,33433.99,2023-11-08
INVI01078,PRD0234,Milan-North,2230,236,19587.98,2024-11-19
INVI01079,PRD0446,Singapore-Hub,3794,59,11032.87,2024-08-25
INVI01080,PRD0488,Zurich-Center,326,197,39317.56,2024-04-14
INVI01081,PRD0274,Frankfurt-Main,4941,129,14596.47,2024-02-03
INVI01082,PRD0441,Milan-North,4710,172,37833.4,2023-08-27
INVI01083,PRD0313,New York-NJ,770,249,37179.95,2024-11-10
INVI01084,PRD0103,Madrid-Central,173,137,18816.28,2024-02-16
INVI01085,PRD0278,Zurich-Center,791,286,2066.11,2023-01-21
INVI01086,PRD0151,Frankfurt-Main,4070,297,35348.59,2024-03-15
INVI01087,PRD0320,Madrid-Central,1757,58,18962.55,2024-12-31
INVI01088,PRD0467,London-Heathrow,852,279,27394.45,2024-11-07
INVI01089,PRD0407,Dubai-Jebel Ali,3738,219,18167.85,2023-03-11
INVI01090,PRD0347,New York-NJ,4720,200,4052.69,2023-11-24
INVI01091,PRD0260,Singapore-Hub,1483,109,16419,2023-11-12
INVI01092,PRD0391,Frankfurt-Main,972,58,10562.34,2023-12-06
INVI01093,PRD0226,Dubai-Jebel Ali,3437,165,37323.12,2023-04-24
INVI01094,PRD0482,London-Heathrow,3154,133,32372.49,2024-12-11
INVI01095,PRD0082,Dubai-Jebel Ali,546,191,38752.59,2024-08-23
INVI01096,PRD0431,Frankfurt-Main,1361,267,19631.95,2024-07-29
INVI01097,PRD0320,Dubai-Jebel Ali,4168,143,36473.61,2023-06-18
INVI01098,PRD0133,Zurich-Center,4771,66,24988.33,2024-02-19
INVI01099,PRD0014,Dubai-Jebel Ali,2393,75,28767.33,2023-12-23
INVI01100,PRD0347,Dubai-Jebel Ali,2742,274,14729.04,2024-04-21
INVI01101,PRD0366,Amsterdam-Port,505,230,31796.14,2023-08-08
INVI01102,PRD0234,New York-NJ,1664,81,21193.9,2024-01-13
INVI01103,PRD0290,New York-NJ,4047,55,19732.13,2023-05-07
INVI01104,PRD0223,Zurich-Center,2092,115,21906.52,2023-04-08
INVI01105,PRD0139,Madrid-Central,18,51,2383.21,2023-10-06
INVI01106,PRD0019,Singapore-Hub,3027,155,1824.53,2023-09-02
INVI01107,PRD0397,Frankfurt-Main,417,236,16923.89,2023-02-11
INVI01108,PRD0228,Zurich-Center,3983,90,23380.8,2024-06-20
INVI01109,PRD0380,London-Heathrow,1445,237,22481.41,2024-11-08
INVI01110,PRD0460,Milan-North,2502,89,18149.02,2023-07-31
INVI01111,PRD0381,Madrid-Central,2118,200,28453.04,2024-08-12
INVI01112,PRD0422,Zurich-Center,1222,279,34554.52,2023-04-28
INVI01113,PRD0409,Zurich-Center,3935,226,7812.35,2024-02-25
INVI01114,PRD0209,Milan-North,2259,164,29315.91,2024-01-11
INVI01115,PRD0261,Singapore-Hub,4589,229,39135.4,2024-11-14
INVI01116,PRD0496,Amsterdam-Port,3967,282,2695.73,2023-03-03
INVI01117,PRD0430,Milan-North,1536,299,23487.03,2024-12-13
INVI01118,PRD0074,Milan-North,4834,64,31847.87,2024-12-10
INVI01119,PRD0413,Singapore-Hub,3764,80,22338.65,2023-07-19
INVI01120,PRD0366,New York-NJ,16,246,25414.46,2024-05-01
INVI01121,PRD0149,Amsterdam-Port,164,115,2469.48,2023-06-11
INVI01122,PRD0180,New York-NJ,482,61,11754.82,2023-07-25
INVI01123,PRD0461,Frankfurt-Main,3350,224,15885.89,2024-05-21
INVI01124,PRD0239,Milan-North,1209,172,31060.91,2023-01-01
INVI01125,PRD0225,Frankfurt-Main,1275,275,17926.26,2024-12-24
INVI01126,PRD0377,Singapore-Hub,840,162,17210.38,2023-11-30
INVI01127,PRD0005,New York-NJ,2421,95,39983.24,2024-04-14
INVI01128,PRD0081,Zurich-Center,4976,284,960.11,2023-10-29
INVI01129,PRD0108,Dubai-Jebel Ali,4487,211,4045.66,2024-02-21
INVI01130,PRD0237,New York-NJ,1109,288,34587.07,2024-03-24
INVI01131,PRD0018,London-Heathrow,2848,129,9878.06,2023-03-15
INVI01132,PRD0203,Amsterdam-Port,4706,67,12756.32,2023-11-13
INVI01133,PRD0216,Madrid-Central,3952,82,13431.83,2023-02-25
INVI01134,PRD0423,Madrid-Central,3145,256,18706.38,2024-06-08
INVI01135,PRD0081,Paris-CDG,1672,161,24821.77,2024-02-05
INVI01136,PRD0356,Frankfurt-Main,2623,231,31825.66,2023-12-26
INVI01137,PRD0017,London-Heathrow,3218,283,2605.38,2023-09-21
INVI01138,PRD0016,Zurich-Center,3860,107,3762,2023-05-19
INVI01139,PRD0080,Paris-CDG,3538,148,17573.32,2024-02-20
INVI01140,PRD0497,Milan-North,2346,217,190.1,2023-08-28
INVI01141,PRD0377,London-Heathrow,2275,90,25095.85,2024-10-29
INVI01142,PRD0059,New York-NJ,4630,121,8865.76,2023-08-18
INVI01143,PRD0360,London-Heathrow,4100,240,17384.75,2023-03-17
INVI01144,PRD0239,Dubai-Jebel Ali,98,143,22169.74,2023-03-11
INVI01145,PRD0123,Dubai-Jebel Ali,262,294,13330.59,2023-08-18
INVI01146,PRD0096,Frankfurt-Main,1831,146,31035.15,2024-03-30
INVI01147,PRD0439,Dubai-Jebel Ali,4588,148,11878.57,2023-12-07
INVI01148,PRD0427,Milan-North,1092,154,4426.34,2023-05-03
INVI01149,PRD0016,Singapore-Hub,91,238,13924.27,2024-01-10
INVI01150,PRD0255,Paris-CDG,2983,296,38278.46,2024-09-29
INVI01151,PRD0485,Milan-North,295,193,15951.14,2024-05-19
INVI01152,PRD0456,Madrid-Central,2369,73,5085.76,2023-07-15
INVI01153,PRD0176,Zurich-Center,4772,264,34037.6,2024-12-16
INVI01154,PRD0280,Zurich-Center,3555,217,6949.93,2023-11-22
INVI01155,PRD0288,New York-NJ,4888,88,34972.76,2023-09-10
INVI01156,PRD0161,New York-NJ,204,58,15327.37,2023-07-11
INVI01157,PRD0172,Milan-North,515,143,3513.95,2024-08-24
INVI01158,PRD0447,Singapore-Hub,2975,69,34642.64,2023-07-25
INVI01159,PRD0244,Dubai-Jebel Ali,2051,200,13396.33,2023-03-10
INVI01160,PRD0428,London-Heathrow,3721,255,7931.46,2023-09-15
INVI01161,PRD0414,Milan-North,4341,215,815.36,2023-03-09
INVI01162,PRD0320,Singapore-Hub,3466,226,6396.95,2023-07-22
INVI01163,PRD0481,Madrid-Central,3415,245,3585.4,2023-10-11
INVI01164,PRD0350,New York-NJ,630,131,5964.91,2024-12-17
INVI01165,PRD0412,New York-NJ,2747,113,6063.71,2023-05-25
INVI01166,PRD0066,Madrid-Central,3683,60,29663.65,2024-06-06
INVI01167,PRD0049,Paris-CDG,878,119,21130.46,2023-04-21
INVI01168,PRD0086,Zurich-Center,3626,68,24624.63,2024-07-02
INVI01169,PRD0140,Paris-CDG,4551,203,35191.27,2024-11-05
INVI01170,PRD0129,Amsterdam-Port,3665,246,31641.27,2023-11-06
INVI01171,PRD0284,Frankfurt-Main,1112,278,16085.96,2023-04-23
INVI01172,PRD0250,Zurich-Center,2045,52,29118.57,2024-06-17
INVI01173,PRD0437,Paris-CDG,2651,181,21682.76,2024-08-29
INVI01174,PRD0312,Paris-CDG,2700,268,26182.29,2024-06-04
INVI01175,PRD0022,Dubai-Jebel Ali,989,118,662.83,2023-08-10
INVI01176,PRD0145,Paris-CDG,2784,58,22123.59,2023-04-26
INVI01177,PRD0356,Paris-CDG,2777,146,39237.52,2024-12-28
INVI01178,PRD0114,Milan-North,4245,234,32947.6,2024-03-18
INVI01179,PRD0415,Zurich-Center,4835,59,25397.85,2023-04-19
INVI01180,PRD0399,Amsterdam-Port,561,74,16449.07,2024-02-29
INVI01181,PRD0292,Madrid-Central,3424,55,35590.54,2024-10-13
INVI01182,PRD0039,London-Heathrow,2380,281,17217.98,2024-04-03
INVI01183,PRD0425,New York-NJ,2115,86,20238.69,2023-06-02
INVI01184,PRD0362,Milan-North,4636,184,34560.72,2024-02-11
INVI01185,PRD0398,London-Heathrow,422,167,32733.49,2023-10-01
INVI01186,PRD0319,Dubai-Jebel Ali,4587,250,33571.04,2024-08-21
INVI01187,PRD0462,Milan-North,4905,69,33892.46,2024-02-03
INVI01188,PRD0003,Zurich-Center,1217,50,9802.76,2023-03-22
INVI01189,PRD0371,Madrid-Central,3544,144,16701.78,2024-12-04
INVI01190,PRD0182,Singapore-Hub,982,244,16794.4,2023-12-29
INVI01191,PRD0252,Dubai-Jebel Ali,790,104,927.53,2024-08-11
INVI01192,PRD0320,Milan-North,469,127,9420.13,2024-05-28
INVI01193,PRD0292,New York-NJ,2381,216,4035.07,2023-10-05
INVI01194,PRD0181,Paris-CDG,4328,148,5783.84,2024-12-24
INVI01195,PRD0478,Zurich-Center,2645,98,31776.39,2023-05-14
INVI01196,PRD0394,London-Heathrow,1852,55,18881.11,2023-06-01
INVI01197,PRD0139,Dubai-Jebel Ali,4007,148,10201.83,2023-07-10
INVI01198,PRD0212,Frankfurt-Main,1782,221,34658.96,2024-01-08
INVI01199,PRD0418,Milan-North,4014,114,12837.38,2024-02-11
INVI01200,PRD0061,Dubai-Jebel Ali,109,226,12930.02,2024-05-31
INVI01201,PRD0103,Zurich-Center,2010,129,35382.8,2023-02-07
INVI01202,PRD0266,Amsterdam-Port,3022,119,25346.9,2023-10-13
INVI01203,PRD0431,London-Heathrow,3881,181,21225.42,2024-08-01
INVI01204,PRD0280,Dubai-Jebel Ali,1023,200,6895.95,2024-03-19
INVI01205,PRD0314,New York-NJ,3054,147,24536.72,2023-07-02
INVI01206,PRD0190,Zurich-Center,3397,257,5700.03,2024-04-14
INVI01207,PRD0224,London-Heathrow,1137,111,16584.44,2023-08-30
INVI01208,PRD0043,London-Heathrow,3850,137,9243.22,2023-09-18
INVI01209,PRD0063,Dubai-Jebel Ali,1686,206,29586.41,2024-12-21
INVI01210,PRD0386,Milan-North,2778,212,39605.09,2024-07-28
INVI01211,PRD0421,Paris-CDG,1318,281,38476.77,2023-05-18
INVI01212,PRD0458,Dubai-Jebel Ali,145,72,34438.53,2024-05-24
INVI01213,PRD0042,Paris-CDG,3444,83,22569.86,2024-01-07
INVI01214,PRD0445,Paris-CDG,1093,241,15475.25,2024-08-08
INVI01215,PRD0147,Madrid-Central,3725,107,31082.26,2024-11-13
INVI01216,PRD0110,Madrid-Central,782,275,33560.8,2023-10-16
INVI01217,PRD0357,Amsterdam-Port,599,57,29724.51,2023-07-10
INVI01218,PRD0487,Amsterdam-Port,1013,261,21152.95,2024-11-09
INVI01219,PRD0384,New York-NJ,3839,269,22933.28,2023-02-21
INVI01220,PRD0455,New York-NJ,3457,213,19464.37,2023-09-21
INVI01221,PRD0241,Singapore-Hub,1112,242,2088.57,2023-04-10
INVI01222,PRD0041,Paris-CDG,2418,50,22061.14,2024-06-05
INVI01223,PRD0129,Amsterdam-Port,3836,266,22321.21,2024-02-08
INVI01224,PRD0010,Frankfurt-Main,4474,164,18761.65,2024-05-02
INVI01225,PRD0403,Zurich-Center,2832,214,8883.12,2023-10-17
INVI01226,PRD0073,London-Heathrow,2658,104,23667.08,2024-09-22
INVI01227,PRD0067,London-Heathrow,2160,82,14416.13,2024-05-19
INVI01228,PRD0245,Singapore-Hub,1486,166,18258.39,2024-01-06
INVI01229,PRD0229,Milan-North,392,92,39805.04,2024-11-05
INVI01230,PRD0412,Dubai-Jebel Ali,4305,274,13784.11,2023-04-06
INVI01231,PRD0052,Madrid-Central,4311,129,17290.4,2023-02-05
INVI01232,PRD0117,New York-NJ,1553,185,9227.11,2024-02-10
INVI01233,PRD0365,Dubai-Jebel Ali,4007,188,33290.76,2023-11-01
INVI01234,PRD0091,Paris-CDG,2337,168,13262.4,2024-12-05
INVI01235,PRD0321,Zurich-Center,4591,113,14752.88,2024-05-30
INVI01236,PRD0406,Zurich-Center,2548,164,30117.6,2023-02-27
INVI01237,PRD0451,New York-NJ,4720,229,38088.14,2023-09-08
INVI01238,PRD0350,Zurich-Center,1455,184,13626.51,2023-05-14
INVI01239,PRD0331,Paris-CDG,1230,299,37349.74,2023-11-14
INVI01240,PRD0209,Frankfurt-Main,3438,232,26613.28,2024-10-22
INVI01241,PRD0243,Zurich-Center,2374,155,29850.29,2024-03-31
INVI01242,PRD0331,Singapore-Hub,4303,220,31728.39,2024-06-16
INVI01243,PRD0390,Zurich-Center,4233,251,17392.04,2024-02-29
INVI01244,PRD0383,Frankfurt-Main,1841,272,22976.17,2024-09-25
INVI01245,PRD0368,Madrid-Central,2687,300,31411.66,2023-05-19
INVI01246,PRD0361,Frankfurt-Main,940,232,22419.8,2024-03-24
INVI01247,PRD0089,Amsterdam-Port,2721,296,25221.98,2023-03-31
INVI01248,PRD0317,Madrid-Central,3773,104,19783.29,2024-08-07
INVI01249,PRD0217,London-Heathrow,3285,222,7884.15,2024-08-20
INVI01250,PRD0195,Milan-North,2392,246,38398.27,2024-09-29
INVI01251,PRD0450,Singapore-Hub,3807,195,3454.07,2024-05-05
INVI01252,PRD0284,London-Heathrow,1107,55,1778.82,2024-10-22
INVI01253,PRD0064,Paris-CDG,247,74,29699.35,2023-07-02
INVI01254,PRD0259,New York-NJ,3409,202,2327.19,2023-07-06
INVI01255,PRD0164,Frankfurt-Main,2636,175,12948.05,2023-12-15
INVI01256,PRD0056,Madrid-Central,4773,246,30195.13,2023-02-13
INVI01257,PRD0290,New York-NJ,3647,75,25306.01,2024-11-17
INVI01258,PRD0412,Paris-CDG,4188,52,82.56,2023-09-29
INVI01259,PRD0324,Milan-North,4217,227,19360.22,2023-07-07
INVI01260,PRD0140,London-Heathrow,1429,173,34315.17,2024-10-18
INVI01261,PRD0151,Zurich-Center,3228,158,13995.85,2024-11-06
INVI01262,PRD0066,Zurich-Center,2436,258,20660.65,2023-02-15
INVI01263,PRD0487,Milan-North,941,166,4989.42,2024-04-20
INVI01264,PRD0080,Milan-North,523,96,26108.34,2023-09-20
INVI01265,PRD0106,Amsterdam-Port,2683,109,37782.98,2024-04-19
INVI01266,PRD0192,Singapore-Hub,3965,177,17782.21,2023-09-14
INVI01267,PRD0463,London-Heathrow,3178,254,33322.41,2023-12-09
INVI01268,PRD0273,Singapore-Hub,2643,62,8288.54,2023-03-13
INVI01269,PRD0005,Madrid-Central,4835,162,23978.64,2023-09-20
INVI01270,PRD0001,Singapore-Hub,3910,69,25189.34,2024-12-03
INVI01271,PRD0322,London-Heathrow,4177,57,38223.73,2024-02-27
INVI01272,PRD0044,Zurich-Center,4885,59,19265.14,2023-09-28
INVI01273,PRD0202,New York-NJ,3377,204,30522.56,2024-11-15
INVI01274,PRD0140,Singapore-Hub,1241,253,33790.46,2023-04-03
INVI01275,PRD0236,Frankfurt-Main,1394,124,30726.5,2024-01-13
INVI01276,PRD0200,New York-NJ,4099,218,32390.53,2023-02-21
INVI01277,PRD0112,London-Heathrow,2852,243,7905.08,2024-08-09
INVI01278,PRD0191,London-Heathrow,2968,133,21290.12,2024-01-24
INVI01279,PRD0251,Amsterdam-Port,2622,236,440.59,2024-07-27
INVI01280,PRD0389,Frankfurt-Main,453,219,19978.78,2024-06-19
INVI01281,PRD0353,Amsterdam-Port,4877,126,32471.46,2024-01-31
INVI01282,PRD0138,New York-NJ,589,96,27200.99,2023-04-01
INVI01283,PRD0134,Zurich-Center,4976,102,26257.31,2024-11-17
INVI01284,PRD0478,Amsterdam-Port,879,247,22932.96,2023-06-30
INVI01285,PRD0441,Singapore-Hub,2734,150,27927.47,2023-09-19
INVI01286,PRD0115,Zurich-Center,313,199,12748.17,2024-10-06
INVI01287,PRD0310,Milan-North,3221,277,39685.21,2023-08-11
INVI01288,PRD0009,Paris-CDG,3226,101,15614.93,2024-12-29
INVI01289,PRD0474,Frankfurt-Main,440,141,27159.33,2024-02-03
INVI01290,PRD0133,Paris-CDG,3648,180,18503.58,2024-12-30
INVI01291,PRD0434,Paris-CDG,2461,264,36381.73,2023-04-21
INVI01292,PRD0047,Amsterdam-Port,2981,245,34544.86,2023-07-20
INVI01293,PRD0448,Singapore-Hub,2018,204,16636.33,2023-06-13
INVI01294,PRD0248,London-Heathrow,4879,131,23238.18,2024-07-11
INVI01295,PRD0201,Singapore-Hub,3774,170,27884.98,2023-12-09
INVI01296,PRD0185,Madrid-Central,4233,201,23399.12,2023-02-07
INVI01297,PRD0243,Frankfurt-Main,1492,227,23520.86,2024-09-11
INVI01298,PRD0197,Zurich-Center,4926,288,3862.04,2023-10-27
INVI01299,PRD0361,Dubai-Jebel Ali,1499,299,32887.25,2024-05-04
INVI01300,PRD0005,Paris-CDG,1042,196,9906.54,2024-12-13
INVI01301,PRD0423,Frankfurt-Main,1737,82,15655.97,2024-08-08
INVI01302,PRD0100,Singapore-Hub,2144,157,808.06,2023-03-07
INVI01303,PRD0128,New York-NJ,4464,266,21439.06,2023-03-19
INVI01304,PRD0185,Singapore-Hub,3948,71,27733.68,2024-09-14
INVI01305,PRD0035,Dubai-Jebel Ali,2178,94,28021.38,2024-10-23
INVI01306,PRD0192,Frankfurt-Main,4836,140,31863.95,2023-03-29
INVI01307,PRD0243,New York-NJ,2986,136,22327.84,2023-06-10
INVI01308,PRD0080,Amsterdam-Port,3019,142,35318.74,2024-12-08
INVI01309,PRD0280,Milan-North,4557,175,26733.87,2024-03-23
INVI01310,PRD0100,Paris-CDG,1239,246,5930.73,2024-12-31
INVI01311,PRD0091,Zurich-Center,1825,254,9436.79,2023-05-28
INVI01312,PRD0279,Singapore-Hub,4318,206,19924.16,2024-01-19
INVI01313,PRD0372,Amsterdam-Port,2873,255,36219.9,2024-10-26
INVI01314,PRD0210,Madrid-Central,3968,291,6282.81,2024-06-22
INVI01315,PRD0341,Madrid-Central,4086,118,16506.16,2024-11-23
INVI01316,PRD0185,Milan-North,277,166,27384.25,2024-06-16
INVI01317,PRD0126,Frankfurt-Main,80,286,38596.9,2024-07-17
INVI01318,PRD0486,Milan-North,403,184,21862.31,2024-07-06
INVI01319,PRD0246,Milan-North,3302,239,12433.75,2023-12-26
INVI01320,PRD0385,Paris-CDG,2772,188,4462.35,2023-01-13
INVI01321,PRD0164,Dubai-Jebel Ali,86,77,80.31,2024-10-19
INVI01322,PRD0285,New York-NJ,3985,202,19683.06,2023-09-24
INVI01323,PRD0130,Singapore-Hub,3565,70,23539.12,2024-04-02
INVI01324,PRD0273,Dubai-Jebel Ali,3496,146,7770.58,2024-01-29
INVI01325,PRD0403,Madrid-Central,3183,245,13233.16,2023-08-13
INVI01326,PRD0120,Madrid-Central,3638,163,11074.56,2024-08-10
INVI01327,PRD0210,Amsterdam-Port,1627,293,19190.88,2023-06-01
INVI01328,PRD0080,New York-NJ,1394,178,4595.44,2023-03-18
INVI01329,PRD0177,Paris-CDG,1485,105,19407.23,2023-07-31
INVI01330,PRD0282,Singapore-Hub,2006,123,39477.99,2023-02-21
INVI01331,PRD0166,London-Heathrow,944,203,11605.9,2023-11-24
INVI01332,PRD0466,Paris-CDG,2068,171,5239.96,2024-03-02
INVI01333,PRD0014,Zurich-Center,3917,271,36367.47,2024-07-31
INVI01334,PRD0219,London-Heathrow,4875,69,10801.86,2024-08-24
INVI01335,PRD0250,Singapore-Hub,1935,299,38810.25,2024-01-22
INVI01336,PRD0009,Zurich-Center,4363,242,29664.49,2023-11-21
INVI01337,PRD0298,Frankfurt-Main,4968,192,3743.49,2023-11-02
INVI01338,PRD0249,Amsterdam-Port,3185,161,14606.25,2024-09-20
INVI01339,PRD0226,Dubai-Jebel Ali,4318,139,20968.43,2023-11-03
INVI01340,PRD0260,Zurich-Center,2837,281,26190.08,2024-01-06
INVI01341,PRD0232,Frankfurt-Main,2004,78,31995.57,2024-09-18
INVI01342,PRD0275,Madrid-Central,2149,117,38324.67,2024-09-07
INVI01343,PRD0478,New York-NJ,528,285,17416.93,2024-08-01
INVI01344,PRD0164,London-Heathrow,2776,172,10053.96,2024-05-03
INVI01345,PRD0248,Madrid-Central,1941,162,25615.6,2023-03-23
INVI01346,PRD0073,Amsterdam-Port,4158,120,20618.23,2024-03-31
INVI01347,PRD0190,New York-NJ,595,251,34290.84,2024-09-27
INVI01348,PRD0042,Dubai-Jebel Ali,4610,263,20775.61,2023-12-07
INVI01349,PRD0192,Singapore-Hub,4854,272,26759.17,2023-08-15
INVI01350,PRD0065,London-Heathrow,4871,60,25577.23,2023-01-30
INVI01351,PRD0471,Paris-CDG,2651,200,511.57,2023-10-21
INVI01352,PRD0180,Frankfurt-Main,3589,108,15203.77,2024-07-17
INVI01353,PRD0187,Madrid-Central,265,132,29179.69,2023-03-10
INVI01354,PRD0293,Amsterdam-Port,2271,127,37023.82,2023-10-25
INVI01355,PRD0210,London-Heathrow,3844,76,39227.41,2023-07-12
INVI01356,PRD0313,Amsterdam-Port,2023,290,35336.17,2023-02-26
INVI01357,PRD0397,New York-NJ,2754,110,8103.09,2023-07-19
INVI01358,PRD0449,Milan-North,3869,130,37309.44,2024-08-22
INVI01359,PRD0344,Dubai-Jebel Ali,164,196,15850.14,2023-06-10
INVI01360,PRD0258,London-Heathrow,983,202,16145.51,2023-01-01
INVI01361,PRD0269,Singapore-Hub,4588,175,30561.01,2023-11-30
INVI01362,PRD0325,Singapore-Hub,4130,216,34385.37,2023-05-30
INVI01363,PRD0399,Singapore-Hub,1559,169,34080.54,2024-03-11
INVI01364,PRD0127,Paris-CDG,4816,288,18765.14,2023-08-13
INVI01365,PRD0298,Dubai-Jebel Ali,2025,272,17505.04,2024-01-30
INVI01366,PRD0211,Paris-CDG,4663,177,26300.72,2024-05-25
INVI01367,PRD0258,Milan-North,2744,299,465.18,2023-02-26
INVI01368,PRD0352,Madrid-Central,2272,143,26477.15,2024-03-30
INVI01369,PRD0361,London-Heathrow,4920,152,6299.98,2024-09-16
INVI01370,PRD0459,Paris-CDG,669,54,37164.61,2024-09-18
INVI01371,PRD0119,London-Heathrow,1208,153,14240.58,2024-04-04
INVI01372,PRD0265,London-Heathrow,2831,124,15444.73,2023-01-17
INVI01373,PRD0171,Zurich-Center,2492,221,3154.81,2023-12-26
INVI01374,PRD0218,Singapore-Hub,991,67,18363.34,2023-11-24
INVI01375,PRD0105,Zurich-Center,4514,265,30830.45,2024-03-28
INVI01376,PRD0085,Madrid-Central,2586,191,3640.62,2024-08-27
INVI01377,PRD0403,Dubai-Jebel Ali,3771,221,1391.27,2024-06-02
INVI01378,PRD0344,Dubai-Jebel Ali,2491,51,19803.87,2024-12-29
INVI01379,PRD0162,Amsterdam-Port,4510,256,108.75,2023-07-20
INVI01380,PRD0380,New York-NJ,2774,208,25073.7,2023-05-26
INVI01381,PRD0224,Dubai-Jebel Ali,1777,272,24776.16,2024-01-15
INVI01382,PRD0018,Singapore-Hub,196,139,3301.21,2023-07-14
INVI01383,PRD0437,Paris-CDG,3348,205,16628.01,2023-07-06
INVI01384,PRD0034,London-Heathrow,4380,77,12716.53,2024-07-14
INVI01385,PRD0125,Dubai-Jebel Ali,3685,250,1143.18,2023-07-07
INVI01386,PRD0248,Dubai-Jebel Ali,2732,107,18002.83,2024-07-24
INVI01387,PRD0395,London-Heathrow,914,123,39141.38,2024-08-10
INVI01388,PRD0088,Madrid-Central,691,107,18935.89,2024-05-05
INVI01389,PRD0124,Paris-CDG,3490,226,7704.8,2023-02-06
INVI01390,PRD0425,Dubai-Jebel Ali,3047,185,8645.72,2024-02-22
INVI01391,PRD0287,Madrid-Central,4111,102,39111.55,2024-03-11
INVI01392,PRD0399,Dubai-Jebel Ali,1012,158,17732.96,2023-07-23
INVI01393,PRD0275,New York-NJ,3486,136,26675,2023-02-17
INVI01394,PRD0479,New York-NJ,3889,173,14868.31,2023-12-25
INVI01395,PRD0289,Milan-North,3677,250,9755.68,2023-12-01
INVI01396,PRD0149,Frankfurt-Main,24,131,37738.81,2024-10-16
INVI01397,PRD0343,Singapore-Hub,3943,280,26364.41,2023-12-29
INVI01398,PRD0007,Madrid-Central,320,95,13141.82,2024-06-29
INVI01399,PRD0334,Zurich-Center,4113,190,2606.38,2024-10-05
INVI01400,PRD0277,Milan-North,2665,185,17913.21,2023-08-05
INVI01401,PRD0176,Singapore-Hub,4127,124,30247.75,2024-04-28
INVI01402,PRD0323,London-Heathrow,380,184,870.78,2023-10-23
INVI01403,PRD0482,Frankfurt-Main,134,253,11464.61,2024-01-14
INVI01404,PRD0031,Singapore-Hub,2481,198,9802.91,2024-02-20
INVI01405,PRD0195,Paris-CDG,4284,221,4772.92,2024-11-27
INVI01406,PRD0421,Frankfurt-Main,704,137,25415.78,2024-10-06
INVI01407,PRD0196,New York-NJ,731,109,25923.19,2023-01-18
INVI01408,PRD0361,Madrid-Central,3608,219,26183.1,2023-02-16
INVI01409,PRD0022,Paris-CDG,2554,135,22088.8,2023-02-04
INVI01410,PRD0486,Dubai-Jebel Ali,4810,85,5222.32,2024-05-04
INVI01411,PRD0012,New York-NJ,4675,209,27277.21,2024-10-28
INVI01412,PRD0197,Madrid-Central,4972,252,12323.87,2023-09-05
INVI01413,PRD0171,New York-NJ,2853,239,27846.55,2024-10-27
INVI01414,PRD0423,Dubai-Jebel Ali,333,285,27116.28,2024-11-02
INVI01415,PRD0202,Amsterdam-Port,4607,105,16149.93,2024-05-13
INVI01416,PRD0072,London-Heathrow,2493,142,13021.79,2024-06-06
INVI01417,PRD0470,Frankfurt-Main,3969,59,20968.62,2023-08-15
INVI01418,PRD0121,Milan-North,529,250,30531.83,2023-10-31
INVI01419,PRD0447,London-Heathrow,2135,119,25883.22,2024-09-19
INVI01420,PRD0323,New York-NJ,3288,229,9926.43,2024-09-14
INVI01421,PRD0019,Paris-CDG,285,116,14291.5,2024-08-28
INVI01422,PRD0465,Dubai-Jebel Ali,148,119,28065,2024-07-17
INVI01423,PRD0445,Dubai-Jebel Ali,3417,176,25286.01,2023-11-20
INVI01424,PRD0054,Madrid-Central,83,225,23022.63,2023-04-23
INVI01425,PRD0379,Singapore-Hub,417,194,23190.39,2024-04-03
INVI01426,PRD0108,Frankfurt-Main,4078,261,576.19,2024-08-27
INVI01427,PRD0257,Frankfurt-Main,3260,298,16263.29,2024-06-30
INVI01428,PRD0467,Dubai-Jebel Ali,840,107,35734.84,2023-08-24
INVI01429,PRD0440,Dubai-Jebel Ali,2408,147,24117.47,2024-11-26
INVI01430,PRD0093,Dubai-Jebel Ali,785,143,2204.87,2024-01-26
INVI01431,PRD0130,Milan-North,2139,287,16365.98,2023-06-07
INVI01432,PRD0190,Singapore-Hub,1897,78,6208.41,2023-12-24
INVI01433,PRD0113,New York-NJ,884,82,17666.18,2024-08-30
INVI01434,PRD0257,Singapore-Hub,3233,94,30815.67,2023-06-15
INVI01435,PRD0403,Zurich-Center,2905,287,19936.9,2024-10-16
INVI01436,PRD0300,Madrid-Central,4000,121,14567.12,2024-07-22
INVI01437,PRD0031,Zurich-Center,4141,207,31350.1,2023-05-03
INVI01438,PRD0239,Amsterdam-Port,1806,72,30342.62,2024-05-22
INVI01439,PRD0049,New York-NJ,301,278,11124.25,2024-01-27
INVI01440,PRD0481,Frankfurt-Main,2171,263,36331.08,2023-09-16
INVI01441,PRD0230,Frankfurt-Main,3419,135,1494.94,2023-09-29
INVI01442,PRD0135,Frankfurt-Main,3030,97,17217.01,2023-10-18
INVI01443,PRD0496,Milan-North,4097,239,25322.23,2024-09-05
INVI01444,PRD0463,New York-NJ,4882,123,29141.45,2024-01-13
INVI01445,PRD0132,Frankfurt-Main,4696,254,35341.32,2023-08-13
INVI01446,PRD0478,Singapore-Hub,4568,61,10186.53,2024-06-02
INVI01447,PRD0249,New York-NJ,1106,55,24125.56,2024-07-14
INVI01448,PRD0414,Amsterdam-Port,3639,113,23777.29,2023-11-30
INVI01449,PRD0377,London-Heathrow,2559,280,6961.3,2024-05-01
INVI01450,PRD0344,New York-NJ,19,230,32069.87,2023-10-16
INVI01451,PRD0338,Frankfurt-Main,2547,161,10475.95,2023-10-04
INVI01452,PRD0002,London-Heathrow,3566,227,4976.49,2023-12-27
INVI01453,PRD0098,Madrid-Central,1269,133,14141.81,2024-01-30
INVI01454,PRD0045,Dubai-Jebel Ali,1617,86,32693.86,2024-03-16
INVI01455,PRD0369,London-Heathrow,723,103,21343.83,2023-05-06
INVI01456,PRD0442,Milan-North,2823,68,33701.78,2024-08-12
INVI01457,PRD0342,Milan-North,2237,288,5318.31,2024-10-05
INVI01458,PRD0186,London-Heathrow,3942,136,285,2024-02-16
INVI01459,PRD0463,Dubai-Jebel Ali,4123,213,2489.12,2023-10-08
INVI01460,PRD0332,Dubai-Jebel Ali,1408,228,549.5,2023-06-10
INVI01461,PRD0242,Frankfurt-Main,1239,150,7542.13,2023-11-11
INVI01462,PRD0017,London-Heathrow,1735,175,21189.33,2023-04-18
INVI01463,PRD0376,Amsterdam-Port,1240,154,18805.09,2024-04-07
INVI01464,PRD0127,Amsterdam-Port,1266,274,16388.86,2024-04-04
INVI01465,PRD0229,New York-NJ,3596,124,17388,2024-09-21
INVI01466,PRD0172,Dubai-Jebel Ali,4167,270,4962.37,2024-10-11
INVI01467,PRD0433,Madrid-Central,3152,187,38781.87,2024-10-17
INVI01468,PRD0362,Singapore-Hub,2410,199,27446.1,2024-08-11
INVI01469,PRD0149,Madrid-Central,4973,206,7771.42,2023-03-16
INVI01470,PRD0104,New York-NJ,4005,138,25495.51,2024-05-21
INVI01471,PRD0081,New York-NJ,3349,179,10440.16,2024-09-10
INVI01472,PRD0494,Paris-CDG,2706,108,16185.42,2024-03-08
INVI01473,PRD0460,Singapore-Hub,4107,103,30534.99,2023-02-02
INVI01474,PRD0098,Frankfurt-Main,3250,81,36079.62,2024-12-29
INVI01475,PRD0398,Amsterdam-Port,879,173,18018.38,2023-01-16
INVI01476,PRD0175,Amsterdam-Port,2477,60,36607.26,2024-07-21
INVI01477,PRD0349,Dubai-Jebel Ali,1815,98,8004.23,2024-10-31
INVI01478,PRD0164,Frankfurt-Main,4195,54,4233.9,2024-02-17
INVI01479,PRD0144,Dubai-Jebel Ali,92,90,9996.24,2023-05-19
INVI01480,PRD0276,Paris-CDG,976,273,23887.72,2024-05-27
INVI01481,PRD0271,Zurich-Center,2993,294,7774.02,2023-04-23
INVI01482,PRD0182,Madrid-Central,1974,194,19371.29,2023-04-07
INVI01483,PRD0185,Singapore-Hub,2015,116,32368.6,2023-11-22
INVI01484,PRD0297,Frankfurt-Main,176,222,15115.65,2024-03-12
INVI01485,PRD0007,Dubai-Jebel Ali,3442,266,7350.33,2024-01-25
INVI01486,PRD0181,Paris-CDG,2373,151,1534.18,2023-05-25
INVI01487,PRD0211,London-Heathrow,1175,129,34515.71,2024-05-21
INVI01488,PRD0283,Zurich-Center,1079,87,37325.34,2023-12-11
INVI01489,PRD0054,Dubai-Jebel Ali,1199,272,38332.33,2024-03-12
INVI01490,PRD0493,Frankfurt-Main,2004,136,1743.62,2024-03-01
INVI01491,PRD0065,Frankfurt-Main,494,185,11577.84,2023-03-21
INVI01492,PRD0166,Singapore-Hub,4767,177,36930.71,2023-01-19
INVI01493,PRD0203,London-Heathrow,4288,66,1506.07,2024-09-18
INVI01494,PRD0245,Milan-North,1506,272,38241.51,2024-06-27
INVI01495,PRD0203,New York-NJ,3065,62,39225.18,2023-08-08
INVI01496,PRD0215,Dubai-Jebel Ali,761,245,15665.51,2024-11-20
INVI01497,PRD0478,London-Heathrow,931,124,1698.05,2023-08-20
INVI01498,PRD0242,Amsterdam-Port,441,184,27442.43,2024-04-09
INVI01499,PRD0043,Madrid-Central,1619,198,735.25,2024-09-25
INVI01500,PRD0006,Zurich-Center,1270,56,36538.16,2023-12-16
