"  erp_sales_orders  ·  1,000 lignes  ·  9 colonnes",Unnamed: 1,Unnamed: 2,Unnamed: 3,Unnamed: 4,Unnamed: 5,Unnamed: 6,Unnamed: 7,Unnamed: 8,Unnamed: 9
order_id,customer_id,order_date,delivery_date,amount,status,sales_rep_id,currency,notes,delivery_status
SO00001,CUS0046,2024-03-12,2024-04-13,399065.24,Delivered,EMP0002,TND,Expedited shipping,Late
SO00002,CUS0127,2023-08-06,2023-08-31,259264.62,Shipped,EMP0115,TND,,At Risk
SO00003,CUS0184,2024-12-07,2025-01-17,422342.72,Cancelled,EMP0044,TND,Standard delivery,Cancelled
SO00004,CUS0044,2023-04-19,2023-05-25,118063.99,Pending,EMP0085,TND,Expedited shipping,Pending
SO00005,CUS0153,2022-11-09,2023-01-05,413958.73,Confirmed,EMP0035,TND,,Pending
SO00006,CUS0172,2024-07-17,2024-09-05,91453.65,Shipped,EMP0066,TND,Standard delivery,On Time
SO00007,CUS0076,2022-08-18,2022-10-01,337029.47,Confirmed,EMP0141,TND,Pre-payment required,Pending
SO00008,CUS0198,2024-09-29,2024-10-29,149362.33,Pending,EMP0130,TND,,Pending
SO00009,CUS0080,2024-04-02,2024-05-02,302076.23,Delivered,EMP0140,TND,Standard delivery,On Time
SO00010,CUS0122,2022-04-28,2022-06-26,316441.21,Cancelled,EMP0045,TND,Pre-payment required,Cancelled
SO00011,CUS0056,2024-05-27,2024-06-28,208490.03,Cancelled,EMP0134,TND,Expedited shipping,Cancelled
SO00012,CUS0090,2024-09-06,2024-10-06,489144.57,Shipped,EMP0005,TND,Pre-payment required,On Time
SO00013,CUS0140,2023-11-20,2023-12-12,272132.94,Shipped,EMP0010,TND,Standard delivery,At Risk
SO00014,CUS0192,2024-10-20,2024-11-25,484806.61,Cancelled,EMP0149,TND,Standard delivery,Cancelled
SO00015,CUS0030,2023-01-21,2023-02-25,395824.31,Pending,EMP0020,TND,Expedited shipping,Pending
SO00016,CUS0151,2024-01-13,2024-03-05,252660.44,Shipped,EMP0050,TND,Expedited shipping,At Risk
SO00017,CUS0029,2023-04-30,2023-06-27,379894.43,Delivered,EMP0149,TND,Frame agreement order,On Time
SO00018,CUS0005,2023-06-26,2023-07-10,29136.64,Shipped,EMP0104,TND,Standard delivery,At Risk
SO00019,CUS0159,2022-07-05,2022-08-24,103948.68,Confirmed,EMP0084,TND,Expedited shipping,Pending
SO00020,CUS0112,2022-01-15,2022-02-01,493177.6,Delivered,EMP0014,TND,,Late
SO00021,CUS0020,2023-03-01,2023-04-01,372904.37,Confirmed,EMP0099,TND,Frame agreement order,Pending
SO00022,CUS0060,2023-04-10,2023-04-24,192674.38,Shipped,EMP0014,TND,,On Time
SO00023,CUS0049,2022-11-16,2022-11-29,8861.8,Delivered,EMP0022,TND,Frame agreement order,Late
SO00024,CUS0155,2022-09-05,2022-11-01,293130.84,Shipped,EMP0120,TND,Pre-payment required,On Time
SO00025,CUS0086,2022-04-05,2022-05-30,59516.43,Cancelled,EMP0093,TND,Standard delivery,Cancelled
SO00026,CUS0154,2022-05-31,2022-07-22,10749.22,Shipped,EMP0106,TND,Frame agreement order,On Time
SO00027,CUS0164,2023-04-22,2023-05-21,82862.37,Delivered,EMP0058,TND,Pre-payment required,On Time
SO00028,CUS0023,2024-01-26,2024-03-03,400888.49,Confirmed,EMP0093,TND,Expedited shipping,Pending
SO00029,CUS0029,2023-06-25,2023-07-17,327819.28,Pending,EMP0039,TND,Expedited shipping,Pending
SO00030,CUS0194,2024-12-15,2025-01-15,242073.88,Pending,EMP0014,TND,Frame agreement order,Pending
SO00031,CUS0084,2024-04-28,2024-06-21,214598.53,Confirmed,EMP0076,TND,,Pending
SO00032,CUS0050,2022-12-10,2023-01-09,442392.29,Delivered,EMP0114,TND,Pre-payment required,On Time
SO00033,CUS0171,2022-06-16,2022-07-12,292088.36,Shipped,EMP0121,TND,Standard delivery,On Time
SO00034,CUS0087,2024-10-17,2024-11-05,79823.61,Delivered,EMP0127,TND,Pre-payment required,Late
SO00035,CUS0101,2022-12-01,2022-12-15,161374.69,Delivered,EMP0134,TND,,Late
SO00036,CUS0153,2024-12-09,2025-02-05,358530.2,Delivered,EMP0142,TND,Expedited shipping,On Time
SO00037,CUS0123,2022-07-22,2022-08-04,162037.98,Pending,EMP0024,TND,Standard delivery,Pending
SO00038,CUS0042,2023-06-13,2023-08-05,135231.72,Confirmed,EMP0075,TND,,Pending
SO00039,CUS0094,2023-10-01,2023-10-27,483245.75,Delivered,EMP0056,TND,Standard delivery,Late
SO00040,CUS0114,2023-02-22,2023-03-05,461929.11,Delivered,EMP0068,TND,Standard delivery,Late
SO00041,CUS0175,2022-01-02,2022-02-04,204132.2,Shipped,EMP0080,TND,Pre-payment required,On Time
SO00042,CUS0139,2022-04-20,2022-05-19,240415.06,Pending,EMP0050,TND,Pre-payment required,Pending
SO00043,CUS0032,2022-01-16,2022-03-05,490334.96,Pending,EMP0127,TND,Frame agreement order,Pending
SO00044,CUS0119,2022-07-02,2022-07-10,196541.49,Confirmed,EMP0010,TND,Standard delivery,Pending
SO00045,CUS0173,2022-08-01,2022-08-16,228707.74,Cancelled,EMP0057,TND,Standard delivery,Cancelled
SO00046,CUS0162,2024-12-05,2025-02-03,326738.63,Delivered,EMP0042,TND,Standard delivery,On Time
SO00047,CUS0082,2023-05-16,2023-06-22,295630,Shipped,EMP0109,TND,Pre-payment required,At Risk
SO00048,CUS0008,2022-01-26,2022-02-06,287019.51,Shipped,EMP0075,TND,Expedited shipping,On Time
SO00049,CUS0186,2024-03-27,2024-04-06,356255.78,Delivered,EMP0142,TND,Expedited shipping,On Time
SO00050,CUS0020,2023-08-19,2023-09-02,213467.16,Shipped,EMP0053,TND,Pre-payment required,At Risk
SO00051,CUS0078,2022-12-20,2023-02-07,355145.14,Pending,EMP0032,TND,Pre-payment required,Pending
SO00052,CUS0082,2024-08-26,2024-09-20,331144.73,Delivered,EMP0037,TND,Pre-payment required,Late
SO00053,CUS0038,2024-12-17,2025-01-01,118268.14,Pending,EMP0109,TND,Pre-payment required,Pending
SO00054,CUS0191,2022-09-16,2022-09-27,399314.27,Delivered,EMP0131,TND,Pre-payment required,On Time
SO00055,CUS0015,2024-03-30,2024-04-20,261667.12,Cancelled,EMP0090,TND,Standard delivery,Cancelled
SO00056,CUS0158,2023-11-24,2023-12-10,122842.65,Delivered,EMP0101,TND,Pre-payment required,On Time
SO00057,CUS0017,2022-10-28,2022-12-22,250147.04,Delivered,EMP0066,TND,Pre-payment required,On Time
SO00058,CUS0195,2023-01-21,2023-02-11,53782.01,Delivered,EMP0070,TND,,On Time
SO00059,CUS0003,2023-10-07,2023-11-10,21697.7,Shipped,EMP0074,TND,Standard delivery,On Time
SO00060,CUS0177,2022-07-16,2022-08-05,240523.51,Pending,EMP0058,TND,Pre-payment required,Pending
SO00061,CUS0191,2024-05-20,2024-07-16,124839.27,Pending,EMP0004,TND,Frame agreement order,Pending
SO00062,CUS0164,2022-04-04,2022-05-11,270086.71,Cancelled,EMP0083,TND,Frame agreement order,Cancelled
SO00063,CUS0014,2024-02-09,2024-02-23,280926.93,Cancelled,EMP0059,TND,Standard delivery,Cancelled
SO00064,CUS0028,2023-07-16,2023-09-05,338471.52,Shipped,EMP0073,TND,Frame agreement order,At Risk
SO00065,CUS0128,2023-09-20,2023-10-12,122868.37,Confirmed,EMP0096,TND,,Pending
SO00066,CUS0064,2024-08-18,2024-09-21,380732.94,Delivered,EMP0009,TND,Standard delivery,Late
SO00067,CUS0129,2024-05-23,2024-07-18,183324.18,Shipped,EMP0062,TND,Standard delivery,On Time
SO00068,CUS0082,2024-09-17,2024-09-27,130785.98,Pending,EMP0145,TND,Expedited shipping,Pending
SO00069,CUS0005,2024-08-28,2024-09-09,456408.64,Pending,EMP0133,TND,Pre-payment required,Pending
SO00070,CUS0143,2024-03-25,2024-05-07,349782.99,Shipped,EMP0005,TND,,On Time
SO00071,CUS0044,2024-01-05,2024-02-17,15516.83,Shipped,EMP0009,TND,,On Time
SO00072,CUS0124,2023-12-19,2024-01-31,80814.75,Pending,EMP0136,TND,Pre-payment required,Pending
SO00073,CUS0187,2024-07-04,2024-07-20,198332.78,Cancelled,EMP0013,TND,Frame agreement order,Cancelled
SO00074,CUS0190,2023-02-25,2023-04-11,304773.74,Confirmed,EMP0074,TND,Standard delivery,Pending
SO00075,CUS0163,2024-05-22,2024-06-04,49740.75,Shipped,EMP0069,TND,Standard delivery,On Time
SO00076,CUS0046,2024-02-20,2024-04-14,246544.03,Cancelled,EMP0007,TND,,Cancelled
SO00077,CUS0189,2024-12-27,2025-02-19,329783.87,Delivered,EMP0129,TND,Expedited shipping,On Time
SO00078,CUS0196,2022-07-02,2022-07-16,79296.06,Pending,EMP0118,TND,,Pending
SO00079,CUS0155,2023-11-12,2023-11-27,439707.5,Confirmed,EMP0042,TND,Expedited shipping,Pending
SO00080,CUS0021,2023-05-10,2023-05-28,168015.22,Delivered,EMP0128,TND,Expedited shipping,On Time
SO00081,CUS0001,2023-12-11,2024-02-08,346614.95,Confirmed,EMP0133,TND,Pre-payment required,Pending
SO00082,CUS0032,2024-05-28,2024-07-01,91557.26,Delivered,EMP0030,TND,Pre-payment required,Late
SO00083,CUS0049,2022-07-08,2022-08-01,396622.9,Delivered,EMP0127,TND,Expedited shipping,Late
SO00084,CUS0052,2022-10-22,2022-11-18,327026.26,Confirmed,EMP0126,TND,Pre-payment required,Pending
SO00085,CUS0026,2023-01-04,2023-02-23,448466.18,Confirmed,EMP0004,TND,,Pending
SO00086,CUS0048,2023-06-02,2023-06-11,222447.09,Confirmed,EMP0124,TND,Pre-payment required,Pending
SO00087,CUS0095,2022-08-18,2022-10-05,256551.55,Pending,EMP0074,TND,Expedited shipping,Pending
SO00088,CUS0013,2023-12-03,2024-01-21,167996.78,Cancelled,EMP0035,TND,Pre-payment required,Cancelled
SO00089,CUS0165,2023-04-09,2023-06-06,453955.14,Cancelled,EMP0094,TND,Pre-payment required,Cancelled
SO00090,CUS0127,2024-10-03,2024-11-17,401359.68,Cancelled,EMP0058,TND,Frame agreement order,Cancelled
SO00091,CUS0172,2023-08-28,2023-10-24,95156.81,Confirmed,EMP0118,TND,,Pending
SO00092,CUS0117,2023-12-15,2023-12-31,115150.88,Pending,EMP0109,TND,Standard delivery,Pending
SO00093,CUS0150,2022-09-19,2022-10-05,47108.3,Shipped,EMP0027,TND,Standard delivery,On Time
SO00094,CUS0062,2022-05-31,2022-07-18,107701.22,Pending,EMP0008,TND,Frame agreement order,Pending
SO00095,CUS0049,2023-11-04,2023-12-04,473041.87,Pending,EMP0046,TND,Pre-payment required,Pending
SO00096,CUS0148,2024-04-09,2024-05-03,477565.95,Shipped,EMP0027,TND,Expedited shipping,At Risk
SO00097,CUS0036,2023-03-09,2023-05-07,365995.97,Confirmed,EMP0059,TND,Expedited shipping,Pending
SO00098,CUS0143,2022-03-10,2022-04-16,393749.31,Cancelled,EMP0083,TND,Frame agreement order,Cancelled
SO00099,CUS0197,2022-05-02,2022-06-26,383244.16,Cancelled,EMP0078,TND,Expedited shipping,Cancelled
SO00100,CUS0064,2022-08-03,2022-09-09,10909.04,Cancelled,EMP0091,TND,,Cancelled
SO00101,CUS0133,2024-06-19,2024-07-09,242463.85,Confirmed,EMP0032,TND,Expedited shipping,Pending
SO00102,CUS0109,2022-08-17,2022-10-15,473430.88,Cancelled,EMP0048,TND,Expedited shipping,Cancelled
SO00103,CUS0167,2024-02-09,2024-02-19,260352.87,Cancelled,EMP0054,TND,Frame agreement order,Cancelled
SO00104,CUS0096,2022-05-19,2022-06-01,314174.53,Pending,EMP0115,TND,,Pending
SO00105,CUS0070,2023-09-10,2023-11-01,301291.15,Cancelled,EMP0064,TND,,Cancelled
SO00106,CUS0051,2022-01-07,2022-02-11,320784.95,Delivered,EMP0060,TND,,Late
SO00107,CUS0025,2022-09-10,2022-10-01,397520.52,Delivered,EMP0016,TND,Pre-payment required,On Time
SO00108,CUS0102,2023-06-30,2023-07-17,156568.5,Shipped,EMP0081,TND,Pre-payment required,On Time
SO00109,CUS0113,2022-03-05,2022-04-12,441754.31,Pending,EMP0004,TND,Pre-payment required,Pending
SO00110,CUS0092,2023-04-22,2023-05-19,326755.84,Cancelled,EMP0133,TND,Expedited shipping,Cancelled
SO00111,CUS0068,2023-02-23,2023-04-06,363153.82,Pending,EMP0131,TND,Standard delivery,Pending
SO00112,CUS0145,2023-01-02,2023-02-19,374285.73,Cancelled,EMP0083,TND,Standard delivery,Cancelled
SO00113,CUS0187,2022-10-07,2022-11-17,143764.57,Delivered,EMP0142,TND,Expedited shipping,On Time
SO00114,CUS0132,2023-11-29,2024-01-06,369478.95,Confirmed,EMP0119,TND,Standard delivery,Pending
SO00115,CUS0110,2024-01-31,2024-03-27,150919.59,Shipped,EMP0061,TND,Expedited shipping,On Time
SO00116,CUS0115,2022-03-10,2022-05-05,12987.78,Delivered,EMP0107,TND,Frame agreement order,On Time
SO00117,CUS0166,2022-05-05,2022-06-23,350561.84,Confirmed,EMP0060,TND,Standard delivery,Pending
SO00118,CUS0147,2022-07-24,2022-09-19,493523.61,Delivered,EMP0024,TND,Standard delivery,On Time
SO00119,CUS0087,2023-11-12,2024-01-05,114008.2,Cancelled,EMP0063,TND,Frame agreement order,Cancelled
SO00120,CUS0186,2023-02-25,2023-03-11,421306.64,Shipped,EMP0015,TND,Expedited shipping,At Risk
SO00121,CUS0127,2024-09-25,2024-11-10,43201.17,Delivered,EMP0003,TND,Expedited shipping,On Time
SO00122,CUS0147,2024-09-21,2024-11-07,327804.59,Pending,EMP0107,TND,Standard delivery,Pending
SO00123,CUS0014,2022-10-08,2022-10-15,146963.88,Shipped,EMP0133,TND,Expedited shipping,At Risk
SO00124,CUS0123,2022-04-03,2022-04-19,404193.22,Delivered,EMP0047,TND,Pre-payment required,On Time
SO00125,CUS0178,2024-07-08,2024-08-03,67854.52,Delivered,EMP0144,TND,Pre-payment required,On Time
SO00126,CUS0063,2024-09-06,2024-09-22,183291.93,Shipped,EMP0016,TND,Frame agreement order,At Risk
SO00127,CUS0035,2023-11-04,2023-12-17,331982.28,Pending,EMP0086,TND,Expedited shipping,Pending
SO00128,CUS0113,2024-02-27,2024-04-13,319689.2,Confirmed,EMP0007,TND,Frame agreement order,Pending
SO00129,CUS0192,2022-11-22,2023-01-14,21931.98,Shipped,EMP0123,TND,,On Time
SO00130,CUS0060,2022-02-16,2022-03-15,349185.08,Shipped,EMP0003,TND,,On Time
SO00131,CUS0146,2022-07-22,2022-09-05,377997.06,Delivered,EMP0139,TND,Pre-payment required,On Time
SO00132,CUS0083,2023-07-23,2023-08-26,166687.77,Delivered,EMP0138,TND,Standard delivery,On Time
SO00133,CUS0068,2024-07-04,2024-07-29,498046.36,Pending,EMP0081,TND,Pre-payment required,Pending
SO00134,CUS0163,2022-04-24,2022-05-24,452571.11,Shipped,EMP0084,TND,Frame agreement order,On Time
SO00135,CUS0072,2024-09-18,2024-09-25,284168.39,Confirmed,EMP0013,TND,Standard delivery,Pending
SO00136,CUS0166,2024-03-17,2024-04-24,400451.72,Cancelled,EMP0063,TND,Standard delivery,Cancelled
SO00137,CUS0019,2022-02-19,2022-03-12,442710.62,Pending,EMP0078,TND,Standard delivery,Pending
SO00138,CUS0189,2023-12-16,2024-02-01,271727.88,Delivered,EMP0123,TND,Standard delivery,On Time
SO00139,CUS0066,2022-05-28,2022-07-24,393672.57,Delivered,EMP0092,TND,Pre-payment required,Late
SO00140,CUS0066,2024-11-29,2024-12-06,488255.22,Pending,EMP0011,TND,Pre-payment required,Pending
SO00141,CUS0006,2022-03-18,2022-04-12,358039.17,Shipped,EMP0092,TND,Pre-payment required,On Time
SO00142,CUS0099,2024-08-04,2024-09-13,397007.74,Shipped,EMP0138,TND,Frame agreement order,On Time
SO00143,CUS0044,2023-12-20,2024-01-19,206112.62,Shipped,EMP0142,TND,,On Time
SO00144,CUS0073,2022-10-18,2022-11-19,215374.48,Shipped,EMP0114,TND,Frame agreement order,At Risk
SO00145,CUS0022,2022-05-04,2022-05-23,267520.42,Delivered,EMP0085,TND,Standard delivery,On Time
SO00146,CUS0130,2022-07-02,2022-07-16,89465.96,Pending,EMP0099,TND,Pre-payment required,Pending
SO00147,CUS0175,2022-12-29,2023-02-16,189568.49,Cancelled,EMP0031,TND,Pre-payment required,Cancelled
SO00148,CUS0155,2023-11-07,2023-11-15,157596.39,Pending,EMP0087,TND,Standard delivery,Pending
SO00149,CUS0019,2024-06-18,2024-08-13,251143.25,Pending,EMP0111,TND,Pre-payment required,Pending
SO00150,CUS0124,2024-09-12,2024-11-07,485465,Delivered,EMP0049,TND,Standard delivery,On Time
SO00151,CUS0177,2022-03-23,2022-04-13,389562.26,Confirmed,EMP0064,TND,Standard delivery,Pending
SO00152,CUS0103,2024-07-28,2024-09-03,33665.82,Shipped,EMP0079,TND,Frame agreement order,On Time
SO00153,CUS0106,2022-07-24,2022-09-01,130719.83,Shipped,EMP0072,TND,Frame agreement order,On Time
SO00154,CUS0073,2024-05-08,2024-06-07,381734.61,Cancelled,EMP0047,TND,Pre-payment required,Cancelled
SO00155,CUS0022,2023-09-24,2023-11-12,273409.97,Confirmed,EMP0131,TND,Standard delivery,Pending
SO00156,CUS0062,2022-06-30,2022-08-04,318193.98,Shipped,EMP0072,TND,Frame agreement order,At Risk
SO00157,CUS0200,2022-11-18,2023-01-01,231491.45,Shipped,EMP0148,TND,Standard delivery,On Time
SO00158,CUS0077,2023-06-30,2023-08-09,455197.01,Cancelled,EMP0079,TND,Standard delivery,Cancelled
SO00159,CUS0148,2022-01-11,2022-03-01,158220.37,Shipped,EMP0140,TND,Pre-payment required,On Time
SO00160,CUS0061,2024-04-09,2024-06-05,292119.52,Shipped,EMP0144,TND,,On Time
SO00161,CUS0144,2024-10-09,2024-10-17,323789.8,Delivered,EMP0063,TND,Frame agreement order,Late
SO00162,CUS0171,2024-03-24,2024-05-10,338418.79,Delivered,EMP0108,TND,Pre-payment required,On Time
SO00163,CUS0053,2024-08-20,2024-09-24,267909.8,Shipped,EMP0064,TND,Pre-payment required,At Risk
SO00164,CUS0090,2022-10-31,2022-11-14,283636.89,Cancelled,EMP0117,TND,Standard delivery,Cancelled
SO00165,CUS0033,2024-05-17,2024-06-27,287966.66,Shipped,EMP0114,TND,Frame agreement order,On Time
SO00166,CUS0111,2024-07-26,2024-08-29,348628.99,Delivered,EMP0015,TND,,On Time
SO00167,CUS0151,2022-06-17,2022-07-01,302687.2,Shipped,EMP0042,TND,Frame agreement order,At Risk
SO00168,CUS0033,2023-06-03,2023-07-01,290548.58,Cancelled,EMP0054,TND,Standard delivery,Cancelled
SO00169,CUS0112,2024-07-07,2024-08-20,250627.6,Pending,EMP0136,TND,Pre-payment required,Pending
SO00170,CUS0193,2024-05-11,2024-06-15,162686.65,Pending,EMP0007,TND,Pre-payment required,Pending
SO00171,CUS0188,2024-06-12,2024-08-08,110215.76,Cancelled,EMP0107,TND,Frame agreement order,Cancelled
SO00172,CUS0170,2022-04-06,2022-05-02,428582.02,Delivered,EMP0123,TND,Frame agreement order,On Time
SO00173,CUS0070,2022-08-16,2022-08-25,180941.59,Delivered,EMP0120,TND,Standard delivery,Late
SO00174,CUS0094,2022-10-04,2022-11-27,14044.5,Pending,EMP0093,TND,Pre-payment required,Pending
SO00175,CUS0066,2023-08-01,2023-09-16,144676.27,Cancelled,EMP0138,TND,Pre-payment required,Cancelled
SO00176,CUS0083,2024-07-27,2024-08-11,188250.09,Confirmed,EMP0126,TND,Pre-payment required,Pending
SO00177,CUS0192,2023-07-02,2023-08-13,138197.95,Shipped,EMP0087,TND,Frame agreement order,At Risk
SO00178,CUS0193,2024-03-10,2024-04-29,207950.23,Confirmed,EMP0087,TND,Pre-payment required,Pending
SO00179,CUS0001,2023-01-12,2023-03-05,452817.7,Shipped,EMP0007,TND,,At Risk
SO00180,CUS0056,2023-12-01,2024-01-26,9882.86,Delivered,EMP0042,TND,Frame agreement order,On Time
SO00181,CUS0034,2024-08-20,2024-09-29,314388.63,Confirmed,EMP0122,TND,Frame agreement order,Pending
SO00182,CUS0173,2023-11-01,2023-12-10,440962.83,Delivered,EMP0016,TND,,On Time
SO00183,CUS0041,2023-07-13,2023-09-05,441294.19,Delivered,EMP0104,TND,Standard delivery,On Time
SO00184,CUS0105,2023-04-26,2023-05-30,406423.45,Cancelled,EMP0008,TND,Expedited shipping,Cancelled
SO00185,CUS0112,2024-08-09,2024-09-28,438194.44,Shipped,EMP0139,TND,Expedited shipping,On Time
SO00186,CUS0051,2023-08-08,2023-09-28,183377.57,Pending,EMP0124,TND,,Pending
SO00187,CUS0027,2024-03-26,2024-04-29,180669.12,Delivered,EMP0127,TND,Frame agreement order,On Time
SO00188,CUS0066,2024-12-12,2024-12-27,142705.78,Pending,EMP0108,TND,Pre-payment required,Pending
SO00189,CUS0151,2022-05-13,2022-05-27,197847.63,Delivered,EMP0149,TND,Pre-payment required,Late
SO00190,CUS0176,2022-02-14,2022-03-23,402394.5,Shipped,EMP0046,TND,Pre-payment required,On Time
SO00191,CUS0026,2022-03-15,2022-04-15,305186.81,Shipped,EMP0110,TND,,On Time
SO00192,CUS0136,2024-09-02,2024-09-12,242777.34,Cancelled,EMP0037,TND,Expedited shipping,Cancelled
SO00193,CUS0123,2022-04-20,2022-06-08,27810.12,Cancelled,EMP0017,TND,Expedited shipping,Cancelled
SO00194,CUS0194,2023-03-18,2023-05-11,157397.58,Cancelled,EMP0005,TND,Expedited shipping,Cancelled
SO00195,CUS0198,2023-03-04,2023-04-10,153327.6,Confirmed,EMP0111,TND,,Pending
SO00196,CUS0195,2022-12-26,2023-02-20,142960.57,Shipped,EMP0026,TND,,On Time
SO00197,CUS0024,2022-01-08,2022-02-28,192770.71,Cancelled,EMP0091,TND,,Cancelled
SO00198,CUS0031,2022-08-30,2022-10-17,348661.33,Cancelled,EMP0077,TND,Frame agreement order,Cancelled
SO00199,CUS0011,2023-06-23,2023-07-15,38744.8,Pending,EMP0139,TND,Expedited shipping,Pending
SO00200,CUS0154,2024-08-04,2024-08-17,135267.99,Shipped,EMP0090,TND,Standard delivery,On Time
SO00201,CUS0168,2022-06-18,2022-07-04,18609.83,Confirmed,EMP0060,TND,,Pending
SO00202,CUS0095,2022-05-02,2022-06-16,476265.02,Delivered,EMP0111,TND,,On Time
SO00203,CUS0040,2023-06-04,2023-06-24,289109.32,Shipped,EMP0049,TND,,At Risk
SO00204,CUS0185,2023-03-02,2023-04-08,181837.16,Shipped,EMP0041,TND,,On Time
SO00205,CUS0077,2024-10-22,2024-11-22,124956.56,Delivered,EMP0062,TND,Pre-payment required,On Time
SO00206,CUS0014,2023-10-27,2023-12-20,125601.98,Confirmed,EMP0115,TND,Frame agreement order,Pending
SO00207,CUS0176,2022-10-07,2022-12-03,44263.96,Delivered,EMP0148,TND,Expedited shipping,On Time
SO00208,CUS0103,2022-06-02,2022-06-19,182086.25,Shipped,EMP0091,TND,Expedited shipping,On Time
SO00209,CUS0109,2022-11-20,2022-12-25,310607.66,Confirmed,EMP0072,TND,Pre-payment required,Pending
SO00210,CUS0063,2024-11-12,2025-01-02,235597.15,Delivered,EMP0143,TND,Frame agreement order,Late
SO00211,CUS0151,2024-09-25,2024-10-17,368231.9,Cancelled,EMP0146,TND,Pre-payment required,Cancelled
SO00212,CUS0044,2022-06-12,2022-07-22,483923.88,Delivered,EMP0043,TND,,On Time
SO00213,CUS0123,2024-09-25,2024-10-18,251442.4,Cancelled,EMP0099,TND,,Cancelled
SO00214,CUS0014,2022-06-20,2022-07-15,13915.94,Delivered,EMP0043,TND,,Late
SO00215,CUS0159,2024-02-12,2024-04-09,193544.73,Confirmed,EMP0073,TND,Standard delivery,Pending
SO00216,CUS0125,2023-10-11,2023-11-01,41782.77,Cancelled,EMP0013,TND,Expedited shipping,Cancelled
SO00217,CUS0074,2022-02-07,2022-02-15,135616.89,Pending,EMP0118,TND,Standard delivery,Pending
SO00218,CUS0035,2022-05-22,2022-07-06,388917.92,Shipped,EMP0064,TND,Expedited shipping,On Time
SO00219,CUS0015,2024-07-23,2024-08-10,214054.95,Delivered,EMP0136,TND,Standard delivery,On Time
SO00220,CUS0159,2023-08-20,2023-09-21,114898.67,Shipped,EMP0082,TND,Standard delivery,On Time
SO00221,CUS0150,2022-06-11,2022-07-01,188165.62,Pending,EMP0021,TND,Standard delivery,Pending
SO00222,CUS0185,2022-08-22,2022-09-18,258022.88,Shipped,EMP0102,TND,Frame agreement order,At Risk
SO00223,CUS0024,2023-04-07,2023-06-05,113355.05,Pending,EMP0012,TND,Standard delivery,Pending
SO00224,CUS0071,2024-08-02,2024-09-14,99326.24,Delivered,EMP0093,TND,Frame agreement order,On Time
SO00225,CUS0128,2022-02-26,2022-03-19,8371.81,Pending,EMP0114,TND,Expedited shipping,Pending
SO00226,CUS0055,2024-07-17,2024-08-08,417739.88,Delivered,EMP0012,TND,Standard delivery,On Time
SO00227,CUS0026,2022-01-12,2022-03-02,441161.89,Shipped,EMP0145,TND,Expedited shipping,On Time
SO00228,CUS0041,2024-04-27,2024-05-08,414407.61,Cancelled,EMP0041,TND,Expedited shipping,Cancelled
SO00229,CUS0004,2023-06-19,2023-06-26,210884.58,Confirmed,EMP0135,TND,Frame agreement order,Pending
SO00230,CUS0070,2023-11-17,2024-01-07,298812.95,Delivered,EMP0014,TND,Expedited shipping,Late
SO00231,CUS0022,2023-10-04,2023-10-28,128527.86,Cancelled,EMP0011,TND,Pre-payment required,Cancelled
SO00232,CUS0022,2024-08-22,2024-09-02,415874.9,Pending,EMP0009,TND,Pre-payment required,Pending
SO00233,CUS0014,2023-11-26,2023-12-08,447621.59,Confirmed,EMP0018,TND,Standard delivery,Pending
SO00234,CUS0157,2023-11-03,2024-01-01,315433.3,Pending,EMP0039,TND,Frame agreement order,Pending
SO00235,CUS0154,2024-04-11,2024-06-06,99317.69,Shipped,EMP0127,TND,Frame agreement order,At Risk
SO00236,CUS0107,2024-06-14,2024-06-24,424436.45,Shipped,EMP0129,TND,Pre-payment required,On Time
SO00237,CUS0039,2024-02-10,2024-03-08,238736.58,Pending,EMP0070,TND,Expedited shipping,Pending
SO00238,CUS0080,2023-01-03,2023-02-04,433132.52,Pending,EMP0100,TND,,Pending
SO00239,CUS0170,2023-06-24,2023-08-17,347663.08,Delivered,EMP0029,TND,Frame agreement order,On Time
SO00240,CUS0067,2023-11-23,2023-12-06,370671.4,Confirmed,EMP0128,TND,Frame agreement order,Pending
SO00241,CUS0030,2022-08-12,2022-09-07,283069.68,Pending,EMP0098,TND,Standard delivery,Pending
SO00242,CUS0143,2024-01-26,2024-02-03,473888.88,Cancelled,EMP0128,TND,Pre-payment required,Cancelled
SO00243,CUS0126,2023-12-27,2024-01-05,280545.62,Delivered,EMP0126,TND,,On Time
SO00244,CUS0084,2024-02-21,2024-03-01,135013.33,Shipped,EMP0024,TND,Pre-payment required,At Risk
SO00245,CUS0192,2023-07-26,2023-08-10,313944.94,Shipped,EMP0038,TND,Frame agreement order,At Risk
SO00246,CUS0162,2024-10-08,2024-10-16,267367.23,Pending,EMP0089,TND,Standard delivery,Pending
SO00247,CUS0085,2022-05-13,2022-07-11,66310.2,Delivered,EMP0132,TND,Frame agreement order,On Time
SO00248,CUS0106,2022-12-29,2023-02-06,129772.89,Cancelled,EMP0114,TND,Standard delivery,Cancelled
SO00249,CUS0037,2023-08-24,2023-09-16,36070.38,Cancelled,EMP0130,TND,Standard delivery,Cancelled
SO00250,CUS0039,2023-08-27,2023-09-03,225416.16,Delivered,EMP0138,TND,Standard delivery,Late
SO00251,CUS0168,2024-06-18,2024-06-25,26825.19,Cancelled,EMP0020,TND,Pre-payment required,Cancelled
SO00252,CUS0110,2023-03-27,2023-04-26,290506.84,Confirmed,EMP0058,TND,,Pending
SO00253,CUS0101,2024-08-15,2024-09-17,369913.35,Pending,EMP0081,TND,Pre-payment required,Pending
SO00254,CUS0118,2022-09-06,2022-11-02,46352.53,Pending,EMP0008,TND,Frame agreement order,Pending
SO00255,CUS0004,2024-06-04,2024-06-16,345466.84,Delivered,EMP0090,TND,Standard delivery,On Time
SO00256,CUS0002,2022-01-13,2022-02-17,456731.82,Cancelled,EMP0065,TND,Expedited shipping,Cancelled
SO00257,CUS0073,2024-11-04,2024-12-04,184481.85,Delivered,EMP0027,TND,,On Time
SO00258,CUS0124,2024-05-26,2024-07-02,400577.69,Delivered,EMP0110,TND,Frame agreement order,On Time
SO00259,CUS0177,2022-09-26,2022-10-08,304035.55,Confirmed,EMP0046,TND,,Pending
SO00260,CUS0077,2023-04-22,2023-06-05,432746.7,Shipped,EMP0053,TND,Standard delivery,At Risk
SO00261,CUS0029,2022-11-06,2022-12-06,83427.96,Confirmed,EMP0094,TND,,Pending
SO00262,CUS0137,2024-09-20,2024-10-11,102158.12,Delivered,EMP0072,TND,Standard delivery,On Time
SO00263,CUS0174,2024-12-08,2025-01-20,55617.76,Pending,EMP0089,TND,,Pending
SO00264,CUS0074,2023-07-03,2023-08-23,235335.46,Delivered,EMP0137,TND,,Late
SO00265,CUS0024,2022-03-01,2022-03-19,337230.64,Confirmed,EMP0088,TND,Frame agreement order,Pending
SO00266,CUS0016,2022-09-22,2022-11-02,112008.36,Pending,EMP0004,TND,,Pending
SO00267,CUS0039,2022-03-20,2022-04-18,247990.15,Pending,EMP0018,TND,Frame agreement order,Pending
SO00268,CUS0184,2022-12-11,2022-12-21,368936.06,Delivered,EMP0062,TND,Frame agreement order,On Time
SO00269,CUS0058,2022-05-08,2022-06-07,463903.64,Cancelled,EMP0091,TND,,Cancelled
SO00270,CUS0082,2022-08-05,2022-08-19,198755.39,Delivered,EMP0020,TND,Frame agreement order,On Time
SO00271,CUS0039,2024-04-26,2024-06-08,205905.36,Shipped,EMP0139,TND,Frame agreement order,On Time
SO00272,CUS0099,2023-01-30,2023-02-09,70713.08,Shipped,EMP0063,TND,Frame agreement order,On Time
SO00273,CUS0125,2024-11-17,2024-12-06,463433.83,Pending,EMP0038,TND,Expedited shipping,Pending
SO00274,CUS0071,2023-10-31,2023-11-30,27770.29,Cancelled,EMP0006,TND,Frame agreement order,Cancelled
SO00275,CUS0005,2023-07-04,2023-08-19,222400.71,Delivered,EMP0053,TND,,On Time
SO00276,CUS0025,2024-10-16,2024-12-14,420871.01,Confirmed,EMP0074,TND,Standard delivery,Pending
SO00277,CUS0014,2022-04-25,2022-06-11,7210.58,Delivered,EMP0083,TND,,On Time
SO00278,CUS0132,2023-08-23,2023-09-17,496189.28,Confirmed,EMP0145,TND,Expedited shipping,Pending
SO00279,CUS0194,2022-02-25,2022-03-04,141943.35,Pending,EMP0058,TND,Pre-payment required,Pending
SO00280,CUS0001,2024-04-28,2024-06-19,269172.6,Delivered,EMP0010,TND,Frame agreement order,Late
SO00281,CUS0145,2023-07-20,2023-09-08,126263.19,Shipped,EMP0002,TND,Pre-payment required,On Time
SO00282,CUS0120,2023-08-02,2023-09-17,488876.06,Shipped,EMP0142,TND,Expedited shipping,At Risk
SO00283,CUS0068,2022-04-29,2022-06-05,12304.32,Delivered,EMP0136,TND,,Late
SO00284,CUS0041,2022-02-18,2022-03-26,215599.15,Shipped,EMP0030,TND,Expedited shipping,On Time
SO00285,CUS0176,2022-01-09,2022-03-06,28643.71,Pending,EMP0031,TND,,Pending
SO00286,CUS0126,2023-11-03,2023-12-01,152897.22,Confirmed,EMP0139,TND,,Pending
SO00287,CUS0139,2022-01-01,2022-01-26,94075.07,Shipped,EMP0007,TND,Frame agreement order,On Time
SO00288,CUS0131,2022-11-24,2022-12-11,253179.9,Pending,EMP0114,TND,Expedited shipping,Pending
SO00289,CUS0081,2023-12-07,2023-12-28,95973.26,Shipped,EMP0036,TND,,At Risk
SO00290,CUS0019,2024-01-09,2024-02-05,421894.83,Pending,EMP0030,TND,Expedited shipping,Pending
SO00291,CUS0041,2023-11-06,2023-11-29,236716.94,Pending,EMP0113,TND,,Pending
SO00292,CUS0122,2024-11-10,2024-12-30,381580.8,Shipped,EMP0004,TND,Pre-payment required,On Time
SO00293,CUS0054,2022-09-08,2022-10-24,374356.1,Pending,EMP0136,TND,Pre-payment required,Pending
SO00294,CUS0132,2022-06-29,2022-07-07,182633.83,Pending,EMP0075,TND,Standard delivery,Pending
SO00295,CUS0006,2022-09-18,2022-11-09,468479.13,Pending,EMP0127,TND,Pre-payment required,Pending
SO00296,CUS0071,2022-03-27,2022-05-20,488820.7,Pending,EMP0085,TND,Frame agreement order,Pending
SO00297,CUS0056,2023-03-12,2023-05-09,386985.07,Delivered,EMP0105,TND,,On Time
SO00298,CUS0199,2022-10-25,2022-11-25,283068.92,Cancelled,EMP0068,TND,Frame agreement order,Cancelled
SO00299,CUS0131,2023-04-09,2023-05-15,419495.65,Confirmed,EMP0011,TND,,Pending
SO00300,CUS0173,2022-11-05,2022-12-05,93192.86,Confirmed,EMP0013,TND,Frame agreement order,Pending
SO00301,CUS0094,2022-04-15,2022-05-18,103353.94,Pending,EMP0113,TND,Standard delivery,Pending
SO00302,CUS0078,2022-11-01,2022-12-31,407443.26,Pending,EMP0053,TND,Frame agreement order,Pending
SO00303,CUS0157,2023-02-25,2023-03-23,309746.74,Confirmed,EMP0081,TND,,Pending
SO00304,CUS0146,2022-05-23,2022-06-13,447325.34,Delivered,EMP0149,TND,Pre-payment required,On Time
SO00305,CUS0111,2023-01-24,2023-02-19,107743.33,Delivered,EMP0090,TND,Expedited shipping,On Time
SO00306,CUS0169,2022-06-22,2022-07-18,451058.13,Shipped,EMP0072,TND,Pre-payment required,On Time
SO00307,CUS0142,2024-05-11,2024-07-05,63083.67,Pending,EMP0140,TND,,Pending
SO00308,CUS0028,2023-10-17,2023-11-11,193829.74,Confirmed,EMP0028,TND,,Pending
SO00309,CUS0159,2024-07-05,2024-08-16,291574.28,Delivered,EMP0059,TND,Expedited shipping,On Time
SO00310,CUS0033,2022-04-05,2022-04-24,8878.23,Confirmed,EMP0054,TND,Expedited shipping,Pending
SO00311,CUS0178,2023-03-31,2023-05-10,264951.09,Confirmed,EMP0027,TND,,Pending
SO00312,CUS0002,2024-03-02,2024-04-27,76861.99,Pending,EMP0040,TND,Frame agreement order,Pending
SO00313,CUS0067,2022-02-03,2022-02-10,17004.15,Shipped,EMP0063,TND,,At Risk
SO00314,CUS0098,2024-06-10,2024-07-14,259973.15,Delivered,EMP0011,TND,Frame agreement order,Late
SO00315,CUS0100,2022-11-09,2022-11-18,370419.94,Delivered,EMP0081,TND,Frame agreement order,Late
SO00316,CUS0156,2024-11-02,2024-12-05,476420.03,Confirmed,EMP0106,TND,,Pending
SO00317,CUS0092,2022-03-01,2022-03-21,485631.62,Delivered,EMP0050,TND,,On Time
SO00318,CUS0143,2022-04-29,2022-06-24,265301.21,Confirmed,EMP0052,TND,Expedited shipping,Pending
SO00319,CUS0145,2022-03-30,2022-05-05,19623.57,Cancelled,EMP0149,TND,,Cancelled
SO00320,CUS0076,2022-12-14,2023-01-19,252492.66,Delivered,EMP0093,TND,Standard delivery,Late
SO00321,CUS0178,2024-12-08,2025-01-09,73611.28,Pending,EMP0145,TND,,Pending
SO00322,CUS0049,2024-04-27,2024-05-29,232895.14,Confirmed,EMP0130,TND,Standard delivery,Pending
SO00323,CUS0140,2024-05-17,2024-06-29,196667.57,Pending,EMP0097,TND,Frame agreement order,Pending
SO00324,CUS0175,2024-10-29,2024-12-08,36331.32,Confirmed,EMP0125,TND,,Pending
SO00325,CUS0080,2022-04-07,2022-05-30,433465.74,Shipped,EMP0044,TND,,On Time
SO00326,CUS0097,2023-06-30,2023-07-27,254272.33,Pending,EMP0109,TND,,Pending
SO00327,CUS0174,2022-06-03,2022-07-08,300407.48,Confirmed,EMP0074,TND,Standard delivery,Pending
SO00328,CUS0155,2024-07-23,2024-08-27,9152.1,Pending,EMP0011,TND,,Pending
SO00329,CUS0136,2022-05-08,2022-05-28,135879.89,Pending,EMP0140,TND,Pre-payment required,Pending
SO00330,CUS0066,2023-06-14,2023-07-24,493108.84,Cancelled,EMP0147,TND,Standard delivery,Cancelled
SO00331,CUS0137,2023-07-11,2023-08-02,100236.78,Delivered,EMP0082,TND,,On Time
SO00332,CUS0178,2024-02-12,2024-03-19,458413.11,Confirmed,EMP0100,TND,Standard delivery,Pending
SO00333,CUS0026,2023-01-10,2023-01-30,39770.91,Cancelled,EMP0008,TND,Frame agreement order,Cancelled
SO00334,CUS0192,2024-05-15,2024-07-07,210435.9,Pending,EMP0082,TND,,Pending
SO00335,CUS0163,2024-09-02,2024-10-22,155327.94,Pending,EMP0136,TND,Frame agreement order,Pending
SO00336,CUS0180,2022-01-18,2022-02-07,225340.13,Confirmed,EMP0086,TND,Expedited shipping,Pending
SO00337,CUS0028,2024-06-17,2024-07-02,212042.77,Cancelled,EMP0136,TND,Frame agreement order,Cancelled
SO00338,CUS0074,2022-02-17,2022-03-01,170148.71,Shipped,EMP0125,TND,,On Time
SO00339,CUS0061,2022-07-21,2022-09-06,368328.83,Confirmed,EMP0020,TND,Pre-payment required,Pending
SO00340,CUS0031,2022-12-09,2023-02-07,241620.06,Shipped,EMP0100,TND,Expedited shipping,At Risk
SO00341,CUS0124,2023-07-08,2023-08-22,303132.97,Shipped,EMP0064,TND,Expedited shipping,At Risk
SO00342,CUS0128,2022-08-16,2022-09-26,83729.72,Confirmed,EMP0010,TND,Pre-payment required,Pending
SO00343,CUS0105,2024-09-05,2024-10-09,71756.91,Cancelled,EMP0080,TND,Standard delivery,Cancelled
SO00344,CUS0134,2024-06-21,2024-07-15,358916.43,Delivered,EMP0065,TND,Standard delivery,Late
SO00345,CUS0086,2022-08-24,2022-09-28,227265.29,Delivered,EMP0099,TND,Expedited shipping,On Time
SO00346,CUS0154,2022-08-28,2022-10-13,350495.75,Cancelled,EMP0082,TND,Frame agreement order,Cancelled
SO00347,CUS0162,2023-12-04,2023-12-19,161467.31,Shipped,EMP0077,TND,Expedited shipping,On Time
SO00348,CUS0086,2023-06-23,2023-08-04,395182.94,Delivered,EMP0117,TND,Expedited shipping,On Time
SO00349,CUS0147,2023-01-01,2023-02-15,32141.9,Delivered,EMP0042,TND,Expedited shipping,On Time
SO00350,CUS0121,2024-05-10,2024-06-25,139297.55,Delivered,EMP0007,TND,Standard delivery,On Time
SO00351,CUS0199,2023-10-06,2023-10-29,56585.67,Cancelled,EMP0042,TND,Frame agreement order,Cancelled
SO00352,CUS0143,2023-04-23,2023-05-26,337105.22,Cancelled,EMP0056,TND,Expedited shipping,Cancelled
SO00353,CUS0052,2022-10-04,2022-12-03,270513.63,Cancelled,EMP0135,TND,Frame agreement order,Cancelled
SO00354,CUS0040,2022-10-10,2022-11-08,325215.04,Shipped,EMP0109,TND,,On Time
SO00355,CUS0048,2024-05-12,2024-06-24,209078.52,Delivered,EMP0023,TND,Standard delivery,On Time
SO00356,CUS0093,2023-04-10,2023-05-12,189598.05,Shipped,EMP0142,TND,Standard delivery,On Time
SO00357,CUS0052,2023-10-02,2023-11-09,327652.49,Pending,EMP0079,TND,,Pending
SO00358,CUS0106,2022-11-26,2022-12-12,243114.81,Shipped,EMP0002,TND,Frame agreement order,On Time
SO00359,CUS0014,2022-03-06,2022-04-28,43188.83,Delivered,EMP0106,TND,Pre-payment required,On Time
SO00360,CUS0163,2024-03-10,2024-05-08,23005.93,Delivered,EMP0020,TND,Pre-payment required,On Time
SO00361,CUS0146,2022-03-16,2022-03-28,8145.66,Cancelled,EMP0028,TND,Frame agreement order,Cancelled
SO00362,CUS0092,2024-03-14,2024-05-13,334673.37,Shipped,EMP0080,TND,Pre-payment required,On Time
SO00363,CUS0185,2023-09-29,2023-10-21,24178.24,Pending,EMP0122,TND,,Pending
SO00364,CUS0103,2023-07-05,2023-07-20,328989.73,Delivered,EMP0077,TND,Expedited shipping,Late
SO00365,CUS0166,2022-01-09,2022-02-05,94544.48,Confirmed,EMP0088,TND,,Pending
SO00366,CUS0118,2024-11-03,2024-12-23,465671.79,Confirmed,EMP0015,TND,Frame agreement order,Pending
SO00367,CUS0041,2023-02-11,2023-02-24,208774.8,Delivered,EMP0096,TND,Frame agreement order,On Time
SO00368,CUS0012,2022-08-06,2022-09-29,226480.06,Cancelled,EMP0104,TND,Standard delivery,Cancelled
SO00369,CUS0127,2022-08-30,2022-09-11,110632.51,Shipped,EMP0001,TND,Expedited shipping,At Risk
SO00370,CUS0009,2024-01-03,2024-01-11,206537.11,Confirmed,EMP0038,TND,Frame agreement order,Pending
SO00371,CUS0066,2024-05-11,2024-06-02,158505.18,Cancelled,EMP0079,TND,Frame agreement order,Cancelled
SO00372,CUS0036,2023-11-25,2023-12-29,338483.57,Shipped,EMP0016,TND,Pre-payment required,On Time
SO00373,CUS0073,2023-01-30,2023-03-09,444938.41,Shipped,EMP0021,TND,Standard delivery,On Time
SO00374,CUS0004,2024-04-22,2024-05-09,256631.1,Cancelled,EMP0091,TND,Expedited shipping,Cancelled
SO00375,CUS0088,2024-10-17,2024-11-15,301755.29,Cancelled,EMP0127,TND,Pre-payment required,Cancelled
SO00376,CUS0016,2023-01-19,2023-02-11,363200.67,Shipped,EMP0083,TND,Expedited shipping,On Time
SO00377,CUS0189,2024-12-20,2025-02-15,421060.11,Confirmed,EMP0059,TND,Standard delivery,Pending
SO00378,CUS0103,2022-07-22,2022-08-15,365624.51,Pending,EMP0064,TND,Expedited shipping,Pending
SO00379,CUS0118,2024-10-10,2024-12-01,143229.1,Shipped,EMP0059,TND,Expedited shipping,At Risk
SO00380,CUS0152,2022-10-25,2022-12-15,157995.85,Delivered,EMP0135,TND,Frame agreement order,On Time
SO00381,CUS0178,2024-10-18,2024-12-05,367073.3,Pending,EMP0076,TND,Frame agreement order,Pending
SO00382,CUS0034,2024-07-19,2024-08-11,319963.73,Delivered,EMP0071,TND,,On Time
SO00383,CUS0039,2024-09-11,2024-11-07,434586.83,Cancelled,EMP0055,TND,Pre-payment required,Cancelled
SO00384,CUS0145,2022-07-30,2022-09-25,10035.4,Delivered,EMP0020,TND,Standard delivery,On Time
SO00385,CUS0153,2022-03-07,2022-04-19,223934.81,Shipped,EMP0075,TND,Expedited shipping,At Risk
SO00386,CUS0043,2024-11-06,2024-12-20,287109.66,Pending,EMP0098,TND,Pre-payment required,Pending
SO00387,CUS0032,2022-09-26,2022-10-11,253867.68,Delivered,EMP0092,TND,,On Time
SO00388,CUS0155,2023-12-16,2024-01-22,484957.26,Pending,EMP0047,TND,Pre-payment required,Pending
SO00389,CUS0152,2024-11-22,2024-12-03,5873.63,Shipped,EMP0121,TND,,On Time
SO00390,CUS0093,2022-07-01,2022-08-26,425066.44,Cancelled,EMP0067,TND,Expedited shipping,Cancelled
SO00391,CUS0174,2023-06-26,2023-07-25,446657.74,Shipped,EMP0030,TND,Expedited shipping,On Time
SO00392,CUS0074,2023-04-02,2023-04-22,459966.9,Shipped,EMP0015,TND,Frame agreement order,On Time
SO00393,CUS0132,2022-02-24,2022-04-21,14953.11,Confirmed,EMP0019,TND,Expedited shipping,Pending
SO00394,CUS0157,2023-11-05,2023-12-23,149767.44,Shipped,EMP0116,TND,,On Time
SO00395,CUS0084,2023-07-06,2023-08-21,15172.15,Delivered,EMP0054,TND,Standard delivery,On Time
SO00396,CUS0134,2022-11-16,2022-12-03,41295.51,Pending,EMP0019,TND,Expedited shipping,Pending
SO00397,CUS0079,2024-03-16,2024-05-02,80333.37,Cancelled,EMP0021,TND,Pre-payment required,Cancelled
SO00398,CUS0068,2023-06-09,2023-08-04,250414.08,Cancelled,EMP0130,TND,,Cancelled
SO00399,CUS0197,2023-03-22,2023-04-27,319645.28,Delivered,EMP0014,TND,Frame agreement order,Late
SO00400,CUS0095,2022-04-30,2022-05-08,224754.5,Cancelled,EMP0095,TND,Standard delivery,Cancelled
SO00401,CUS0034,2024-04-03,2024-05-04,336021.86,Confirmed,EMP0114,TND,Frame agreement order,Pending
SO00402,CUS0066,2023-01-03,2023-02-24,330102.04,Confirmed,EMP0034,TND,Frame agreement order,Pending
SO00403,CUS0116,2023-11-17,2023-12-03,6641.75,Delivered,EMP0135,TND,Standard delivery,On Time
SO00404,CUS0190,2023-06-07,2023-07-15,24846.05,Cancelled,EMP0062,TND,Frame agreement order,Cancelled
SO00405,CUS0128,2024-11-25,2025-01-02,333462.15,Confirmed,EMP0049,TND,,Pending
SO00406,CUS0050,2024-06-09,2024-07-10,285027.62,Pending,EMP0133,TND,Pre-payment required,Pending
SO00407,CUS0071,2024-01-12,2024-02-05,58276.51,Cancelled,EMP0140,TND,Expedited shipping,Cancelled
SO00408,CUS0093,2024-11-04,2024-12-09,486681.51,Cancelled,EMP0040,TND,,Cancelled
SO00409,CUS0103,2022-12-06,2023-02-02,77669.67,Cancelled,EMP0005,TND,Standard delivery,Cancelled
SO00410,CUS0091,2024-05-08,2024-05-21,161261.35,Cancelled,EMP0081,TND,Expedited shipping,Cancelled
SO00411,CUS0073,2024-09-13,2024-10-18,426870.06,Cancelled,EMP0127,TND,Standard delivery,Cancelled
SO00412,CUS0165,2024-01-10,2024-02-07,368614.34,Confirmed,EMP0053,TND,Standard delivery,Pending
SO00413,CUS0147,2024-07-02,2024-08-27,117721.47,Confirmed,EMP0077,TND,Frame agreement order,Pending
SO00414,CUS0099,2023-11-06,2023-11-17,310049.08,Delivered,EMP0025,TND,Frame agreement order,On Time
SO00415,CUS0093,2024-02-17,2024-04-04,30040.85,Pending,EMP0006,TND,Standard delivery,Pending
SO00416,CUS0044,2022-03-30,2022-05-07,266530.24,Shipped,EMP0145,TND,Pre-payment required,On Time
SO00417,CUS0172,2024-12-04,2025-01-28,434824.04,Delivered,EMP0015,TND,Standard delivery,Late
SO00418,CUS0031,2023-12-20,2024-02-05,66992.06,Shipped,EMP0059,TND,,At Risk
SO00419,CUS0167,2022-04-20,2022-06-16,213792.08,Pending,EMP0001,TND,Pre-payment required,Pending
SO00420,CUS0127,2023-03-18,2023-05-17,449203.81,Cancelled,EMP0054,TND,Expedited shipping,Cancelled
SO00421,CUS0163,2024-08-15,2024-09-27,453897.47,Confirmed,EMP0128,TND,Pre-payment required,Pending
SO00422,CUS0199,2024-02-28,2024-03-17,93598.04,Cancelled,EMP0122,TND,Pre-payment required,Cancelled
SO00423,CUS0023,2023-02-03,2023-02-14,374695.94,Shipped,EMP0042,TND,Pre-payment required,On Time
SO00424,CUS0138,2023-02-27,2023-04-06,71328.87,Pending,EMP0114,TND,Pre-payment required,Pending
SO00425,CUS0155,2024-07-02,2024-07-21,367786.93,Shipped,EMP0077,TND,Pre-payment required,On Time
SO00426,CUS0030,2023-07-03,2023-08-16,354707.94,Delivered,EMP0070,TND,Pre-payment required,On Time
SO00427,CUS0046,2024-02-27,2024-04-14,135036.89,Confirmed,EMP0142,TND,Pre-payment required,Pending
SO00428,CUS0148,2022-01-13,2022-03-06,415195.96,Delivered,EMP0115,TND,Standard delivery,On Time
SO00429,CUS0116,2023-12-28,2024-01-18,334553.07,Delivered,EMP0136,TND,Pre-payment required,On Time
SO00430,CUS0166,2022-01-12,2022-02-16,34102.09,Pending,EMP0139,TND,Expedited shipping,Pending
SO00431,CUS0023,2023-12-17,2024-02-03,454401.22,Pending,EMP0050,TND,Standard delivery,Pending
SO00432,CUS0112,2024-12-24,2025-01-28,69637.17,Pending,EMP0123,TND,Pre-payment required,Pending
SO00433,CUS0071,2022-08-04,2022-08-28,415192.41,Shipped,EMP0107,TND,Frame agreement order,On Time
SO00434,CUS0159,2022-06-08,2022-07-11,403979.92,Delivered,EMP0097,TND,Standard delivery,On Time
SO00435,CUS0185,2022-07-08,2022-08-05,32023.15,Shipped,EMP0061,TND,Pre-payment required,At Risk
SO00436,CUS0197,2022-01-04,2022-01-16,5499.39,Confirmed,EMP0101,TND,Pre-payment required,Pending
SO00437,CUS0117,2023-12-02,2024-01-02,348720.86,Delivered,EMP0095,TND,Frame agreement order,On Time
SO00438,CUS0093,2024-03-19,2024-05-12,231700.86,Confirmed,EMP0036,TND,,Pending
SO00439,CUS0123,2024-09-03,2024-09-29,46376.6,Pending,EMP0087,TND,Standard delivery,Pending
SO00440,CUS0134,2024-06-06,2024-07-03,309082.36,Confirmed,EMP0062,TND,Expedited shipping,Pending
SO00441,CUS0157,2022-04-22,2022-06-18,151997.32,Delivered,EMP0048,TND,Standard delivery,On Time
SO00442,CUS0180,2023-09-29,2023-11-06,320051.61,Delivered,EMP0026,TND,Frame agreement order,On Time
SO00443,CUS0057,2023-11-16,2024-01-15,449193.46,Confirmed,EMP0004,TND,Pre-payment required,Pending
SO00444,CUS0199,2023-02-22,2023-03-19,86633.16,Cancelled,EMP0001,TND,Frame agreement order,Cancelled
SO00445,CUS0018,2024-12-17,2025-02-02,446026.94,Delivered,EMP0039,TND,,Late
SO00446,CUS0016,2023-02-19,2023-04-03,402527.56,Delivered,EMP0029,TND,Pre-payment required,On Time
SO00447,CUS0123,2022-04-26,2022-05-10,430015.33,Pending,EMP0111,TND,Frame agreement order,Pending
SO00448,CUS0102,2022-09-07,2022-10-22,32018.11,Delivered,EMP0118,TND,Standard delivery,On Time
SO00449,CUS0148,2023-11-11,2023-11-21,138251.15,Pending,EMP0118,TND,,Pending
SO00450,CUS0114,2024-08-19,2024-10-03,218217.15,Confirmed,EMP0027,TND,,Pending
SO00451,CUS0106,2023-08-07,2023-09-11,20978.34,Cancelled,EMP0100,TND,Standard delivery,Cancelled
SO00452,CUS0070,2024-08-02,2024-09-17,212994.59,Pending,EMP0039,TND,Expedited shipping,Pending
SO00453,CUS0057,2024-11-13,2024-11-21,258992.17,Delivered,EMP0139,TND,,Late
SO00454,CUS0183,2023-09-29,2023-11-05,228897.7,Cancelled,EMP0139,TND,,Cancelled
SO00455,CUS0040,2024-10-30,2024-11-22,389953.53,Delivered,EMP0090,TND,,On Time
SO00456,CUS0136,2024-04-05,2024-05-29,198895.72,Delivered,EMP0046,TND,Frame agreement order,On Time
SO00457,CUS0129,2023-06-04,2023-06-22,469712.2,Confirmed,EMP0004,TND,Standard delivery,Pending
SO00458,CUS0017,2024-06-20,2024-07-17,132385.02,Shipped,EMP0091,TND,Standard delivery,On Time
SO00459,CUS0050,2022-08-25,2022-10-19,401921.65,Confirmed,EMP0099,TND,Frame agreement order,Pending
SO00460,CUS0187,2022-11-07,2022-12-26,48485.13,Shipped,EMP0098,TND,Frame agreement order,At Risk
SO00461,CUS0017,2024-12-04,2024-12-28,13792.86,Confirmed,EMP0137,TND,Expedited shipping,Pending
SO00462,CUS0193,2023-08-25,2023-10-24,205828.8,Cancelled,EMP0031,TND,Expedited shipping,Cancelled
SO00463,CUS0021,2024-07-09,2024-08-11,397102.74,Pending,EMP0146,TND,Pre-payment required,Pending
SO00464,CUS0170,2022-12-10,2023-02-06,392396.67,Pending,EMP0096,TND,,Pending
SO00465,CUS0164,2024-04-16,2024-05-08,237245.85,Cancelled,EMP0022,TND,Expedited shipping,Cancelled
SO00466,CUS0168,2022-08-30,2022-10-29,307570.29,Shipped,EMP0028,TND,,On Time
SO00467,CUS0182,2022-06-02,2022-06-24,193697.59,Cancelled,EMP0006,TND,Standard delivery,Cancelled
SO00468,CUS0113,2023-07-19,2023-09-02,28838.69,Delivered,EMP0079,TND,Pre-payment required,On Time
SO00469,CUS0016,2023-06-21,2023-08-16,176822.76,Cancelled,EMP0017,TND,Pre-payment required,Cancelled
SO00470,CUS0155,2022-07-21,2022-09-14,115255.75,Shipped,EMP0040,TND,Frame agreement order,On Time
SO00471,CUS0181,2022-07-10,2022-08-26,488629.73,Cancelled,EMP0042,TND,Frame agreement order,Cancelled
SO00472,CUS0153,2024-12-31,2025-01-10,15448.8,Cancelled,EMP0110,TND,Standard delivery,Cancelled
SO00473,CUS0134,2024-05-15,2024-05-26,446806.83,Shipped,EMP0079,TND,Standard delivery,At Risk
SO00474,CUS0164,2024-05-28,2024-07-01,436188,Delivered,EMP0025,TND,Standard delivery,On Time
SO00475,CUS0195,2024-09-03,2024-10-09,343993.82,Cancelled,EMP0072,TND,Expedited shipping,Cancelled
SO00476,CUS0105,2022-01-05,2022-02-11,29825.72,Pending,EMP0088,TND,,Pending
SO00477,CUS0142,2023-12-07,2023-12-23,143664.63,Pending,EMP0066,TND,,Pending
SO00478,CUS0125,2024-09-09,2024-10-31,343661.72,Shipped,EMP0124,TND,Expedited shipping,On Time
SO00479,CUS0002,2023-08-07,2023-08-16,119083.98,Confirmed,EMP0022,TND,Pre-payment required,Pending
SO00480,CUS0192,2022-05-13,2022-07-09,262362.96,Delivered,EMP0024,TND,Frame agreement order,On Time
SO00481,CUS0151,2023-12-13,2024-01-24,306386.37,Confirmed,EMP0039,TND,Pre-payment required,Pending
SO00482,CUS0163,2023-09-15,2023-10-21,212575.73,Pending,EMP0070,TND,,Pending
SO00483,CUS0130,2023-12-11,2023-12-31,94669.11,Shipped,EMP0020,TND,,On Time
SO00484,CUS0022,2022-03-19,2022-03-26,72461.34,Delivered,EMP0060,TND,Expedited shipping,On Time
SO00485,CUS0160,2023-06-22,2023-08-21,71277.05,Confirmed,EMP0114,TND,Frame agreement order,Pending
SO00486,CUS0015,2024-08-27,2024-10-07,167050.06,Shipped,EMP0043,TND,Frame agreement order,At Risk
SO00487,CUS0045,2024-11-02,2024-11-24,310415.68,Shipped,EMP0095,TND,Pre-payment required,At Risk
SO00488,CUS0178,2023-02-11,2023-03-07,131753.65,Confirmed,EMP0024,TND,Expedited shipping,Pending
SO00489,CUS0163,2024-12-06,2024-12-13,63008.61,Shipped,EMP0087,TND,Frame agreement order,On Time
SO00490,CUS0155,2024-04-10,2024-05-04,390445.02,Shipped,EMP0027,TND,Expedited shipping,At Risk
SO00491,CUS0095,2024-01-13,2024-03-11,488262.3,Confirmed,EMP0053,TND,Frame agreement order,Pending
SO00492,CUS0004,2024-01-11,2024-02-19,380256.73,Cancelled,EMP0127,TND,Expedited shipping,Cancelled
SO00493,CUS0119,2022-08-29,2022-09-25,449127.96,Shipped,EMP0039,TND,Expedited shipping,On Time
SO00494,CUS0072,2022-10-29,2022-11-20,129302.09,Confirmed,EMP0025,TND,Expedited shipping,Pending
SO00495,CUS0190,2023-12-17,2024-01-23,396842.64,Delivered,EMP0084,TND,Frame agreement order,On Time
SO00496,CUS0142,2022-12-06,2022-12-13,247961.65,Confirmed,EMP0096,TND,Standard delivery,Pending
SO00497,CUS0108,2022-01-26,2022-03-19,133219.12,Shipped,EMP0084,TND,,At Risk
SO00498,CUS0079,2022-04-01,2022-05-28,261669.44,Cancelled,EMP0075,TND,Standard delivery,Cancelled
SO00499,CUS0174,2024-09-01,2024-10-12,83821.82,Delivered,EMP0048,TND,Pre-payment required,On Time
SO00500,CUS0134,2023-12-13,2024-01-17,375506.44,Cancelled,EMP0049,TND,Frame agreement order,Cancelled
SO00501,CUS0197,2022-02-17,2022-03-23,438941.5,Confirmed,EMP0093,TND,,Pending
SO00502,CUS0186,2024-08-06,2024-08-26,193362.04,Cancelled,EMP0016,TND,Pre-payment required,Cancelled
SO00503,CUS0138,2023-12-23,2024-01-07,414077.89,Confirmed,EMP0108,TND,Expedited shipping,Pending
SO00504,CUS0181,2023-02-20,2023-04-10,45934.02,Delivered,EMP0118,TND,Pre-payment required,Late
SO00505,CUS0017,2022-02-11,2022-02-23,188195.72,Confirmed,EMP0116,TND,Standard delivery,Pending
SO00506,CUS0077,2023-03-17,2023-05-12,52249.44,Shipped,EMP0114,TND,Frame agreement order,At Risk
SO00507,CUS0194,2023-11-23,2023-12-24,426336.05,Cancelled,EMP0131,TND,Frame agreement order,Cancelled
SO00508,CUS0189,2023-03-10,2023-04-17,49426.05,Delivered,EMP0138,TND,Frame agreement order,On Time
SO00509,CUS0135,2022-01-17,2022-01-25,431553.89,Shipped,EMP0064,TND,,At Risk
SO00510,CUS0139,2023-01-13,2023-02-26,277624.54,Pending,EMP0046,TND,Expedited shipping,Pending
SO00511,CUS0169,2023-04-02,2023-05-18,198221.38,Shipped,EMP0116,TND,Pre-payment required,On Time
SO00512,CUS0195,2023-02-04,2023-03-24,245926.75,Delivered,EMP0070,TND,Pre-payment required,On Time
SO00513,CUS0030,2023-11-12,2023-11-29,315000.45,Delivered,EMP0040,TND,Expedited shipping,Late
SO00514,CUS0004,2022-11-10,2022-12-21,482528.11,Confirmed,EMP0072,TND,Frame agreement order,Pending
SO00515,CUS0174,2023-06-10,2023-07-04,400991.11,Confirmed,EMP0145,TND,Frame agreement order,Pending
SO00516,CUS0054,2022-09-07,2022-10-17,33156.15,Pending,EMP0144,TND,Frame agreement order,Pending
SO00517,CUS0187,2022-04-01,2022-05-05,287299.09,Confirmed,EMP0068,TND,Pre-payment required,Pending
SO00518,CUS0010,2022-06-02,2022-07-03,330721.52,Cancelled,EMP0052,TND,,Cancelled
SO00519,CUS0158,2022-11-08,2022-11-24,39948.6,Confirmed,EMP0150,TND,,Pending
SO00520,CUS0004,2024-02-13,2024-03-10,348538.19,Delivered,EMP0130,TND,Pre-payment required,On Time
SO00521,CUS0028,2024-10-11,2024-12-05,33330.32,Delivered,EMP0049,TND,Standard delivery,On Time
SO00522,CUS0097,2024-01-08,2024-02-22,169862.19,Delivered,EMP0046,TND,Pre-payment required,On Time
SO00523,CUS0176,2022-03-12,2022-04-25,194743.09,Shipped,EMP0019,TND,Expedited shipping,On Time
SO00524,CUS0082,2023-03-15,2023-04-01,275822.61,Cancelled,EMP0150,TND,Standard delivery,Cancelled
SO00525,CUS0195,2024-11-19,2025-01-13,261900.94,Delivered,EMP0008,TND,,On Time
SO00526,CUS0024,2022-05-21,2022-05-28,232892.95,Shipped,EMP0045,TND,Expedited shipping,On Time
SO00527,CUS0007,2024-03-30,2024-04-21,391078.64,Delivered,EMP0131,TND,Standard delivery,On Time
SO00528,CUS0167,2024-11-05,2024-12-03,490871.91,Cancelled,EMP0074,TND,Pre-payment required,Cancelled
SO00529,CUS0054,2023-07-12,2023-09-08,417164.68,Confirmed,EMP0029,TND,Expedited shipping,Pending
SO00530,CUS0111,2022-12-22,2023-02-17,358408.69,Delivered,EMP0127,TND,Frame agreement order,Late
SO00531,CUS0144,2023-03-12,2023-05-08,476630.36,Pending,EMP0020,TND,,Pending
SO00532,CUS0078,2022-04-23,2022-05-14,258676.05,Shipped,EMP0062,TND,Standard delivery,On Time
SO00533,CUS0146,2024-08-18,2024-09-25,168077.81,Delivered,EMP0132,TND,Pre-payment required,On Time
SO00534,CUS0031,2022-12-28,2023-02-08,65157,Pending,EMP0017,TND,,Pending
SO00535,CUS0072,2024-08-25,2024-09-30,87235.17,Pending,EMP0059,TND,Standard delivery,Pending
SO00536,CUS0041,2022-09-09,2022-10-10,181618.51,Delivered,EMP0080,TND,Frame agreement order,On Time
SO00537,CUS0056,2022-01-16,2022-01-26,69916.9,Confirmed,EMP0028,TND,Expedited shipping,Pending
SO00538,CUS0126,2022-05-28,2022-07-07,61096.7,Pending,EMP0079,TND,Expedited shipping,Pending
SO00539,CUS0036,2023-05-16,2023-06-23,428727.75,Cancelled,EMP0140,TND,,Cancelled
SO00540,CUS0021,2022-07-08,2022-08-18,162145.34,Confirmed,EMP0007,TND,Frame agreement order,Pending
SO00541,CUS0007,2023-03-24,2023-04-16,62592.54,Shipped,EMP0034,TND,Frame agreement order,On Time
SO00542,CUS0102,2022-12-09,2022-12-21,278851.19,Cancelled,EMP0027,TND,Standard delivery,Cancelled
SO00543,CUS0058,2023-12-06,2023-12-19,467422.12,Pending,EMP0018,TND,Frame agreement order,Pending
SO00544,CUS0194,2023-01-06,2023-02-02,36895.61,Delivered,EMP0044,TND,Expedited shipping,On Time
SO00545,CUS0140,2023-02-04,2023-03-24,13912.39,Confirmed,EMP0115,TND,Standard delivery,Pending
SO00546,CUS0008,2022-12-28,2023-02-09,328073.52,Cancelled,EMP0024,TND,,Cancelled
SO00547,CUS0002,2023-10-01,2023-10-12,433461.32,Shipped,EMP0100,TND,,On Time
SO00548,CUS0022,2024-03-04,2024-04-25,121929.15,Delivered,EMP0010,TND,Frame agreement order,On Time
SO00549,CUS0037,2024-10-11,2024-11-18,82576.14,Shipped,EMP0094,TND,Standard delivery,On Time
SO00550,CUS0112,2022-01-15,2022-03-10,422030.85,Confirmed,EMP0090,TND,Expedited shipping,Pending
SO00551,CUS0053,2023-05-09,2023-06-08,18475.09,Delivered,EMP0048,TND,Frame agreement order,On Time
SO00552,CUS0084,2022-09-28,2022-10-09,22655.33,Cancelled,EMP0070,TND,Frame agreement order,Cancelled
SO00553,CUS0125,2022-09-02,2022-09-24,22570.29,Shipped,EMP0020,TND,Pre-payment required,At Risk
SO00554,CUS0053,2022-07-25,2022-08-15,330475.6,Pending,EMP0102,TND,Frame agreement order,Pending
SO00555,CUS0015,2023-02-20,2023-04-05,418278.14,Confirmed,EMP0076,TND,Standard delivery,Pending
SO00556,CUS0080,2024-09-05,2024-09-17,320674.02,Confirmed,EMP0087,TND,,Pending
SO00557,CUS0107,2024-05-09,2024-06-06,123235.53,Cancelled,EMP0013,TND,Expedited shipping,Cancelled
SO00558,CUS0058,2024-02-26,2024-04-15,490248.98,Shipped,EMP0124,TND,Pre-payment required,On Time
SO00559,CUS0057,2023-02-15,2023-04-01,55083.69,Shipped,EMP0130,TND,Standard delivery,At Risk
SO00560,CUS0008,2022-01-24,2022-03-22,278547.22,Pending,EMP0101,TND,Expedited shipping,Pending
SO00561,CUS0125,2024-02-12,2024-03-13,26680.75,Shipped,EMP0111,TND,,On Time
SO00562,CUS0166,2023-05-09,2023-05-23,137655.06,Shipped,EMP0002,TND,Standard delivery,On Time
SO00563,CUS0148,2023-04-07,2023-04-30,385426.36,Shipped,EMP0093,TND,,On Time
SO00564,CUS0100,2023-08-18,2023-10-11,147349.29,Confirmed,EMP0016,TND,Standard delivery,Pending
SO00565,CUS0028,2024-10-25,2024-12-19,324574.42,Cancelled,EMP0006,TND,Expedited shipping,Cancelled
SO00566,CUS0044,2023-03-14,2023-03-21,51986.55,Shipped,EMP0027,TND,,On Time
SO00567,CUS0141,2024-12-05,2025-01-19,8448.07,Pending,EMP0029,TND,Frame agreement order,Pending
SO00568,CUS0009,2023-12-16,2024-01-21,484672.68,Pending,EMP0149,TND,Expedited shipping,Pending
SO00569,CUS0119,2024-03-09,2024-04-15,318828.84,Pending,EMP0072,TND,Frame agreement order,Pending
SO00570,CUS0101,2022-07-12,2022-08-29,83947.51,Confirmed,EMP0132,TND,Pre-payment required,Pending
SO00571,CUS0188,2023-02-06,2023-03-23,338564.79,Shipped,EMP0109,TND,,At Risk
SO00572,CUS0043,2024-10-19,2024-10-26,75380.5,Pending,EMP0066,TND,,Pending
SO00573,CUS0021,2024-09-22,2024-09-30,415060.41,Delivered,EMP0087,TND,Expedited shipping,Late
SO00574,CUS0125,2023-08-06,2023-09-06,377279.87,Pending,EMP0065,TND,Pre-payment required,Pending
SO00575,CUS0185,2022-10-20,2022-12-11,430942.99,Delivered,EMP0030,TND,,Late
SO00576,CUS0076,2024-06-15,2024-07-13,112852.02,Shipped,EMP0094,TND,,On Time
SO00577,CUS0091,2024-01-25,2024-02-01,478809.86,Pending,EMP0013,TND,Expedited shipping,Pending
SO00578,CUS0110,2022-02-07,2022-04-01,293454.42,Shipped,EMP0121,TND,Expedited shipping,At Risk
SO00579,CUS0109,2023-10-08,2023-10-31,71939.43,Delivered,EMP0036,TND,,On Time
SO00580,CUS0053,2023-06-05,2023-07-08,316447.99,Pending,EMP0007,TND,,Pending
SO00581,CUS0041,2024-12-02,2024-12-25,165083.79,Cancelled,EMP0030,TND,Pre-payment required,Cancelled
SO00582,CUS0171,2024-05-31,2024-06-26,223766.73,Confirmed,EMP0051,TND,Frame agreement order,Pending
SO00583,CUS0113,2022-01-13,2022-02-07,60611.14,Pending,EMP0110,TND,Standard delivery,Pending
SO00584,CUS0045,2022-12-09,2023-01-08,89050.86,Shipped,EMP0052,TND,Standard delivery,On Time
SO00585,CUS0066,2023-01-21,2023-03-16,51186.63,Delivered,EMP0048,TND,Expedited shipping,On Time
SO00586,CUS0148,2022-02-27,2022-03-28,153088.48,Pending,EMP0126,TND,Pre-payment required,Pending
SO00587,CUS0174,2023-06-29,2023-07-08,52626.24,Confirmed,EMP0115,TND,,Pending
SO00588,CUS0090,2022-03-16,2022-05-11,276935.58,Cancelled,EMP0043,TND,,Cancelled
SO00589,CUS0115,2022-08-21,2022-09-09,308714.58,Confirmed,EMP0104,TND,,Pending
SO00590,CUS0007,2022-07-31,2022-09-24,458992.3,Cancelled,EMP0042,TND,,Cancelled
SO00591,CUS0167,2024-05-16,2024-07-04,487922.43,Delivered,EMP0028,TND,Expedited shipping,Late
SO00592,CUS0098,2022-05-05,2022-05-30,196299.5,Delivered,EMP0123,TND,Frame agreement order,On Time
SO00593,CUS0119,2023-06-16,2023-07-28,409214.83,Delivered,EMP0044,TND,Pre-payment required,Late
SO00594,CUS0143,2022-04-08,2022-05-01,461238.78,Pending,EMP0020,TND,Pre-payment required,Pending
SO00595,CUS0147,2023-05-23,2023-07-06,284568.75,Shipped,EMP0120,TND,Standard delivery,On Time
SO00596,CUS0132,2022-12-16,2023-01-19,64303.98,Confirmed,EMP0134,TND,Pre-payment required,Pending
SO00597,CUS0196,2023-11-17,2024-01-16,57998.87,Confirmed,EMP0136,TND,Expedited shipping,Pending
SO00598,CUS0175,2023-10-23,2023-11-20,74772.85,Confirmed,EMP0048,TND,,Pending
SO00599,CUS0087,2024-04-18,2024-06-17,284387.48,Cancelled,EMP0032,TND,,Cancelled
SO00600,CUS0010,2024-12-19,2025-02-13,177700.2,Cancelled,EMP0053,TND,,Cancelled
SO00601,CUS0087,2022-03-29,2022-04-17,12480.88,Delivered,EMP0126,TND,Expedited shipping,On Time
SO00602,CUS0188,2022-01-31,2022-03-21,272927.45,Pending,EMP0059,TND,,Pending
SO00603,CUS0075,2024-12-15,2024-12-23,56778.71,Delivered,EMP0122,TND,Frame agreement order,Late
SO00604,CUS0152,2024-04-02,2024-04-18,349546.1,Pending,EMP0149,TND,Standard delivery,Pending
SO00605,CUS0085,2022-02-05,2022-02-12,423076.24,Pending,EMP0149,TND,Frame agreement order,Pending
SO00606,CUS0155,2022-03-13,2022-04-11,489243.46,Shipped,EMP0079,TND,Pre-payment required,On Time
SO00607,CUS0007,2023-07-23,2023-08-26,297593.34,Pending,EMP0080,TND,Expedited shipping,Pending
SO00608,CUS0117,2024-11-10,2025-01-07,219824.03,Confirmed,EMP0142,TND,Pre-payment required,Pending
SO00609,CUS0030,2023-05-19,2023-07-14,347454.69,Shipped,EMP0096,TND,Frame agreement order,On Time
SO00610,CUS0109,2024-10-11,2024-11-25,160659.57,Delivered,EMP0042,TND,,On Time
SO00611,CUS0047,2024-02-12,2024-04-06,207423.93,Confirmed,EMP0122,TND,Expedited shipping,Pending
SO00612,CUS0068,2022-12-09,2022-12-30,247068.55,Pending,EMP0049,TND,,Pending
SO00613,CUS0147,2022-06-11,2022-07-30,494204.88,Shipped,EMP0105,TND,Frame agreement order,On Time
SO00614,CUS0175,2023-10-20,2023-12-17,487941.84,Shipped,EMP0017,TND,Expedited shipping,On Time
SO00615,CUS0049,2023-09-24,2023-10-02,446927.62,Delivered,EMP0133,TND,Expedited shipping,On Time
SO00616,CUS0148,2022-11-04,2022-12-30,255972.4,Delivered,EMP0141,TND,Standard delivery,Late
SO00617,CUS0009,2024-06-02,2024-07-01,406123.14,Pending,EMP0150,TND,Standard delivery,Pending
SO00618,CUS0002,2024-08-22,2024-09-08,341950.54,Confirmed,EMP0061,TND,Frame agreement order,Pending
SO00619,CUS0114,2023-05-08,2023-05-31,365798.72,Confirmed,EMP0119,TND,Expedited shipping,Pending
SO00620,CUS0012,2024-12-29,2025-01-09,112838.12,Pending,EMP0135,TND,Pre-payment required,Pending
SO00621,CUS0074,2023-01-30,2023-02-10,98278.9,Delivered,EMP0031,TND,Frame agreement order,On Time
SO00622,CUS0106,2022-10-20,2022-11-03,37362.87,Shipped,EMP0119,TND,Frame agreement order,At Risk
SO00623,CUS0007,2022-12-16,2023-01-20,106461.49,Delivered,EMP0138,TND,Frame agreement order,On Time
SO00624,CUS0188,2023-04-14,2023-05-13,159457.74,Shipped,EMP0083,TND,Pre-payment required,On Time
SO00625,CUS0079,2024-05-05,2024-06-09,451843.05,Confirmed,EMP0017,TND,Standard delivery,Pending
SO00626,CUS0132,2024-03-22,2024-05-02,166773.86,Confirmed,EMP0104,TND,Frame agreement order,Pending
SO00627,CUS0122,2023-04-19,2023-06-05,364445.61,Pending,EMP0140,TND,,Pending
SO00628,CUS0058,2023-07-04,2023-08-15,101200.42,Pending,EMP0077,TND,,Pending
SO00629,CUS0122,2024-01-20,2024-02-28,369221.09,Pending,EMP0104,TND,Pre-payment required,Pending
SO00630,CUS0003,2024-06-06,2024-07-16,267109.95,Pending,EMP0068,TND,Standard delivery,Pending
SO00631,CUS0176,2024-11-06,2024-12-22,23684.86,Confirmed,EMP0073,TND,Pre-payment required,Pending
SO00632,CUS0184,2024-04-03,2024-04-21,280094.56,Confirmed,EMP0111,TND,Standard delivery,Pending
SO00633,CUS0053,2024-08-15,2024-09-07,347778.37,Pending,EMP0140,TND,Frame agreement order,Pending
SO00634,CUS0196,2023-03-22,2023-05-19,219795.55,Confirmed,EMP0021,TND,Pre-payment required,Pending
SO00635,CUS0177,2023-02-04,2023-02-16,260558.31,Confirmed,EMP0116,TND,Expedited shipping,Pending
SO00636,CUS0151,2022-11-07,2022-12-31,104704.2,Pending,EMP0079,TND,Pre-payment required,Pending
SO00637,CUS0167,2022-01-14,2022-02-04,6626.19,Cancelled,EMP0059,TND,Pre-payment required,Cancelled
SO00638,CUS0168,2022-08-18,2022-08-30,203911.31,Delivered,EMP0106,TND,Pre-payment required,On Time
SO00639,CUS0186,2023-01-14,2023-02-20,102806.28,Delivered,EMP0143,TND,Standard delivery,On Time
SO00640,CUS0060,2023-02-21,2023-04-15,240156.53,Confirmed,EMP0042,TND,Frame agreement order,Pending
SO00641,CUS0143,2022-07-31,2022-08-11,185070.46,Confirmed,EMP0149,TND,Expedited shipping,Pending
SO00642,CUS0177,2024-01-18,2024-02-26,269789.8,Pending,EMP0045,TND,Standard delivery,Pending
SO00643,CUS0102,2023-02-14,2023-03-24,36412.53,Pending,EMP0062,TND,Expedited shipping,Pending
SO00644,CUS0080,2024-10-28,2024-11-08,457365.46,Delivered,EMP0134,TND,Frame agreement order,On Time
SO00645,CUS0004,2024-04-06,2024-04-22,257895.54,Shipped,EMP0004,TND,Frame agreement order,At Risk
SO00646,CUS0106,2022-11-24,2023-01-14,344426.17,Cancelled,EMP0131,TND,Standard delivery,Cancelled
SO00647,CUS0087,2022-01-08,2022-02-28,19989.62,Cancelled,EMP0023,TND,Frame agreement order,Cancelled
SO00648,CUS0138,2024-09-11,2024-09-22,90948.84,Cancelled,EMP0063,TND,Frame agreement order,Cancelled
SO00649,CUS0155,2023-03-30,2023-05-17,272323.17,Cancelled,EMP0058,TND,Standard delivery,Cancelled
SO00650,CUS0048,2022-11-14,2023-01-10,226779.02,Cancelled,EMP0025,TND,Pre-payment required,Cancelled
SO00651,CUS0147,2024-05-21,2024-06-19,128714.15,Shipped,EMP0063,TND,Frame agreement order,At Risk
SO00652,CUS0187,2024-11-23,2024-12-09,125271.14,Confirmed,EMP0011,TND,Frame agreement order,Pending
SO00653,CUS0162,2022-12-09,2023-01-04,408038.69,Delivered,EMP0026,TND,Standard delivery,On Time
SO00654,CUS0111,2023-11-29,2024-01-26,445247.43,Confirmed,EMP0060,TND,Standard delivery,Pending
SO00655,CUS0128,2024-03-07,2024-04-18,19532.48,Cancelled,EMP0072,TND,Frame agreement order,Cancelled
SO00656,CUS0010,2024-10-03,2024-10-15,142090.5,Pending,EMP0039,TND,,Pending
SO00657,CUS0066,2022-01-02,2022-01-27,221574.01,Confirmed,EMP0010,TND,,Pending
SO00658,CUS0194,2023-02-17,2023-03-22,68439.4,Cancelled,EMP0115,TND,Pre-payment required,Cancelled
SO00659,CUS0085,2024-10-28,2024-11-29,96980.65,Delivered,EMP0140,TND,,On Time
SO00660,CUS0180,2024-05-21,2024-06-01,242425.4,Confirmed,EMP0034,TND,Frame agreement order,Pending
SO00661,CUS0105,2024-07-29,2024-08-06,353231.16,Confirmed,EMP0085,TND,Standard delivery,Pending
SO00662,CUS0105,2023-05-07,2023-06-18,286660.47,Cancelled,EMP0013,TND,Frame agreement order,Cancelled
SO00663,CUS0198,2024-01-07,2024-02-13,149429.86,Delivered,EMP0141,TND,Pre-payment required,On Time
SO00664,CUS0107,2023-03-26,2023-04-27,466087.25,Confirmed,EMP0064,TND,Frame agreement order,Pending
SO00665,CUS0107,2024-01-31,2024-03-27,47383.24,Cancelled,EMP0070,TND,Pre-payment required,Cancelled
SO00666,CUS0088,2023-03-30,2023-05-06,229178.91,Delivered,EMP0135,TND,Pre-payment required,Late
SO00667,CUS0177,2022-10-10,2022-11-25,141904.6,Shipped,EMP0130,TND,Expedited shipping,On Time
SO00668,CUS0019,2024-04-27,2024-06-07,486614.74,Cancelled,EMP0050,TND,Frame agreement order,Cancelled
SO00669,CUS0080,2023-08-21,2023-10-01,438707.26,Confirmed,EMP0049,TND,,Pending
SO00670,CUS0010,2024-02-12,2024-03-08,69610.86,Shipped,EMP0084,TND,Standard delivery,On Time
SO00671,CUS0090,2023-01-09,2023-03-10,424381.72,Delivered,EMP0016,TND,Expedited shipping,On Time
SO00672,CUS0123,2022-09-04,2022-11-01,260932.86,Cancelled,EMP0086,TND,,Cancelled
SO00673,CUS0102,2022-05-27,2022-07-21,58671.15,Pending,EMP0060,TND,Frame agreement order,Pending
SO00674,CUS0054,2024-04-21,2024-06-15,85114.97,Shipped,EMP0001,TND,Expedited shipping,At Risk
SO00675,CUS0186,2024-11-06,2024-11-14,155490.01,Delivered,EMP0066,TND,Standard delivery,On Time
SO00676,CUS0112,2022-11-18,2023-01-03,446507.45,Cancelled,EMP0003,TND,,Cancelled
SO00677,CUS0082,2024-02-08,2024-03-06,429998.79,Pending,EMP0135,TND,Frame agreement order,Pending
SO00678,CUS0158,2022-07-28,2022-09-25,298825.62,Pending,EMP0127,TND,,Pending
SO00679,CUS0160,2023-02-28,2023-04-26,107279.3,Pending,EMP0061,TND,Expedited shipping,Pending
SO00680,CUS0009,2023-09-15,2023-10-02,339742.44,Shipped,EMP0075,TND,Expedited shipping,On Time
SO00681,CUS0011,2024-01-06,2024-01-17,444238.7,Delivered,EMP0096,TND,Frame agreement order,Late
SO00682,CUS0094,2024-01-17,2024-02-13,240015.28,Cancelled,EMP0097,TND,Expedited shipping,Cancelled
SO00683,CUS0143,2022-11-01,2022-11-12,486409.03,Delivered,EMP0001,TND,Pre-payment required,On Time
SO00684,CUS0016,2024-03-18,2024-04-15,495412.45,Delivered,EMP0054,TND,,On Time
SO00685,CUS0030,2023-08-05,2023-08-15,288260.94,Pending,EMP0008,TND,Frame agreement order,Pending
SO00686,CUS0030,2024-02-17,2024-03-21,439908.84,Pending,EMP0088,TND,Expedited shipping,Pending
SO00687,CUS0113,2022-06-12,2022-07-13,205908.12,Confirmed,EMP0076,TND,Pre-payment required,Pending
SO00688,CUS0097,2024-02-07,2024-03-23,234196.18,Cancelled,EMP0024,TND,,Cancelled
SO00689,CUS0076,2022-06-23,2022-07-13,118920.87,Delivered,EMP0116,TND,Pre-payment required,On Time
SO00690,CUS0086,2024-07-27,2024-09-22,184159.78,Delivered,EMP0005,TND,Frame agreement order,Late
SO00691,CUS0069,2023-01-26,2023-03-23,499762.53,Delivered,EMP0006,TND,Pre-payment required,On Time
SO00692,CUS0061,2023-02-03,2023-03-15,275542.46,Shipped,EMP0112,TND,,At Risk
SO00693,CUS0097,2024-03-30,2024-05-22,29838.61,Pending,EMP0132,TND,Frame agreement order,Pending
SO00694,CUS0133,2023-10-18,2023-11-29,22917.67,Pending,EMP0075,TND,Standard delivery,Pending
SO00695,CUS0108,2023-01-31,2023-02-21,469150.21,Cancelled,EMP0114,TND,Pre-payment required,Cancelled
SO00696,CUS0027,2023-11-15,2023-11-30,401988.03,Delivered,EMP0031,TND,,On Time
SO00697,CUS0116,2023-05-09,2023-06-24,32978.99,Confirmed,EMP0041,TND,,Pending
SO00698,CUS0006,2023-03-03,2023-04-17,325049.41,Shipped,EMP0076,TND,Expedited shipping,At Risk
SO00699,CUS0176,2022-05-24,2022-06-10,46959.49,Confirmed,EMP0071,TND,Pre-payment required,Pending
SO00700,CUS0113,2023-11-08,2023-12-23,307361.07,Pending,EMP0011,TND,Frame agreement order,Pending
SO00701,CUS0088,2023-01-15,2023-02-16,196744,Cancelled,EMP0125,TND,Expedited shipping,Cancelled
SO00702,CUS0015,2023-05-27,2023-06-27,322114.33,Delivered,EMP0090,TND,Frame agreement order,On Time
SO00703,CUS0051,2024-12-15,2025-01-19,350406.71,Shipped,EMP0028,TND,Standard delivery,On Time
SO00704,CUS0026,2023-08-07,2023-08-29,202473.14,Delivered,EMP0124,TND,Frame agreement order,On Time
SO00705,CUS0156,2024-09-23,2024-10-23,403248.52,Confirmed,EMP0033,TND,Expedited shipping,Pending
SO00706,CUS0154,2023-07-10,2023-08-10,242322.8,Delivered,EMP0021,TND,,On Time
SO00707,CUS0121,2024-05-13,2024-06-09,167575.76,Delivered,EMP0150,TND,Standard delivery,On Time
SO00708,CUS0008,2022-09-28,2022-11-27,304371.72,Shipped,EMP0068,TND,Standard delivery,At Risk
SO00709,CUS0138,2022-12-01,2023-01-22,314166.87,Shipped,EMP0077,TND,Expedited shipping,On Time
SO00710,CUS0036,2024-12-18,2025-01-18,421025.25,Delivered,EMP0104,TND,,On Time
SO00711,CUS0031,2023-07-26,2023-08-17,339170.06,Delivered,EMP0125,TND,Pre-payment required,On Time
SO00712,CUS0110,2024-12-02,2025-01-31,255573.05,Cancelled,EMP0101,TND,,Cancelled
SO00713,CUS0133,2022-01-17,2022-03-14,242069.99,Delivered,EMP0060,TND,,Late
SO00714,CUS0077,2022-06-11,2022-06-25,271919.27,Confirmed,EMP0083,TND,,Pending
SO00715,CUS0191,2022-03-20,2022-05-12,450083.99,Shipped,EMP0014,TND,Pre-payment required,On Time
SO00716,CUS0067,2023-08-20,2023-09-25,143024.52,Delivered,EMP0014,TND,Frame agreement order,On Time
SO00717,CUS0093,2022-10-10,2022-11-05,139983.72,Confirmed,EMP0123,TND,,Pending
SO00718,CUS0017,2024-04-23,2024-05-03,302776.88,Shipped,EMP0118,TND,Expedited shipping,On Time
SO00719,CUS0071,2024-08-31,2024-09-10,230905.08,Pending,EMP0063,TND,,Pending
SO00720,CUS0065,2022-09-11,2022-10-12,399934.22,Confirmed,EMP0115,TND,,Pending
SO00721,CUS0144,2022-12-11,2022-12-19,118051.92,Delivered,EMP0134,TND,,On Time
SO00722,CUS0174,2022-08-24,2022-09-01,282115.34,Shipped,EMP0137,TND,Frame agreement order,On Time
SO00723,CUS0118,2024-09-10,2024-09-17,445869.97,Delivered,EMP0092,TND,Standard delivery,On Time
SO00724,CUS0049,2022-08-06,2022-09-18,328753.76,Cancelled,EMP0056,TND,,Cancelled
SO00725,CUS0083,2022-12-22,2023-01-23,484362.63,Delivered,EMP0123,TND,Pre-payment required,Late
SO00726,CUS0063,2024-03-18,2024-03-30,382721.65,Delivered,EMP0124,TND,Standard delivery,On Time
SO00727,CUS0104,2024-11-28,2024-12-16,206134.08,Delivered,EMP0136,TND,Frame agreement order,Late
SO00728,CUS0104,2022-05-24,2022-06-14,398787.77,Cancelled,EMP0101,TND,Expedited shipping,Cancelled
SO00729,CUS0031,2024-12-29,2025-01-20,10123.59,Confirmed,EMP0037,TND,Frame agreement order,Pending
SO00730,CUS0078,2022-09-23,2022-11-12,410535.53,Cancelled,EMP0108,TND,Pre-payment required,Cancelled
SO00731,CUS0157,2022-02-25,2022-03-20,204188.02,Shipped,EMP0071,TND,,On Time
SO00732,CUS0116,2024-09-23,2024-10-01,389977.39,Confirmed,EMP0101,TND,Pre-payment required,Pending
SO00733,CUS0064,2023-07-05,2023-09-02,132070.17,Cancelled,EMP0087,TND,Pre-payment required,Cancelled
SO00734,CUS0034,2022-07-31,2022-08-13,328114.15,Delivered,EMP0044,TND,Standard delivery,On Time
SO00735,CUS0020,2022-03-06,2022-04-26,92433.53,Cancelled,EMP0064,TND,Pre-payment required,Cancelled
SO00736,CUS0042,2024-11-05,2024-12-16,9530.13,Pending,EMP0042,TND,Standard delivery,Pending
SO00737,CUS0064,2023-12-29,2024-01-29,164066.11,Shipped,EMP0091,TND,Frame agreement order,On Time
SO00738,CUS0110,2024-12-10,2025-01-25,212289.24,Pending,EMP0010,TND,Standard delivery,Pending
SO00739,CUS0056,2022-12-13,2023-01-01,49289.66,Shipped,EMP0035,TND,Pre-payment required,At Risk
SO00740,CUS0070,2022-01-30,2022-02-13,464286.75,Delivered,EMP0084,TND,,On Time
SO00741,CUS0178,2023-07-01,2023-08-28,76968.74,Delivered,EMP0133,TND,Frame agreement order,On Time
SO00742,CUS0167,2022-07-10,2022-09-06,91404.29,Delivered,EMP0147,TND,Expedited shipping,On Time
SO00743,CUS0058,2023-05-10,2023-06-01,415337.66,Delivered,EMP0080,TND,Expedited shipping,Late
SO00744,CUS0024,2022-02-10,2022-03-24,137536.72,Shipped,EMP0115,TND,Frame agreement order,On Time
SO00745,CUS0022,2024-02-14,2024-03-18,435059.72,Confirmed,EMP0148,TND,Pre-payment required,Pending
SO00746,CUS0188,2022-04-19,2022-05-22,144264.26,Pending,EMP0055,TND,Standard delivery,Pending
SO00747,CUS0079,2024-12-30,2025-01-10,319976.22,Delivered,EMP0063,TND,Expedited shipping,On Time
SO00748,CUS0095,2024-04-15,2024-06-13,74574,Shipped,EMP0110,TND,Pre-payment required,On Time
SO00749,CUS0073,2024-01-12,2024-02-15,375145.42,Confirmed,EMP0016,TND,Expedited shipping,Pending
SO00750,CUS0189,2023-07-29,2023-08-31,230205.8,Confirmed,EMP0112,TND,Pre-payment required,Pending
SO00751,CUS0173,2023-09-12,2023-09-22,42682.43,Cancelled,EMP0132,TND,,Cancelled
SO00752,CUS0181,2022-12-21,2023-01-29,449600.91,Pending,EMP0077,TND,Expedited shipping,Pending
SO00753,CUS0055,2023-11-15,2023-12-13,438861.07,Shipped,EMP0047,TND,Pre-payment required,On Time
SO00754,CUS0033,2024-05-30,2024-07-29,492795.03,Delivered,EMP0001,TND,Frame agreement order,Late
SO00755,CUS0022,2024-11-12,2025-01-11,380512.66,Cancelled,EMP0073,TND,Frame agreement order,Cancelled
SO00756,CUS0019,2023-11-14,2023-12-06,370791.25,Shipped,EMP0012,TND,Frame agreement order,On Time
SO00757,CUS0159,2023-07-14,2023-07-26,253980.4,Shipped,EMP0005,TND,Pre-payment required,On Time
SO00758,CUS0172,2022-10-11,2022-11-03,30636.41,Shipped,EMP0081,TND,Pre-payment required,On Time
SO00759,CUS0183,2024-05-05,2024-06-03,43649.53,Pending,EMP0103,TND,,Pending
SO00760,CUS0170,2022-02-17,2022-04-05,324117.47,Pending,EMP0025,TND,,Pending
SO00761,CUS0198,2023-12-16,2024-01-29,229894.94,Delivered,EMP0040,TND,Pre-payment required,On Time
SO00762,CUS0001,2023-05-04,2023-05-25,63822.51,Cancelled,EMP0070,TND,Frame agreement order,Cancelled
SO00763,CUS0059,2023-09-26,2023-11-20,299987.03,Shipped,EMP0070,TND,Expedited shipping,On Time
SO00764,CUS0177,2022-02-03,2022-03-02,130816.75,Pending,EMP0016,TND,,Pending
SO00765,CUS0200,2022-12-04,2023-01-26,378323.83,Pending,EMP0148,TND,Pre-payment required,Pending
SO00766,CUS0121,2022-04-08,2022-05-20,250772.45,Pending,EMP0088,TND,Expedited shipping,Pending
SO00767,CUS0010,2022-02-25,2022-03-19,380708,Confirmed,EMP0048,TND,,Pending
SO00768,CUS0100,2022-11-22,2022-12-08,17428.55,Shipped,EMP0094,TND,Pre-payment required,At Risk
SO00769,CUS0186,2023-12-11,2024-01-11,410383.63,Cancelled,EMP0078,TND,,Cancelled
SO00770,CUS0096,2024-10-16,2024-11-16,399345.66,Delivered,EMP0140,TND,Expedited shipping,Late
SO00771,CUS0153,2023-04-15,2023-05-07,303169.37,Shipped,EMP0054,TND,Standard delivery,At Risk
SO00772,CUS0149,2022-03-02,2022-04-21,178796.25,Cancelled,EMP0130,TND,,Cancelled
SO00773,CUS0196,2023-12-25,2024-01-29,275737.88,Cancelled,EMP0048,TND,,Cancelled
SO00774,CUS0174,2022-01-31,2022-03-15,173352.31,Confirmed,EMP0131,TND,Expedited shipping,Pending
SO00775,CUS0133,2024-07-01,2024-07-20,10997.97,Pending,EMP0144,TND,,Pending
SO00776,CUS0093,2024-06-04,2024-07-21,323502.31,Cancelled,EMP0075,TND,Frame agreement order,Cancelled
SO00777,CUS0116,2022-02-06,2022-04-02,149704.76,Delivered,EMP0041,TND,Pre-payment required,On Time
SO00778,CUS0164,2024-02-12,2024-03-19,6754.4,Confirmed,EMP0041,TND,Frame agreement order,Pending
SO00779,CUS0137,2022-07-23,2022-09-19,321237.74,Delivered,EMP0092,TND,,On Time
SO00780,CUS0085,2024-07-14,2024-07-24,398361.26,Cancelled,EMP0009,TND,Expedited shipping,Cancelled
SO00781,CUS0125,2022-03-12,2022-04-09,443604.43,Confirmed,EMP0012,TND,Pre-payment required,Pending
SO00782,CUS0150,2024-03-30,2024-04-09,443901.11,Shipped,EMP0054,TND,,On Time
SO00783,CUS0162,2022-02-12,2022-03-16,413811.88,Cancelled,EMP0065,TND,Frame agreement order,Cancelled
SO00784,CUS0049,2024-10-10,2024-11-25,88034.68,Confirmed,EMP0077,TND,Pre-payment required,Pending
SO00785,CUS0004,2023-07-05,2023-08-24,241444.18,Pending,EMP0147,TND,Frame agreement order,Pending
SO00786,CUS0139,2022-06-15,2022-08-02,313950.63,Pending,EMP0031,TND,Standard delivery,Pending
SO00787,CUS0015,2023-01-06,2023-03-02,101949.89,Delivered,EMP0126,TND,Expedited shipping,Late
SO00788,CUS0189,2022-05-28,2022-06-29,311100.58,Shipped,EMP0033,TND,Frame agreement order,On Time
SO00789,CUS0164,2022-06-19,2022-08-14,491054.01,Delivered,EMP0108,TND,Pre-payment required,On Time
SO00790,CUS0017,2024-09-17,2024-09-25,246913.4,Cancelled,EMP0057,TND,Pre-payment required,Cancelled
SO00791,CUS0114,2023-01-10,2023-02-07,213048.51,Confirmed,EMP0007,TND,,Pending
SO00792,CUS0028,2023-05-23,2023-07-12,451039.3,Confirmed,EMP0003,TND,Standard delivery,Pending
SO00793,CUS0189,2022-06-04,2022-07-05,44626.68,Cancelled,EMP0057,TND,Expedited shipping,Cancelled
SO00794,CUS0085,2022-07-05,2022-07-22,494639.27,Pending,EMP0016,TND,Frame agreement order,Pending
SO00795,CUS0018,2023-08-28,2023-10-25,370481.03,Delivered,EMP0069,TND,Expedited shipping,On Time
SO00796,CUS0141,2022-03-19,2022-04-19,16979.45,Shipped,EMP0038,TND,,On Time
SO00797,CUS0025,2023-04-27,2023-05-29,247913.96,Confirmed,EMP0034,TND,Pre-payment required,Pending
SO00798,CUS0190,2024-02-22,2024-03-16,492818.6,Delivered,EMP0030,TND,Standard delivery,Late
SO00799,CUS0013,2024-02-19,2024-04-16,199760.34,Delivered,EMP0117,TND,Expedited shipping,On Time
SO00800,CUS0117,2024-10-03,2024-11-12,268158.89,Cancelled,EMP0043,TND,Standard delivery,Cancelled
SO00801,CUS0032,2023-06-08,2023-07-19,63349.76,Pending,EMP0118,TND,Expedited shipping,Pending
SO00802,CUS0129,2022-02-22,2022-04-12,132320.89,Cancelled,EMP0137,TND,Standard delivery,Cancelled
SO00803,CUS0168,2022-08-03,2022-08-16,230769.59,Shipped,EMP0101,TND,Pre-payment required,On Time
SO00804,CUS0164,2024-08-10,2024-09-29,217138.07,Shipped,EMP0139,TND,Pre-payment required,On Time
SO00805,CUS0194,2024-07-19,2024-08-18,227681.1,Pending,EMP0058,TND,Expedited shipping,Pending
SO00806,CUS0161,2024-03-27,2024-05-02,435988.69,Shipped,EMP0072,TND,Frame agreement order,At Risk
SO00807,CUS0006,2022-06-20,2022-08-18,293638.65,Cancelled,EMP0150,TND,Expedited shipping,Cancelled
SO00808,CUS0136,2024-09-16,2024-10-11,272267.34,Delivered,EMP0081,TND,Expedited shipping,On Time
SO00809,CUS0198,2023-03-21,2023-03-30,271333.2,Shipped,EMP0081,TND,Expedited shipping,On Time
SO00810,CUS0068,2023-02-01,2023-02-21,17278.23,Cancelled,EMP0140,TND,Expedited shipping,Cancelled
SO00811,CUS0119,2022-02-23,2022-03-04,6061.64,Confirmed,EMP0101,TND,Frame agreement order,Pending
SO00812,CUS0087,2023-12-17,2024-01-09,226102.1,Confirmed,EMP0112,TND,Pre-payment required,Pending
SO00813,CUS0109,2022-07-03,2022-07-23,266856.77,Shipped,EMP0021,TND,Standard delivery,At Risk
SO00814,CUS0037,2024-08-22,2024-10-20,493172.83,Confirmed,EMP0014,TND,Expedited shipping,Pending
SO00815,CUS0130,2023-12-16,2024-01-02,49417.02,Confirmed,EMP0100,TND,Expedited shipping,Pending
SO00816,CUS0008,2023-05-24,2023-07-04,384502.49,Pending,EMP0067,TND,,Pending
SO00817,CUS0138,2022-01-27,2022-03-19,260183.84,Delivered,EMP0021,TND,Standard delivery,On Time
SO00818,CUS0198,2022-12-07,2023-01-06,253548.19,Shipped,EMP0078,TND,Expedited shipping,On Time
SO00819,CUS0102,2022-05-04,2022-05-31,342302.1,Delivered,EMP0124,TND,Expedited shipping,Late
SO00820,CUS0026,2022-07-09,2022-07-24,225384.96,Delivered,EMP0133,TND,Standard delivery,On Time
SO00821,CUS0145,2022-01-02,2022-02-11,450491.92,Delivered,EMP0107,TND,Frame agreement order,On Time
SO00822,CUS0095,2023-04-23,2023-05-08,47197.54,Confirmed,EMP0108,TND,Frame agreement order,Pending
SO00823,CUS0168,2023-02-18,2023-03-25,61700.24,Pending,EMP0116,TND,Standard delivery,Pending
SO00824,CUS0137,2024-03-19,2024-04-21,265359.89,Delivered,EMP0071,TND,Frame agreement order,On Time
SO00825,CUS0026,2023-09-22,2023-10-17,238966.35,Confirmed,EMP0090,TND,,Pending
SO00826,CUS0110,2023-09-29,2023-11-10,286789.48,Confirmed,EMP0120,TND,Pre-payment required,Pending
SO00827,CUS0088,2023-01-16,2023-02-03,162166.67,Delivered,EMP0098,TND,,On Time
SO00828,CUS0184,2024-10-03,2024-11-09,406564.73,Confirmed,EMP0147,TND,Pre-payment required,Pending
SO00829,CUS0100,2022-07-01,2022-08-17,450752.9,Pending,EMP0058,TND,Expedited shipping,Pending
SO00830,CUS0169,2023-05-26,2023-07-02,371101.47,Pending,EMP0026,TND,Pre-payment required,Pending
SO00831,CUS0158,2022-02-04,2022-03-05,357679.1,Pending,EMP0113,TND,Standard delivery,Pending
SO00832,CUS0165,2023-12-21,2024-02-15,53309.97,Cancelled,EMP0098,TND,Expedited shipping,Cancelled
SO00833,CUS0058,2022-10-16,2022-10-26,326997.55,Delivered,EMP0126,TND,Expedited shipping,On Time
SO00834,CUS0184,2023-11-21,2024-01-04,212189.12,Pending,EMP0093,TND,,Pending
SO00835,CUS0176,2023-12-07,2024-01-26,316326.7,Confirmed,EMP0059,TND,,Pending
SO00836,CUS0024,2023-08-20,2023-09-21,67223.9,Cancelled,EMP0005,TND,Frame agreement order,Cancelled
SO00837,CUS0141,2023-01-15,2023-03-10,383151.9,Pending,EMP0083,TND,Frame agreement order,Pending
SO00838,CUS0014,2024-03-25,2024-05-13,415028,Confirmed,EMP0007,TND,,Pending
SO00839,CUS0015,2024-12-31,2025-01-29,471115.07,Cancelled,EMP0056,TND,Pre-payment required,Cancelled
SO00840,CUS0071,2023-02-14,2023-04-14,285876.05,Delivered,EMP0064,TND,Pre-payment required,On Time
SO00841,CUS0136,2024-06-10,2024-06-20,347729.88,Cancelled,EMP0128,TND,Frame agreement order,Cancelled
SO00842,CUS0073,2023-05-25,2023-07-02,76761.75,Shipped,EMP0025,TND,Frame agreement order,At Risk
SO00843,CUS0100,2024-08-07,2024-08-23,51697.45,Cancelled,EMP0126,TND,Pre-payment required,Cancelled
SO00844,CUS0006,2023-05-10,2023-06-25,206502.65,Delivered,EMP0078,TND,Expedited shipping,On Time
SO00845,CUS0036,2023-02-16,2023-03-20,266492.44,Shipped,EMP0134,TND,Frame agreement order,On Time
SO00846,CUS0155,2022-02-19,2022-04-13,475185.82,Confirmed,EMP0150,TND,Pre-payment required,Pending
SO00847,CUS0108,2022-08-02,2022-09-21,88551.48,Cancelled,EMP0011,TND,,Cancelled
SO00848,CUS0090,2023-10-02,2023-10-25,265475.69,Confirmed,EMP0097,TND,Expedited shipping,Pending
SO00849,CUS0123,2024-06-16,2024-07-06,115506.25,Confirmed,EMP0087,TND,,Pending
SO00850,CUS0034,2022-07-16,2022-09-03,385431.13,Cancelled,EMP0120,TND,Frame agreement order,Cancelled
SO00851,CUS0058,2024-04-04,2024-04-28,8475.07,Pending,EMP0114,TND,Pre-payment required,Pending
SO00852,CUS0120,2023-06-20,2023-07-24,173832.61,Confirmed,EMP0034,TND,Pre-payment required,Pending
SO00853,CUS0157,2024-04-01,2024-05-03,260441.76,Shipped,EMP0030,TND,Frame agreement order,At Risk
SO00854,CUS0018,2022-12-31,2023-02-06,188499.8,Delivered,EMP0027,TND,Expedited shipping,Late
SO00855,CUS0177,2024-01-31,2024-03-20,76073.45,Cancelled,EMP0077,TND,Pre-payment required,Cancelled
SO00856,CUS0165,2023-06-18,2023-07-24,19436.77,Shipped,EMP0002,TND,Standard delivery,On Time
SO00857,CUS0113,2023-12-27,2024-01-19,343060.39,Cancelled,EMP0012,TND,Frame agreement order,Cancelled
SO00858,CUS0108,2024-05-01,2024-05-27,269667.35,Cancelled,EMP0077,TND,Standard delivery,Cancelled
SO00859,CUS0140,2023-04-08,2023-05-27,128613.96,Confirmed,EMP0117,TND,Frame agreement order,Pending
SO00860,CUS0127,2022-04-06,2022-05-17,387647.36,Confirmed,EMP0090,TND,,Pending
SO00861,CUS0139,2023-08-10,2023-08-28,320416.76,Confirmed,EMP0066,TND,Pre-payment required,Pending
SO00862,CUS0074,2022-09-17,2022-11-15,476969.05,Cancelled,EMP0138,TND,Standard delivery,Cancelled
SO00863,CUS0004,2024-03-03,2024-04-21,98554.2,Shipped,EMP0064,TND,Pre-payment required,On Time
SO00864,CUS0125,2022-08-09,2022-09-12,351582.76,Shipped,EMP0080,TND,Frame agreement order,At Risk
SO00865,CUS0068,2022-08-07,2022-08-20,56084.77,Cancelled,EMP0028,TND,Standard delivery,Cancelled
SO00866,CUS0075,2022-07-24,2022-09-12,389058.47,Confirmed,EMP0146,TND,Standard delivery,Pending
SO00867,CUS0148,2022-12-13,2023-01-21,410582.47,Confirmed,EMP0081,TND,,Pending
SO00868,CUS0073,2023-05-28,2023-07-09,491707.1,Pending,EMP0026,TND,Expedited shipping,Pending
SO00869,CUS0122,2024-07-28,2024-08-08,72054.05,Delivered,EMP0126,TND,Standard delivery,On Time
SO00870,CUS0099,2023-10-21,2023-12-08,253441.39,Shipped,EMP0050,TND,,On Time
SO00871,CUS0152,2022-01-10,2022-01-23,342168.57,Shipped,EMP0070,TND,Frame agreement order,At Risk
SO00872,CUS0004,2023-06-01,2023-07-11,5985.88,Confirmed,EMP0008,TND,,Pending
SO00873,CUS0043,2022-11-24,2023-01-06,319430.63,Delivered,EMP0067,TND,Standard delivery,On Time
SO00874,CUS0084,2024-03-07,2024-04-18,375680.69,Pending,EMP0040,TND,,Pending
SO00875,CUS0119,2023-05-17,2023-06-19,129655.9,Confirmed,EMP0107,TND,Pre-payment required,Pending
SO00876,CUS0034,2024-07-16,2024-08-25,12056.42,Confirmed,EMP0061,TND,,Pending
SO00877,CUS0082,2024-02-28,2024-04-01,93317.71,Delivered,EMP0012,TND,Standard delivery,On Time
SO00878,CUS0094,2022-01-17,2022-03-02,274156.18,Pending,EMP0135,TND,,Pending
SO00879,CUS0004,2024-11-13,2024-11-20,351006.8,Pending,EMP0001,TND,Pre-payment required,Pending
SO00880,CUS0117,2023-02-04,2023-03-17,81119.29,Delivered,EMP0135,TND,Frame agreement order,Late
SO00881,CUS0186,2022-11-25,2023-01-12,424271.64,Confirmed,EMP0014,TND,Expedited shipping,Pending
SO00882,CUS0117,2022-01-21,2022-02-01,35400,Cancelled,EMP0017,TND,Frame agreement order,Cancelled
SO00883,CUS0043,2022-12-15,2023-01-04,437184.02,Cancelled,EMP0120,TND,Frame agreement order,Cancelled
SO00884,CUS0043,2024-03-12,2024-03-26,186307.57,Pending,EMP0090,TND,Standard delivery,Pending
SO00885,CUS0115,2022-05-02,2022-05-09,420003.42,Confirmed,EMP0117,TND,Expedited shipping,Pending
SO00886,CUS0178,2022-12-08,2023-01-22,157585.51,Confirmed,EMP0144,TND,Frame agreement order,Pending
SO00887,CUS0086,2023-03-20,2023-04-30,385610.88,Confirmed,EMP0079,TND,,Pending
SO00888,CUS0181,2022-12-10,2023-01-10,104115.41,Cancelled,EMP0139,TND,Frame agreement order,Cancelled
SO00889,CUS0158,2023-07-06,2023-08-02,178817.98,Pending,EMP0014,TND,,Pending
SO00890,CUS0198,2022-10-16,2022-12-11,374504.74,Confirmed,EMP0093,TND,Pre-payment required,Pending
SO00891,CUS0130,2024-12-10,2025-01-08,230491.94,Confirmed,EMP0132,TND,Expedited shipping,Pending
SO00892,CUS0103,2023-06-22,2023-08-09,111695.91,Cancelled,EMP0025,TND,Frame agreement order,Cancelled
SO00893,CUS0170,2022-06-17,2022-08-01,18238.49,Shipped,EMP0143,TND,Frame agreement order,On Time
SO00894,CUS0054,2024-01-19,2024-01-27,350609.24,Confirmed,EMP0105,TND,Standard delivery,Pending
SO00895,CUS0185,2023-07-11,2023-08-24,302718.46,Pending,EMP0077,TND,Standard delivery,Pending
SO00896,CUS0120,2024-05-27,2024-07-09,167234.33,Confirmed,EMP0011,TND,Expedited shipping,Pending
SO00897,CUS0153,2024-08-08,2024-10-03,458637.81,Cancelled,EMP0025,TND,Pre-payment required,Cancelled
SO00898,CUS0068,2023-11-04,2023-12-15,45034.22,Pending,EMP0144,TND,,Pending
SO00899,CUS0122,2022-09-05,2022-10-22,85059.75,Shipped,EMP0087,TND,,On Time
SO00900,CUS0138,2023-09-09,2023-11-02,244404.79,Cancelled,EMP0066,TND,Standard delivery,Cancelled
SO00901,CUS0148,2022-04-01,2022-04-19,213339.67,Cancelled,EMP0133,TND,Frame agreement order,Cancelled
SO00902,CUS0189,2023-12-11,2024-01-21,420944.1,Delivered,EMP0048,TND,Standard delivery,On Time
SO00903,CUS0143,2022-04-25,2022-06-11,332691.55,Shipped,EMP0117,TND,Standard delivery,On Time
SO00904,CUS0146,2022-06-14,2022-07-22,146186.18,Confirmed,EMP0083,TND,Frame agreement order,Pending
SO00905,CUS0176,2023-10-21,2023-11-06,330509.93,Cancelled,EMP0033,TND,Pre-payment required,Cancelled
SO00906,CUS0179,2023-12-06,2024-01-30,189937.59,Delivered,EMP0129,TND,Standard delivery,On Time
SO00907,CUS0109,2023-07-04,2023-09-01,301897.13,Pending,EMP0001,TND,Standard delivery,Pending
SO00908,CUS0178,2023-11-27,2024-01-14,283252.34,Confirmed,EMP0055,TND,Frame agreement order,Pending
SO00909,CUS0070,2022-11-09,2022-12-31,97680.21,Cancelled,EMP0074,TND,Frame agreement order,Cancelled
SO00910,CUS0002,2022-03-18,2022-04-02,486681.17,Shipped,EMP0030,TND,,On Time
SO00911,CUS0101,2022-03-23,2022-05-10,226993.9,Confirmed,EMP0079,TND,Pre-payment required,Pending
SO00912,CUS0013,2024-05-20,2024-07-05,469682.41,Delivered,EMP0125,TND,Expedited shipping,On Time
SO00913,CUS0137,2023-08-12,2023-09-18,244776.87,Delivered,EMP0099,TND,Expedited shipping,On Time
SO00914,CUS0176,2022-04-22,2022-06-02,110249.44,Delivered,EMP0034,TND,,On Time
SO00915,CUS0159,2022-03-02,2022-03-15,430033.98,Pending,EMP0010,TND,Frame agreement order,Pending
SO00916,CUS0069,2023-05-27,2023-07-14,232800.81,Pending,EMP0130,TND,Standard delivery,Pending
SO00917,CUS0199,2023-06-25,2023-07-10,27552.24,Confirmed,EMP0041,TND,Expedited shipping,Pending
SO00918,CUS0081,2022-02-01,2022-03-29,434632.28,Delivered,EMP0089,TND,Frame agreement order,On Time
SO00919,CUS0055,2023-05-26,2023-07-21,413934.81,Cancelled,EMP0048,TND,,Cancelled
SO00920,CUS0097,2024-09-10,2024-10-09,478987.14,Shipped,EMP0092,TND,Pre-payment required,On Time
SO00921,CUS0085,2022-10-12,2022-11-20,209742.6,Shipped,EMP0099,TND,,At Risk
SO00922,CUS0007,2024-01-08,2024-03-01,478462.27,Delivered,EMP0069,TND,,On Time
SO00923,CUS0135,2024-09-03,2024-09-20,330632.08,Shipped,EMP0131,TND,Frame agreement order,On Time
SO00924,CUS0058,2022-08-17,2022-08-26,30379.58,Confirmed,EMP0088,TND,Pre-payment required,Pending
SO00925,CUS0104,2023-06-19,2023-08-06,136184.54,Confirmed,EMP0062,TND,Pre-payment required,Pending
SO00926,CUS0160,2024-06-29,2024-08-07,177815.38,Cancelled,EMP0068,TND,,Cancelled
SO00927,CUS0074,2023-08-10,2023-09-15,7996.23,Pending,EMP0080,TND,Pre-payment required,Pending
SO00928,CUS0085,2022-03-14,2022-05-02,373868.72,Confirmed,EMP0051,TND,Frame agreement order,Pending
SO00929,CUS0110,2022-03-24,2022-05-08,455208.89,Pending,EMP0017,TND,,Pending
SO00930,CUS0152,2022-08-02,2022-09-03,325924.51,Confirmed,EMP0137,TND,Frame agreement order,Pending
SO00931,CUS0168,2024-01-16,2024-03-02,177386.65,Cancelled,EMP0072,TND,Expedited shipping,Cancelled
SO00932,CUS0148,2022-12-31,2023-02-09,469907.56,Confirmed,EMP0064,TND,Expedited shipping,Pending
SO00933,CUS0020,2023-08-15,2023-09-30,335527.94,Delivered,EMP0119,TND,Standard delivery,On Time
SO00934,CUS0134,2022-06-15,2022-06-22,431073.08,Delivered,EMP0114,TND,Frame agreement order,Late
SO00935,CUS0050,2023-08-27,2023-09-27,30542.98,Shipped,EMP0140,TND,,On Time
SO00936,CUS0152,2022-01-06,2022-02-15,169261.16,Confirmed,EMP0113,TND,Standard delivery,Pending
SO00937,CUS0058,2023-06-13,2023-08-02,210734.83,Shipped,EMP0121,TND,Pre-payment required,On Time
SO00938,CUS0163,2023-02-25,2023-03-23,388897.07,Delivered,EMP0133,TND,,On Time
SO00939,CUS0184,2023-03-11,2023-04-19,211866.4,Delivered,EMP0024,TND,,On Time
SO00940,CUS0118,2024-09-11,2024-10-12,157028.17,Shipped,EMP0135,TND,Standard delivery,On Time
SO00941,CUS0049,2023-08-23,2023-09-04,395760.54,Delivered,EMP0082,TND,Expedited shipping,On Time
SO00942,CUS0178,2022-05-18,2022-06-22,419427.64,Pending,EMP0008,TND,Pre-payment required,Pending
SO00943,CUS0170,2023-02-01,2023-02-12,71411.5,Delivered,EMP0006,TND,Pre-payment required,On Time
SO00944,CUS0179,2023-10-15,2023-11-22,153099.92,Confirmed,EMP0137,TND,Pre-payment required,Pending
SO00945,CUS0160,2023-11-20,2023-12-20,271187.4,Delivered,EMP0109,TND,,Late
SO00946,CUS0096,2023-10-20,2023-12-02,436129.2,Pending,EMP0044,TND,Frame agreement order,Pending
SO00947,CUS0024,2024-11-22,2024-12-13,22197.79,Cancelled,EMP0062,TND,Frame agreement order,Cancelled
SO00948,CUS0028,2023-03-06,2023-05-02,262507.16,Confirmed,EMP0090,TND,,Pending
SO00949,CUS0028,2023-09-21,2023-10-08,369605.67,Shipped,EMP0084,TND,,On Time
SO00950,CUS0052,2022-12-20,2023-01-07,406398.79,Cancelled,EMP0015,TND,Expedited shipping,Cancelled
SO00951,CUS0089,2023-08-15,2023-09-11,419164.04,Pending,EMP0027,TND,Frame agreement order,Pending
SO00952,CUS0180,2023-01-02,2023-02-07,138645.59,Confirmed,EMP0086,TND,Standard delivery,Pending
SO00953,CUS0153,2023-08-03,2023-08-18,259590.45,Delivered,EMP0052,TND,Expedited shipping,On Time
SO00954,CUS0180,2024-10-12,2024-10-22,81159.99,Pending,EMP0119,TND,Pre-payment required,Pending
SO00955,CUS0034,2022-03-10,2022-04-19,373087.07,Pending,EMP0098,TND,Standard delivery,Pending
SO00956,CUS0100,2024-09-19,2024-10-10,416055.61,Shipped,EMP0054,TND,Expedited shipping,On Time
SO00957,CUS0175,2023-07-28,2023-08-30,6019.6,Delivered,EMP0054,TND,Expedited shipping,On Time
SO00958,CUS0102,2024-01-21,2024-02-14,41549.08,Delivered,EMP0046,TND,,On Time
SO00959,CUS0010,2024-10-11,2024-12-08,89672.35,Confirmed,EMP0025,TND,Pre-payment required,Pending
SO00960,CUS0069,2022-06-30,2022-08-19,321715.28,Confirmed,EMP0090,TND,Standard delivery,Pending
SO00961,CUS0034,2024-08-30,2024-10-17,103005.61,Delivered,EMP0130,TND,Pre-payment required,On Time
SO00962,CUS0068,2022-03-31,2022-05-23,373498.41,Shipped,EMP0138,TND,Pre-payment required,On Time
SO00963,CUS0100,2022-12-14,2022-12-24,318582.78,Confirmed,EMP0063,TND,Pre-payment required,Pending
SO00964,CUS0168,2023-08-12,2023-09-18,81113.74,Confirmed,EMP0066,TND,Standard delivery,Pending
SO00965,CUS0186,2023-10-17,2023-11-16,402369.38,Confirmed,EMP0012,TND,Frame agreement order,Pending
SO00966,CUS0030,2022-06-07,2022-06-28,308339.82,Pending,EMP0069,TND,Pre-payment required,Pending
SO00967,CUS0155,2024-12-23,2025-01-07,239269.06,Confirmed,EMP0051,TND,Pre-payment required,Pending
SO00968,CUS0130,2022-04-16,2022-05-24,22701.58,Shipped,EMP0108,TND,,On Time
SO00969,CUS0057,2023-04-07,2023-05-05,186161.65,Shipped,EMP0103,TND,Expedited shipping,At Risk
SO00970,CUS0095,2024-11-08,2024-12-22,279633.29,Cancelled,EMP0040,TND,,Cancelled
SO00971,CUS0054,2023-06-18,2023-08-03,284095.75,Delivered,EMP0077,TND,,On Time
SO00972,CUS0149,2024-03-08,2024-04-19,25959.83,Shipped,EMP0093,TND,Frame agreement order,On Time
SO00973,CUS0052,2023-03-04,2023-04-13,6632.46,Cancelled,EMP0033,TND,Frame agreement order,Cancelled
SO00974,CUS0001,2024-03-06,2024-04-18,338529.13,Pending,EMP0078,TND,Pre-payment required,Pending
SO00975,CUS0095,2024-07-22,2024-07-30,55781.99,Shipped,EMP0004,TND,Pre-payment required,At Risk
SO00976,CUS0174,2024-04-24,2024-06-23,198880.8,Shipped,EMP0133,TND,,At Risk
SO00977,CUS0166,2022-03-21,2022-04-22,164921.99,Delivered,EMP0128,TND,Expedited shipping,On Time
SO00978,CUS0052,2022-12-02,2022-12-19,148289.24,Pending,EMP0065,TND,Expedited shipping,Pending
SO00979,CUS0016,2022-02-07,2022-03-11,123343.83,Pending,EMP0147,TND,Standard delivery,Pending
SO00980,CUS0110,2022-03-18,2022-04-30,237319.44,Pending,EMP0064,TND,Frame agreement order,Pending
SO00981,CUS0088,2023-05-11,2023-06-24,43874.34,Pending,EMP0078,TND,Expedited shipping,Pending
SO00982,CUS0040,2022-04-12,2022-05-24,201958.32,Confirmed,EMP0037,TND,Expedited shipping,Pending
SO00983,CUS0142,2022-11-20,2022-12-23,341266.33,Pending,EMP0070,TND,Standard delivery,Pending
SO00984,CUS0163,2022-09-27,2022-10-22,465296.86,Shipped,EMP0035,TND,Expedited shipping,On Time
SO00985,CUS0189,2023-06-20,2023-08-04,82318.75,Shipped,EMP0062,TND,Standard delivery,At Risk
SO00986,CUS0060,2022-11-01,2022-12-22,70092.98,Pending,EMP0004,TND,Standard delivery,Pending
SO00987,CUS0049,2022-07-17,2022-08-01,226557.16,Cancelled,EMP0044,TND,,Cancelled
SO00988,CUS0068,2022-11-26,2023-01-14,121718.54,Pending,EMP0126,TND,,Pending
SO00989,CUS0183,2022-07-16,2022-08-06,171147.04,Confirmed,EMP0083,TND,Frame agreement order,Pending
SO00990,CUS0163,2022-08-27,2022-10-04,498723.62,Confirmed,EMP0072,TND,,Pending
SO00991,CUS0105,2023-07-17,2023-09-09,246655.23,Delivered,EMP0074,TND,Standard delivery,On Time
SO00992,CUS0118,2024-07-19,2024-09-01,467300.46,Confirmed,EMP0097,TND,Standard delivery,Pending
SO00993,CUS0001,2023-07-18,2023-08-29,98663.5,Delivered,EMP0011,TND,,On Time
SO00994,CUS0101,2022-04-21,2022-05-13,448580.85,Confirmed,EMP0097,TND,Standard delivery,Pending
SO00995,CUS0125,2022-09-21,2022-10-10,455399.08,Shipped,EMP0109,TND,Frame agreement order,At Risk
SO00996,CUS0108,2022-12-02,2022-12-13,247492.15,Confirmed,EMP0110,TND,Expedited shipping,Pending
SO00997,CUS0075,2022-10-26,2022-11-22,406767.79,Cancelled,EMP0147,TND,Frame agreement order,Cancelled
SO00998,CUS0117,2024-07-11,2024-07-30,274226.23,Confirmed,EMP0077,TND,Expedited shipping,Pending
SO00999,CUS0040,2024-10-26,2024-11-06,143284.8,Confirmed,EMP0041,TND,Expedited shipping,Pending
SO01000,CUS0042,2023-01-17,2023-02-26,427801.51,Confirmed,EMP0134,TND,Standard delivery,Pending
