  erp_invoices  ·  900 lignes  ·  9 colonnes,Unnamed: 1,Unnamed: 2,Unnamed: 3,Unnamed: 4,Unnamed: 5,Unnamed: 6,Unnamed: 7,Unnamed: 8
invoice_id,customer_id,order_id,amount,tax_amount,issue_date,due_date,payment_status,currency
SINV00001,CUS0022,SO00155,225765.34,54681.99,2023-09-30,2023-12-02,Paid,TND
SINV00002,CUS0106,SO00153,117918.85,26143.97,2022-07-27,2022-10-23,Partially Paid,TND
SINV00003,CUS0157,SO00441,131842.35,30399.46,2022-04-29,2022-07-15,Unpaid,TND
SINV00004,CUS0185,SO00363,23927.37,4835.65,2023-10-07,2023-11-18,Unpaid,TND
SINV00005,CUS0145,SO00384,8195.8,2007.08,2022-08-03,2022-10-11,Partially Paid,TND
SINV00006,CUS0040,SO00455,356367.39,77990.71,2024-11-04,2024-12-11,Paid,TND
SINV00007,CUS0006,SO00295,387678.03,93695.83,2022-09-24,2022-12-13,Partially Paid,TND
SINV00008,CUS0118,SO00723,428044.53,89173.99,2024-09-17,2024-12-06,Overdue,TND
SINV00009,CUS0066,SO00175,133589.72,28935.25,2023-08-07,2023-11-05,Partially Paid,TND
SINV00010,CUS0199,SO00351,52729.23,11317.13,2023-10-13,2023-11-16,Unpaid,TND
SINV00011,CUS0125,SO00864,343014.47,70316.55,2022-08-18,2022-10-07,Partially Paid,TND
SINV00012,CUS0106,SO00153,120943.08,26143.97,2022-07-31,2022-09-20,Unpaid,TND
SINV00013,CUS0061,SO00160,246227.43,58423.9,2024-04-16,2024-05-23,Partially Paid,TND
SINV00014,CUS0120,SO00282,436938.02,97775.21,2023-08-05,2023-10-23,Overdue,TND
SINV00015,CUS0198,SO00890,339660.95,74900.95,2022-10-21,2022-12-02,Partially Paid,TND
SINV00016,CUS0157,SO00394,135839.2,29953.49,2023-11-08,2024-02-01,Paid,TND
SINV00017,CUS0180,SO00954,66899.92,16232,2024-10-17,2025-01-05,Overdue,TND
SINV00018,CUS0019,SO00756,310562.11,74158.25,2023-11-15,2024-01-02,Partially Paid,TND
SINV00019,CUS0102,SO00673,55310.55,11734.23,2022-05-28,2022-07-16,Partially Paid,TND
SINV00020,CUS0190,SO00495,352473.9,79368.53,2023-12-26,2024-02-22,Overdue,TND
SINV00021,CUS0024,SO00223,100384.84,22671.01,2023-04-12,2023-06-01,Overdue,TND
SINV00022,CUS0189,SO00077,299367.63,65956.77,2025-01-01,2025-02-07,Partially Paid,TND
SINV00023,CUS0188,SO00602,251900.59,54585.49,2022-02-04,2022-04-10,Paid,TND
SINV00024,CUS0056,SO00297,368266.15,77397.01,2023-03-14,2023-06-09,Overdue,TND
SINV00025,CUS0040,SO00354,293350.7,65043.01,2022-10-16,2023-01-14,Partially Paid,TND
SINV00026,CUS0132,SO00596,55037.72,12860.8,2022-12-24,2023-01-25,Overdue,TND
SINV00027,CUS0100,SO00843,43611.34,10339.49,2024-08-08,2024-09-11,Overdue,TND
SINV00028,CUS0176,SO00207,37252.53,8852.79,2022-10-09,2022-12-26,Partially Paid,TND
SINV00029,CUS0061,SO00339,298632.66,73665.77,2022-07-27,2022-10-10,Partially Paid,TND
SINV00030,CUS0048,SO00355,196254.04,41815.7,2024-05-18,2024-07-26,Partially Paid,TND
SINV00031,CUS0095,SO00748,67795.42,14914.8,2024-04-19,2024-07-08,Overdue,TND
SINV00032,CUS0018,SO00854,168870.16,37699.96,2023-01-05,2023-03-07,Unpaid,TND
SINV00033,CUS0068,SO00283,10601.21,2460.86,2022-05-03,2022-06-12,Overdue,TND
SINV00034,CUS0184,SO00834,196962.78,42437.82,2023-11-25,2024-01-27,Paid,TND
SINV00035,CUS0077,SO00205,121555.73,24991.31,2024-10-27,2024-12-01,Unpaid,TND
SINV00036,CUS0061,SO00160,255233.25,58423.9,2024-04-16,2024-06-14,Paid,TND
SINV00037,CUS0052,SO00978,140291.52,29657.85,2022-12-12,2023-02-19,Partially Paid,TND
SINV00038,CUS0117,SO00437,337483.26,69744.17,2023-12-09,2024-01-31,Partially Paid,TND
SINV00039,CUS0070,SO00452,210832.47,42598.92,2024-08-05,2024-10-23,Unpaid,TND
SINV00040,CUS0145,SO00384,9670.1,2007.08,2022-08-06,2022-10-15,Unpaid,TND
SINV00041,CUS0155,SO00846,464918.66,95037.16,2022-02-23,2022-04-08,Paid,TND
SINV00042,CUS0033,SO00168,258042.01,58109.72,2023-06-10,2023-08-22,Partially Paid,TND
SINV00043,CUS0013,SO00912,399786.42,93936.48,2024-05-28,2024-08-20,Unpaid,TND
SINV00044,CUS0163,SO00482,206722.9,42515.15,2023-09-16,2023-12-12,Overdue,TND
SINV00045,CUS0190,SO00074,279502.49,60954.75,2023-03-01,2023-05-27,Unpaid,TND
SINV00046,CUS0111,SO00305,97395.06,21548.67,2023-01-26,2023-04-11,Unpaid,TND
SINV00047,CUS0157,SO00441,128219.95,30399.46,2022-04-23,2022-07-20,Overdue,TND
SINV00048,CUS0090,SO00012,452191.64,97828.91,2024-09-07,2024-10-22,Overdue,TND
SINV00049,CUS0194,SO00805,190486.06,45536.22,2024-07-28,2024-10-13,Unpaid,TND
SINV00050,CUS0108,SO00996,207799.23,49498.43,2022-12-10,2023-02-24,Paid,TND
SINV00051,CUS0180,SO00336,189788.9,45068.03,2022-01-19,2022-04-01,Unpaid,TND
SINV00052,CUS0151,SO00167,266206.21,60537.44,2022-06-24,2022-08-11,Partially Paid,TND
SINV00053,CUS0044,SO00143,168865.76,41222.52,2023-12-26,2024-03-25,Overdue,TND
SINV00054,CUS0083,SO00725,436776.4,96872.53,2022-12-30,2023-03-02,Partially Paid,TND
SINV00055,CUS0188,SO00171,98466.83,22043.15,2024-06-22,2024-08-26,Overdue,TND
SINV00056,CUS0119,SO00044,190784.91,39308.3,2022-07-08,2022-09-16,Partially Paid,TND
SINV00057,CUS0175,SO00598,70771.91,14954.57,2023-11-02,2023-12-24,Partially Paid,TND
SINV00058,CUS0046,SO00427,120914.45,27007.38,2024-03-08,2024-04-13,Overdue,TND
SINV00059,CUS0054,SO00971,232197.36,56819.15,2023-06-28,2023-09-24,Overdue,TND
SINV00060,CUS0155,SO00148,128190.05,31519.28,2023-11-14,2024-02-07,Unpaid,TND
SINV00061,CUS0081,SO00289,88082.46,19194.65,2023-12-14,2024-03-11,Paid,TND
SINV00062,CUS0114,SO00450,202445.16,43643.43,2024-08-23,2024-10-28,Overdue,TND
SINV00063,CUS0038,SO00053,95105.35,23653.63,2024-12-19,2025-03-14,Paid,TND
SINV00064,CUS0099,SO00272,67346.08,14142.62,2023-02-02,2023-04-15,Partially Paid,TND
SINV00065,CUS0130,SO00483,85585.12,18933.82,2023-12-18,2024-02-13,Overdue,TND
SINV00066,CUS0002,SO00618,274773.69,68390.11,2024-08-25,2024-10-08,Paid,TND
SINV00067,CUS0170,SO00943,70544.84,14282.3,2023-02-08,2023-03-31,Unpaid,TND
SINV00068,CUS0128,SO00655,19517,3906.5,2024-03-11,2024-06-05,Overdue,TND
SINV00069,CUS0197,SO00399,272435.4,63929.06,2023-03-25,2023-04-30,Overdue,TND
SINV00070,CUS0108,SO00695,379011.14,93830.04,2023-02-03,2023-04-02,Partially Paid,TND
SINV00071,CUS0176,SO00190,389832.24,80478.9,2022-02-20,2022-05-12,Paid,TND
SINV00072,CUS0058,SO00851,7351.8,1695.01,2024-04-08,2024-06-30,Overdue,TND
SINV00073,CUS0164,SO00804,189933.38,43427.61,2024-08-20,2024-10-16,Unpaid,TND
SINV00074,CUS0007,SO00623,100329.26,21292.3,2022-12-20,2023-02-28,Partially Paid,TND
SINV00075,CUS0137,SO00913,244474.59,48955.37,2023-08-14,2023-10-17,Overdue,TND
SINV00076,CUS0024,SO00223,94415.39,22671.01,2023-04-17,2023-07-01,Partially Paid,TND
SINV00077,CUS0113,SO00109,379999.13,88350.86,2022-03-06,2022-04-25,Paid,TND
SINV00078,CUS0082,SO00047,293082.42,59126,2023-05-25,2023-07-28,Partially Paid,TND
SINV00079,CUS0086,SO00348,321667.83,79036.59,2023-06-30,2023-09-12,Partially Paid,TND
SINV00080,CUS0155,SO00846,426803.72,95037.16,2022-02-26,2022-04-06,Unpaid,TND
SINV00081,CUS0154,SO00235,86113.83,19863.54,2024-04-15,2024-06-24,Overdue,TND
SINV00082,CUS0115,SO00885,399055.17,84000.68,2022-05-09,2022-06-25,Paid,TND
SINV00083,CUS0075,SO00603,49334.43,11355.74,2024-12-17,2025-01-28,Paid,TND
SINV00084,CUS0051,SO00186,167184.32,36675.51,2023-08-13,2023-11-04,Overdue,TND
SINV00085,CUS0117,SO00092,114687.06,23030.18,2023-12-19,2024-01-22,Paid,TND
SINV00086,CUS0196,SO00773,222348.74,55147.58,2023-12-26,2024-03-14,Overdue,TND
SINV00087,CUS0060,SO00640,236440.02,48031.31,2023-03-03,2023-04-21,Unpaid,TND
SINV00088,CUS0028,SO00949,359822.2,73921.13,2023-09-22,2023-11-08,Unpaid,TND
SINV00089,CUS0143,SO00318,213939.55,53060.24,2022-05-07,2022-07-01,Overdue,TND
SINV00090,CUS0087,SO00812,220877.05,45220.42,2023-12-20,2024-03-10,Partially Paid,TND
SINV00091,CUS0002,SO00256,385274.22,91346.36,2022-01-17,2022-03-01,Overdue,TND
SINV00092,CUS0062,SO00094,92866.91,21540.24,2022-06-03,2022-07-21,Partially Paid,TND
SINV00093,CUS0049,SO00023,8510.66,1772.36,2022-11-18,2023-01-23,Partially Paid,TND
SINV00094,CUS0167,SO00742,76093.14,18280.86,2022-07-17,2022-08-20,Partially Paid,TND
SINV00095,CUS0014,SO00214,12818.09,2783.19,2022-06-28,2022-09-25,Overdue,TND
SINV00096,CUS0060,SO00640,238322.7,48031.31,2023-02-24,2023-05-06,Paid,TND
SINV00097,CUS0068,SO00612,199387.43,49413.71,2022-12-11,2023-01-16,Partially Paid,TND
SINV00098,CUS0164,SO00789,441529.21,98210.8,2022-06-22,2022-08-08,Paid,TND
SINV00099,CUS0026,SO00704,190670.44,40494.63,2023-08-09,2023-11-04,Unpaid,TND
SINV00100,CUS0044,SO00416,254090.12,53306.05,2022-04-07,2022-05-08,Partially Paid,TND
SINV00101,CUS0037,SO00549,73027.54,16515.23,2024-10-21,2024-11-25,Paid,TND
SINV00102,CUS0078,SO00532,221109,51735.21,2022-04-26,2022-05-29,Overdue,TND
SINV00103,CUS0195,SO00512,215898.33,49185.35,2023-02-14,2023-03-21,Partially Paid,TND
SINV00104,CUS0061,SO00339,301445.07,73665.77,2022-07-27,2022-09-20,Partially Paid,TND
SINV00105,CUS0071,SO00719,206956.69,46181.02,2024-09-03,2024-10-20,Overdue,TND
SINV00106,CUS0009,SO00370,167357.64,41307.42,2024-01-11,2024-03-08,Overdue,TND
SINV00107,CUS0052,SO00353,265197.37,54102.73,2022-10-13,2022-12-09,Partially Paid,TND
SINV00108,CUS0138,SO00503,400487.22,82815.58,2023-12-26,2024-03-24,Paid,TND
SINV00109,CUS0028,SO00948,236861.22,52501.43,2023-03-14,2023-05-27,Partially Paid,TND
SINV00110,CUS0128,SO00225,6859.07,1674.36,2022-03-06,2022-05-31,Partially Paid,TND
SINV00111,CUS0029,SO00261,69711.33,16685.59,2022-11-08,2023-01-13,Paid,TND
SINV00112,CUS0174,SO00263,53256.58,11123.55,2024-12-18,2025-02-17,Partially Paid,TND
SINV00113,CUS0166,SO00562,110152.71,27531.01,2023-05-17,2023-08-10,Partially Paid,TND
SINV00114,CUS0004,SO00374,205379.01,51326.22,2024-04-23,2024-06-02,Partially Paid,TND
SINV00115,CUS0147,SO00613,480545.86,98840.98,2022-06-21,2022-09-08,Paid,TND
SINV00116,CUS0185,SO00575,371135.35,86188.6,2022-10-25,2022-12-05,Partially Paid,TND
SINV00117,CUS0149,SO00772,178453.71,35759.25,2022-03-11,2022-04-28,Paid,TND
SINV00118,CUS0110,SO00712,240207.75,51114.61,2024-12-03,2025-01-02,Paid,TND
SINV00119,CUS0077,SO00260,393375.28,86549.34,2023-05-02,2023-07-03,Unpaid,TND
SINV00120,CUS0121,SO00350,138952.28,27859.51,2024-05-17,2024-07-04,Partially Paid,TND
SINV00121,CUS0054,SO00293,361889.63,74871.22,2022-09-14,2022-11-02,Unpaid,TND
SINV00122,CUS0053,SO00163,236543.53,53581.96,2024-08-29,2024-11-08,Overdue,TND
SINV00123,CUS0041,SO00581,153565.14,33016.76,2024-12-12,2025-02-11,Overdue,TND
SINV00124,CUS0163,SO00984,438339.29,93059.37,2022-10-07,2022-12-20,Paid,TND
SINV00125,CUS0116,SO00732,328323.55,77995.48,2024-09-24,2024-11-30,Paid,TND
SINV00126,CUS0123,SO00849,101139.3,23101.25,2024-06-19,2024-09-11,Partially Paid,TND
SINV00127,CUS0123,SO00213,224830.16,50288.48,2024-10-04,2024-12-14,Paid,TND
SINV00128,CUS0144,SO00531,416293.64,95326.07,2023-03-20,2023-06-05,Partially Paid,TND
SINV00129,CUS0190,SO00798,430530.2,98563.72,2024-03-02,2024-05-25,Overdue,TND
SINV00130,CUS0174,SO00327,269412.13,60081.5,2022-06-09,2022-08-22,Partially Paid,TND
SINV00131,CUS0054,SO00516,27946.41,6631.23,2022-09-13,2022-11-19,Paid,TND
SINV00132,CUS0148,SO00586,145349.64,30617.7,2022-03-04,2022-04-29,Overdue,TND
SINV00133,CUS0190,SO00495,318907.95,79368.53,2023-12-21,2024-02-21,Unpaid,TND
SINV00134,CUS0123,SO00672,215476.58,52186.57,2022-09-08,2022-10-19,Overdue,TND
SINV00135,CUS0155,SO00328,8000.11,1830.42,2024-07-31,2024-09-15,Unpaid,TND
SINV00136,CUS0006,SO00807,244520.39,58727.73,2022-06-23,2022-08-17,Overdue,TND
SINV00137,CUS0198,SO00890,351451.3,74900.95,2022-10-20,2022-12-12,Unpaid,TND
SINV00138,CUS0183,SO00454,195993.45,45779.54,2023-10-09,2024-01-04,Overdue,TND
SINV00139,CUS0074,SO00862,473887.8,95393.81,2022-09-23,2022-12-03,Partially Paid,TND
SINV00140,CUS0119,SO00875,106267.14,25931.18,2023-05-21,2023-08-08,Paid,TND
SINV00141,CUS0178,SO00908,250501.98,56650.47,2023-12-04,2024-01-12,Overdue,TND
SINV00142,CUS0163,SO00482,188698.93,42515.15,2023-09-23,2023-10-23,Paid,TND
SINV00143,CUS0173,SO00182,366195.01,88192.57,2023-11-10,2024-01-22,Unpaid,TND
SINV00144,CUS0143,SO00318,263274.24,53060.24,2022-05-07,2022-06-09,Unpaid,TND
SINV00145,CUS0017,SO00057,212878.52,50029.41,2022-10-31,2023-01-02,Partially Paid,TND
SINV00146,CUS0195,SO00512,202309.46,49185.35,2023-02-09,2023-04-09,Paid,TND
SINV00147,CUS0192,SO00334,193727.43,42087.18,2024-05-25,2024-07-18,Partially Paid,TND
SINV00148,CUS0172,SO00006,77637.05,18290.73,2024-07-27,2024-10-20,Paid,TND
SINV00149,CUS0140,SO00859,122589.69,25722.79,2023-04-18,2023-06-02,Paid,TND
SINV00150,CUS0168,SO00964,73440.09,16222.75,2023-08-16,2023-11-06,Partially Paid,TND
SINV00151,CUS0176,SO00523,175750.52,38948.62,2022-03-21,2022-05-25,Partially Paid,TND
SINV00152,CUS0164,SO00778,6188.18,1350.88,2024-02-21,2024-04-24,Paid,TND
SINV00153,CUS0086,SO00887,348031.22,77122.18,2023-03-26,2023-05-23,Paid,TND
SINV00154,CUS0137,SO00262,99513.27,20431.62,2024-09-29,2024-11-25,Unpaid,TND
SINV00155,CUS0113,SO00109,384201.91,88350.86,2022-03-12,2022-05-28,Paid,TND
SINV00156,CUS0108,SO00847,76732,17710.3,2022-08-06,2022-10-06,Paid,TND
SINV00157,CUS0120,SO00896,151963.16,33446.87,2024-06-04,2024-08-04,Paid,TND
SINV00158,CUS0143,SO00903,275007.46,66538.31,2022-05-01,2022-07-07,Unpaid,TND
SINV00159,CUS0009,SO00680,335801.01,67948.49,2023-09-22,2023-11-07,Partially Paid,TND
SINV00160,CUS0113,SO00857,320205.3,68612.08,2023-12-28,2024-03-26,Paid,TND
SINV00161,CUS0164,SO00804,181375.85,43427.61,2024-08-15,2024-11-11,Overdue,TND
SINV00162,CUS0147,SO00413,106918.94,23544.29,2024-07-03,2024-08-31,Paid,TND
SINV00163,CUS0124,SO00072,71251.55,16162.95,2023-12-22,2024-03-01,Partially Paid,TND
SINV00164,CUS0077,SO00714,246609.35,54383.85,2022-06-14,2022-09-09,Unpaid,TND
SINV00165,CUS0148,SO00563,339495.81,77085.27,2023-04-15,2023-06-13,Partially Paid,TND
SINV00166,CUS0143,SO00594,447712.9,92247.76,2022-04-17,2022-06-14,Paid,TND
SINV00167,CUS0164,SO00465,212674.32,47449.17,2024-04-26,2024-06-29,Unpaid,TND
SINV00168,CUS0170,SO00172,346757.73,85716.4,2022-04-16,2022-06-26,Partially Paid,TND
SINV00169,CUS0134,SO00440,303356.88,61816.47,2024-06-11,2024-08-12,Paid,TND
SINV00170,CUS0051,SO00106,258745.21,64156.99,2022-01-11,2022-02-23,Partially Paid,TND
SINV00171,CUS0094,SO00878,221677.38,54831.24,2022-01-22,2022-03-20,Paid,TND
SINV00172,CUS0049,SO00724,272226.91,65750.75,2022-08-11,2022-09-17,Unpaid,TND
SINV00173,CUS0031,SO00729,8588.07,2024.72,2025-01-02,2025-02-18,Partially Paid,TND
SINV00174,CUS0007,SO00623,89168,21292.3,2022-12-24,2023-02-14,Unpaid,TND
SINV00175,CUS0028,SO00792,409232.1,90207.86,2023-06-01,2023-08-19,Unpaid,TND
SINV00176,CUS0122,SO00869,65374.94,14410.81,2024-08-07,2024-10-02,Partially Paid,TND
SINV00177,CUS0143,SO00641,155883.92,37014.09,2022-08-02,2022-10-08,Overdue,TND
SINV00178,CUS0026,SO00191,268577.59,61037.36,2022-03-16,2022-06-14,Overdue,TND
SINV00179,CUS0190,SO00074,254942.47,60954.75,2023-03-05,2023-05-03,Partially Paid,TND
SINV00180,CUS0010,SO00767,350207.07,76141.6,2022-03-01,2022-04-22,Partially Paid,TND
SINV00181,CUS0090,SO00848,255281.47,53095.14,2023-10-05,2023-12-16,Overdue,TND
SINV00182,CUS0199,SO00351,45395.8,11317.13,2023-10-07,2023-11-14,Overdue,TND
SINV00183,CUS0158,SO00056,110757.93,24568.53,2023-11-28,2024-02-11,Overdue,TND
SINV00184,CUS0185,SO00204,173646.46,36367.43,2023-03-11,2023-05-30,Unpaid,TND
SINV00185,CUS0173,SO00182,403828.68,88192.57,2023-11-02,2024-01-22,Partially Paid,TND
SINV00186,CUS0148,SO00563,377669.91,77085.27,2023-04-14,2023-07-12,Paid,TND
SINV00187,CUS0162,SO00246,248377.36,53473.45,2024-10-13,2025-01-07,Overdue,TND
SINV00188,CUS0189,SO00077,325152.15,65956.77,2024-12-28,2025-01-31,Overdue,TND
SINV00189,CUS0030,SO00685,232263.57,57652.19,2023-08-15,2023-10-16,Partially Paid,TND
SINV00190,CUS0020,SO00021,324034.55,74580.87,2023-03-05,2023-05-12,Partially Paid,TND
SINV00191,CUS0081,SO00289,82022.91,19194.65,2023-12-13,2024-03-05,Overdue,TND
SINV00192,CUS0006,SO00807,248703.15,58727.73,2022-06-26,2022-08-19,Overdue,TND
SINV00193,CUS0071,SO00274,25356.14,5554.06,2023-11-10,2023-12-16,Unpaid,TND
SINV00194,CUS0030,SO00966,277473.08,61667.96,2022-06-15,2022-09-11,Partially Paid,TND
SINV00195,CUS0106,SO00622,30954.54,7472.57,2022-10-28,2022-12-07,Paid,TND
SINV00196,CUS0130,SO00483,81556.97,18933.82,2023-12-18,2024-03-15,Partially Paid,TND
SINV00197,CUS0031,SO00711,322632.31,67834.01,2023-07-28,2023-09-16,Paid,TND
SINV00198,CUS0165,SO00832,52774.77,10661.99,2023-12-25,2024-01-24,Paid,TND
SINV00199,CUS0066,SO00657,177751.48,44314.8,2022-01-10,2022-03-10,Overdue,TND
SINV00200,CUS0044,SO00071,15070.15,3103.37,2024-01-06,2024-03-06,Partially Paid,TND
SINV00201,CUS0195,SO00058,48085.1,10756.4,2023-01-31,2023-04-28,Partially Paid,TND
SINV00202,CUS0148,SO00428,352355,83039.19,2022-01-23,2022-03-28,Unpaid,TND
SINV00203,CUS0136,SO00329,111646.28,27175.98,2022-05-14,2022-07-05,Paid,TND
SINV00204,CUS0153,SO00953,227263.1,51918.09,2023-08-12,2023-10-19,Unpaid,TND
SINV00205,CUS0155,SO00388,478230.45,96991.45,2023-12-18,2024-02-19,Unpaid,TND
SINV00206,CUS0125,SO00781,422459.89,88720.89,2022-03-15,2022-06-09,Unpaid,TND
SINV00207,CUS0024,SO00223,98438.45,22671.01,2023-04-15,2023-05-15,Unpaid,TND
SINV00208,CUS0036,SO00710,370716.36,84205.05,2024-12-19,2025-03-13,Unpaid,TND
SINV00209,CUS0196,SO00773,240771.45,55147.58,2023-12-31,2024-03-26,Overdue,TND
SINV00210,CUS0049,SO00724,277405.3,65750.75,2022-08-16,2022-10-22,Paid,TND
SINV00211,CUS0170,SO00893,17752,3647.7,2022-06-20,2022-08-05,Overdue,TND
SINV00212,CUS0039,SO00267,245205.5,49598.03,2022-03-26,2022-05-16,Paid,TND
SINV00213,CUS0044,SO00071,12976.72,3103.37,2024-01-09,2024-02-14,Overdue,TND
SINV00214,CUS0117,SO00092,114819.44,23030.18,2023-12-24,2024-02-11,Overdue,TND
SINV00215,CUS0196,SO00078,66442.74,15859.21,2022-07-04,2022-09-23,Overdue,TND
SINV00216,CUS0176,SO00190,395146.32,80478.9,2022-02-16,2022-04-12,Paid,TND
SINV00217,CUS0087,SO00034,78830.03,15964.72,2024-10-21,2024-12-05,Unpaid,TND
SINV00218,CUS0037,SO00249,31986.87,7214.08,2023-08-30,2023-10-19,Unpaid,TND
SINV00219,CUS0121,SO00707,134505.03,33515.15,2024-05-21,2024-08-06,Partially Paid,TND
SINV00220,CUS0023,SO00028,350323.03,80177.7,2024-02-05,2024-03-10,Unpaid,TND
SINV00221,CUS0187,SO00460,46761.21,9697.03,2022-11-14,2022-12-27,Partially Paid,TND
SINV00222,CUS0111,SO00530,333376.71,71681.74,2022-12-24,2023-01-27,Paid,TND
SINV00223,CUS0147,SO00413,114227.38,23544.29,2024-07-11,2024-08-28,Unpaid,TND
SINV00224,CUS0050,SO00459,373636.62,80384.33,2022-09-03,2022-10-07,Partially Paid,TND
SINV00225,CUS0195,SO00058,53583.04,10756.4,2023-01-25,2023-04-08,Partially Paid,TND
SINV00226,CUS0168,SO00466,294948.68,61514.06,2022-09-09,2022-10-23,Paid,TND
SINV00227,CUS0117,SO00800,229297.04,53631.78,2024-10-05,2024-11-12,Partially Paid,TND
SINV00228,CUS0154,SO00235,91034.72,19863.54,2024-04-20,2024-07-07,Partially Paid,TND
SINV00229,CUS0074,SO00217,122199.33,27123.38,2022-02-10,2022-05-11,Paid,TND
SINV00230,CUS0167,SO00637,6335.72,1325.24,2022-01-15,2022-02-25,Overdue,TND
SINV00231,CUS0095,SO00975,48648.79,11156.4,2024-07-23,2024-08-26,Overdue,TND
SINV00232,CUS0129,SO00802,114336.33,26464.18,2022-02-23,2022-05-19,Unpaid,TND
SINV00233,CUS0018,SO00795,365715.4,74096.21,2023-09-06,2023-11-22,Unpaid,TND
SINV00234,CUS0102,SO00448,26228.9,6403.62,2022-09-17,2022-11-27,Partially Paid,TND
SINV00235,CUS0109,SO00610,136967.87,32131.91,2024-10-12,2024-12-27,Overdue,TND
SINV00236,CUS0095,SO00491,446003.91,97652.46,2024-01-22,2024-03-12,Overdue,TND
SINV00237,CUS0099,SO00414,306064.62,62009.82,2023-11-16,2023-12-20,Overdue,TND
SINV00238,CUS0008,SO00048,284799.75,57403.9,2022-01-31,2022-04-09,Paid,TND
SINV00239,CUS0119,SO00044,194330.92,39308.3,2022-07-11,2022-10-02,Partially Paid,TND
SINV00240,CUS0095,SO00970,279077.21,55926.66,2024-11-14,2025-01-12,Unpaid,TND
SINV00241,CUS0168,SO00638,194562.77,40782.26,2022-08-28,2022-11-23,Partially Paid,TND
SINV00242,CUS0137,SO00913,229470.14,48955.37,2023-08-13,2023-10-05,Overdue,TND
SINV00243,CUS0130,SO00815,44053.88,9883.4,2023-12-25,2024-02-26,Partially Paid,TND
SINV00244,CUS0181,SO00471,423764.37,97725.95,2022-07-11,2022-09-03,Paid,TND
SINV00245,CUS0082,SO00052,266733.69,66228.95,2024-08-30,2024-11-18,Unpaid,TND
SINV00246,CUS0147,SO00595,249993.46,56913.75,2023-05-29,2023-06-28,Overdue,TND
SINV00247,CUS0193,SO00462,190438.84,41165.76,2023-08-30,2023-11-23,Unpaid,TND
SINV00248,CUS0014,SO00063,225332.24,56185.39,2024-02-15,2024-03-22,Paid,TND
SINV00249,CUS0125,SO00216,41088.94,8356.55,2023-10-15,2023-11-17,Partially Paid,TND
SINV00250,CUS0066,SO00371,146724.3,31701.04,2024-05-18,2024-08-11,Partially Paid,TND
SINV00251,CUS0112,SO00676,431891.78,89301.49,2022-11-25,2023-02-17,Overdue,TND
SINV00252,CUS0162,SO00783,412529.99,82762.38,2022-02-13,2022-04-23,Unpaid,TND
SINV00253,CUS0034,SO00382,310529.36,63992.75,2024-07-28,2024-10-07,Overdue,TND
SINV00254,CUS0148,SO00867,363628.18,82116.49,2022-12-21,2023-02-20,Paid,TND
SINV00255,CUS0140,SO00545,12724.09,2782.48,2023-02-12,2023-03-29,Unpaid,TND
SINV00256,CUS0103,SO00378,315050.07,73124.9,2022-08-01,2022-09-17,Paid,TND
SINV00257,CUS0044,SO00004,98039.5,23612.8,2023-04-27,2023-07-02,Unpaid,TND
SINV00258,CUS0101,SO00911,196377.26,45398.78,2022-03-27,2022-05-05,Unpaid,TND
SINV00259,CUS0015,SO00787,96483.89,20389.98,2023-01-16,2023-04-15,Partially Paid,TND
SINV00260,CUS0119,SO00811,5567.6,1212.33,2022-02-24,2022-03-27,Paid,TND
SINV00261,CUS0139,SO00042,212651.32,48083.01,2022-04-28,2022-07-17,Overdue,TND
SINV00262,CUS0134,SO00500,305755.84,75101.29,2023-12-21,2024-03-08,Overdue,TND
SINV00263,CUS0169,SO00830,315522.67,74220.29,2023-05-29,2023-08-08,Paid,TND
SINV00264,CUS0133,SO00101,197882.49,48492.77,2024-06-22,2024-07-26,Unpaid,TND
SINV00265,CUS0097,SO00920,425039.3,95797.43,2024-09-13,2024-11-08,Paid,TND
SINV00266,CUS0173,SO00751,38285.81,8536.49,2023-09-16,2023-10-28,Unpaid,TND
SINV00267,CUS0068,SO00133,492904.21,99609.27,2024-07-08,2024-09-26,Paid,TND
SINV00268,CUS0166,SO00117,323363.25,70112.37,2022-05-06,2022-07-09,Paid,TND
SINV00269,CUS0051,SO00703,350175.49,70081.34,2024-12-17,2025-02-08,Paid,TND
SINV00270,CUS0008,SO00560,250178.22,55709.44,2022-01-28,2022-04-26,Unpaid,TND
SINV00271,CUS0015,SO00219,184459.23,42810.99,2024-07-27,2024-09-08,Paid,TND
SINV00272,CUS0016,SO00979,111378.82,24668.77,2022-02-10,2022-03-28,Paid,TND
SINV00273,CUS0049,SO00615,394802.1,89385.52,2023-09-30,2023-11-24,Partially Paid,TND
SINV00274,CUS0145,SO00319,18683.26,3924.71,2022-04-06,2022-05-08,Overdue,TND
SINV00275,CUS0036,SO00845,215365.11,53298.49,2023-02-25,2023-03-30,Overdue,TND
SINV00276,CUS0153,SO00036,328110.21,71706.04,2024-12-18,2025-02-08,Paid,TND
SINV00277,CUS0135,SO00923,272165.7,66126.42,2024-09-12,2024-11-11,Overdue,TND
SINV00278,CUS0058,SO00833,321299,65399.51,2022-10-17,2023-01-09,Overdue,TND
SINV00279,CUS0001,SO00762,53877.32,12764.5,2023-05-09,2023-07-12,Overdue,TND
SINV00280,CUS0054,SO00894,318385.17,70121.85,2024-01-27,2024-04-01,Unpaid,TND
SINV00281,CUS0070,SO00909,87015.37,19536.04,2022-11-17,2023-02-13,Overdue,TND
SINV00282,CUS0034,SO00734,323284.2,65622.83,2022-08-10,2022-11-06,Unpaid,TND
SINV00283,CUS0141,SO00567,8245.17,1689.61,2024-12-10,2025-02-11,Unpaid,TND
SINV00284,CUS0017,SO00790,230602.59,49382.68,2024-09-23,2024-12-15,Unpaid,TND
SINV00285,CUS0104,SO00727,176083.85,41226.82,2024-12-03,2025-01-28,Unpaid,TND
SINV00286,CUS0145,SO00112,348670.85,74857.15,2023-01-12,2023-03-04,Overdue,TND
SINV00287,CUS0162,SO00783,368635.55,82762.38,2022-02-14,2022-03-18,Unpaid,TND
SINV00288,CUS0069,SO00916,229015.98,46560.16,2023-06-03,2023-07-29,Paid,TND
SINV00289,CUS0117,SO00437,306238.89,69744.17,2023-12-09,2024-02-11,Overdue,TND
SINV00290,CUS0158,SO00519,38803.45,7989.72,2022-11-13,2023-01-02,Overdue,TND
SINV00291,CUS0142,SO00477,137265.15,28732.93,2023-12-11,2024-02-19,Partially Paid,TND
SINV00292,CUS0128,SO00065,110523.18,24573.67,2023-09-24,2023-12-14,Partially Paid,TND
SINV00293,CUS0015,SO00839,417743.35,94223.01,2025-01-07,2025-03-16,Overdue,TND
SINV00294,CUS0092,SO00110,300584.44,65351.17,2023-05-02,2023-06-11,Paid,TND
SINV00295,CUS0175,SO00614,417831.7,97588.37,2023-10-25,2024-01-12,Paid,TND
SINV00296,CUS0021,SO00080,164455.46,33603.04,2023-05-14,2023-07-18,Unpaid,TND
SINV00297,CUS0028,SO00792,377159.55,90207.86,2023-05-30,2023-07-23,Partially Paid,TND
SINV00298,CUS0049,SO00941,357005.47,79152.11,2023-08-28,2023-10-16,Unpaid,TND
SINV00299,CUS0001,SO00993,91720.14,19732.7,2023-07-27,2023-09-01,Overdue,TND
SINV00300,CUS0070,SO00230,292029.64,59762.59,2023-11-24,2024-01-28,Paid,TND
SINV00301,CUS0056,SO00180,8337.03,1976.57,2023-12-08,2024-01-28,Unpaid,TND
SINV00302,CUS0124,SO00150,461373,97093,2024-09-18,2024-10-30,Unpaid,TND
SINV00303,CUS0103,SO00152,27485.21,6733.16,2024-08-03,2024-09-14,Unpaid,TND
SINV00304,CUS0187,SO00113,124946.02,28752.91,2022-10-11,2022-11-17,Unpaid,TND
SINV00305,CUS0034,SO00382,313353.02,63992.75,2024-07-27,2024-09-05,Partially Paid,TND
SINV00306,CUS0174,SO00774,148719.97,34670.46,2022-02-09,2022-03-23,Overdue,TND
SINV00307,CUS0137,SO00913,218156.92,48955.37,2023-08-17,2023-11-08,Paid,TND
SINV00308,CUS0081,SO00918,362553.8,86926.46,2022-02-09,2022-03-22,Paid,TND
SINV00309,CUS0058,SO00937,206051.7,42146.97,2023-06-23,2023-09-08,Unpaid,TND
SINV00310,CUS0194,SO00507,406183.52,85267.21,2023-12-01,2024-01-04,Partially Paid,TND
SINV00311,CUS0032,SO00387,211242.23,50773.54,2022-10-05,2022-11-14,Overdue,TND
SINV00312,CUS0071,SO00433,377516.63,83038.48,2022-08-13,2022-10-24,Overdue,TND
SINV00313,CUS0130,SO00146,73722.1,17893.19,2022-07-06,2022-09-14,Overdue,TND
SINV00314,CUS0014,SO00063,241845.09,56185.39,2024-02-17,2024-04-20,Partially Paid,TND
SINV00315,CUS0119,SO00875,115315.57,25931.18,2023-05-22,2023-06-22,Partially Paid,TND
SINV00316,CUS0112,SO00020,454717.65,98635.52,2022-01-19,2022-02-27,Partially Paid,TND
SINV00317,CUS0162,SO00783,392778.31,82762.38,2022-02-14,2022-04-07,Partially Paid,TND
SINV00318,CUS0109,SO00813,236930.82,53371.35,2022-07-09,2022-09-14,Unpaid,TND
SINV00319,CUS0118,SO00254,38238.11,9270.51,2022-09-13,2022-12-09,Paid,TND
SINV00320,CUS0078,SO00302,347348.82,81488.65,2022-11-06,2022-12-27,Unpaid,TND
SINV00321,CUS0130,SO00815,44535,9883.4,2023-12-18,2024-02-24,Overdue,TND
SINV00322,CUS0174,SO00391,387139.95,89331.55,2023-07-01,2023-08-04,Paid,TND
SINV00323,CUS0174,SO00327,246602.73,60081.5,2022-06-08,2022-09-05,Paid,TND
SINV00324,CUS0052,SO00973,6577,1326.49,2023-03-13,2023-04-27,Overdue,TND
SINV00325,CUS0121,SO00707,142476.33,33515.15,2024-05-22,2024-06-25,Partially Paid,TND
SINV00326,CUS0058,SO00924,28379.64,6075.92,2022-08-19,2022-09-21,Partially Paid,TND
SINV00327,CUS0200,SO00157,213288.75,46298.29,2022-11-23,2022-12-30,Overdue,TND
SINV00328,CUS0093,SO00717,121097.82,27996.74,2022-10-15,2022-11-29,Partially Paid,TND
SINV00329,CUS0036,SO00845,258132.49,53298.49,2023-02-22,2023-03-25,Unpaid,TND
SINV00330,CUS0107,SO00664,408401.49,93217.45,2023-04-01,2023-05-07,Overdue,TND
SINV00331,CUS0189,SO00793,44098.15,8925.34,2022-06-11,2022-07-17,Partially Paid,TND
SINV00332,CUS0069,SO00916,232508.92,46560.16,2023-06-01,2023-07-23,Partially Paid,TND
SINV00333,CUS0184,SO00834,177720.66,42437.82,2023-11-25,2024-01-21,Overdue,TND
SINV00334,CUS0074,SO00264,222337.08,47067.09,2023-07-04,2023-08-08,Paid,TND
SINV00335,CUS0195,SO00525,213276.54,52380.19,2024-11-24,2025-01-24,Unpaid,TND
SINV00336,CUS0178,SO00332,423449.67,91682.62,2024-02-13,2024-04-14,Unpaid,TND
SINV00337,CUS0182,SO00467,169459.77,38739.52,2022-06-12,2022-08-22,Unpaid,TND
SINV00338,CUS0154,SO00346,343739.22,70099.15,2022-09-02,2022-10-08,Overdue,TND
SINV00339,CUS0014,SO00838,361774.35,83005.6,2024-04-04,2024-05-21,Overdue,TND
SINV00340,CUS0136,SO00329,123167.41,27175.98,2022-05-14,2022-06-25,Partially Paid,TND
SINV00341,CUS0142,SO00983,299199.14,68253.27,2022-11-24,2022-12-26,Partially Paid,TND
SINV00342,CUS0188,SO00171,101283.15,22043.15,2024-06-15,2024-08-11,Unpaid,TND
SINV00343,CUS0099,SO00142,321545.6,79401.55,2024-08-13,2024-09-28,Paid,TND
SINV00344,CUS0110,SO00252,262535.67,58101.37,2023-04-05,2023-05-09,Partially Paid,TND
SINV00345,CUS0100,SO00768,15026.67,3485.71,2022-12-01,2023-01-08,Partially Paid,TND
SINV00346,CUS0167,SO00419,212895.69,42758.42,2022-04-23,2022-07-03,Unpaid,TND
SINV00347,CUS0162,SO00246,246199.31,53473.45,2024-10-18,2024-12-16,Unpaid,TND
SINV00348,CUS0088,SO00375,285065.97,60351.06,2024-10-22,2024-12-15,Overdue,TND
SINV00349,CUS0041,SO00228,359737.73,82881.52,2024-05-02,2024-06-16,Unpaid,TND
SINV00350,CUS0180,SO00660,212251.21,48485.08,2024-05-22,2024-06-21,Overdue,TND
SINV00351,CUS0003,SO00630,251788.89,53421.99,2024-06-12,2024-07-19,Unpaid,TND
SINV00352,CUS0131,SO00288,206779.32,50635.98,2022-12-03,2023-02-03,Partially Paid,TND
SINV00353,CUS0057,SO00443,378311,89838.69,2023-11-20,2023-12-21,Paid,TND
SINV00354,CUS0179,SO00944,142020.05,30619.98,2023-10-23,2023-12-16,Paid,TND
SINV00355,CUS0006,SO00844,198563.48,41300.53,2023-05-13,2023-07-11,Paid,TND
SINV00356,CUS0068,SO00962,314241.3,74699.68,2022-04-03,2022-06-03,Paid,TND
SINV00357,CUS0073,SO00154,352196.63,76346.92,2024-05-15,2024-07-04,Unpaid,TND
SINV00358,CUS0022,SO00155,264176.84,54681.99,2023-09-29,2023-11-07,Partially Paid,TND
SINV00359,CUS0034,SO00401,291126,67204.37,2024-04-04,2024-05-07,Overdue,TND
SINV00360,CUS0069,SO00691,423181.31,99952.51,2023-02-03,2023-03-18,Overdue,TND
SINV00361,CUS0148,SO00616,213189.44,51194.48,2022-11-07,2023-01-24,Overdue,TND
SINV00362,CUS0168,SO00638,187178.56,40782.26,2022-08-23,2022-09-25,Overdue,TND
SINV00363,CUS0030,SO00015,392767.24,79164.86,2023-01-25,2023-04-01,Partially Paid,TND
SINV00364,CUS0051,SO00106,305956.18,64156.99,2022-01-11,2022-04-04,Overdue,TND
SINV00365,CUS0195,SO00525,219721.21,52380.19,2024-11-21,2025-02-01,Overdue,TND
SINV00366,CUS0114,SO00450,200210.12,43643.43,2024-08-29,2024-10-16,Paid,TND
SINV00367,CUS0165,SO00832,43279.55,10661.99,2023-12-28,2024-02-20,Unpaid,TND
SINV00368,CUS0139,SO00786,289466.46,62790.13,2022-06-16,2022-08-24,Partially Paid,TND
SINV00369,CUS0021,SO00463,354775.73,79420.55,2024-07-12,2024-10-06,Unpaid,TND
SINV00370,CUS0028,SO00308,158541.66,38765.95,2023-10-23,2024-01-02,Paid,TND
SINV00371,CUS0115,SO00885,413019.81,84000.68,2022-05-04,2022-06-27,Overdue,TND
SINV00372,CUS0193,SO00178,199263.14,41590.05,2024-03-12,2024-05-19,Unpaid,TND
SINV00373,CUS0188,SO00746,127939.59,28852.85,2022-04-23,2022-06-18,Overdue,TND
SINV00374,CUS0015,SO00555,416058.03,83655.63,2023-02-21,2023-05-10,Paid,TND
SINV00375,CUS0174,SO00499,82551.23,16764.36,2024-09-07,2024-12-02,Paid,TND
SINV00376,CUS0195,SO00196,115532.79,28592.11,2023-01-02,2023-02-27,Paid,TND
SINV00377,CUS0164,SO00062,256716.06,54017.34,2022-04-13,2022-06-18,Paid,TND
SINV00378,CUS0007,SO00922,400888.16,95692.45,2024-01-11,2024-02-26,Paid,TND
SINV00379,CUS0122,SO00899,82523.89,17011.95,2022-09-11,2022-11-18,Paid,TND
SINV00380,CUS0147,SO00613,459242.57,98840.98,2022-06-20,2022-08-09,Overdue,TND
SINV00381,CUS0022,SO00231,125340.56,25705.57,2023-10-10,2023-12-14,Paid,TND
SINV00382,CUS0006,SO00698,281235.27,65009.88,2023-03-06,2023-05-16,Partially Paid,TND
SINV00383,CUS0159,SO00915,418611.79,86006.8,2022-03-07,2022-04-26,Paid,TND
SINV00384,CUS0031,SO00418,57221.71,13398.41,2023-12-30,2024-02-26,Partially Paid,TND
SINV00385,CUS0148,SO00867,361160.59,82116.49,2022-12-19,2023-02-07,Unpaid,TND
SINV00386,CUS0172,SO00758,27664.15,6127.28,2022-10-14,2023-01-01,Overdue,TND
SINV00387,CUS0117,SO00437,293054.4,69744.17,2023-12-09,2024-01-20,Partially Paid,TND
SINV00388,CUS0009,SO00568,427272.04,96934.54,2023-12-24,2024-02-14,Partially Paid,TND
SINV00389,CUS0050,SO00032,372509.86,88478.46,2022-12-11,2023-02-26,Unpaid,TND
SINV00390,CUS0200,SO00157,192955.16,46298.29,2022-11-20,2023-01-29,Unpaid,TND
SINV00391,CUS0189,SO00793,37705.08,8925.34,2022-06-08,2022-08-25,Partially Paid,TND
SINV00392,CUS0030,SO00609,332585.45,69490.94,2023-05-25,2023-08-04,Overdue,TND
SINV00393,CUS0185,SO00435,26090.52,6404.63,2022-07-11,2022-08-28,Paid,TND
SINV00394,CUS0147,SO00651,110398.71,25742.83,2024-05-27,2024-08-14,Overdue,TND
SINV00395,CUS0036,SO00845,228572.62,53298.49,2023-02-24,2023-04-27,Paid,TND
SINV00396,CUS0087,SO00599,251680.03,56877.5,2024-04-28,2024-06-30,Paid,TND
SINV00397,CUS0109,SO00907,283368.73,60379.43,2023-07-13,2023-09-04,Paid,TND
SINV00398,CUS0168,SO00638,198511.49,40782.26,2022-08-24,2022-10-06,Unpaid,TND
SINV00399,CUS0124,SO00258,389130.63,80115.54,2024-06-05,2024-09-03,Overdue,TND
SINV00400,CUS0191,SO00715,443959.98,90016.8,2022-03-24,2022-05-14,Paid,TND
SINV00401,CUS0123,SO00124,351807.51,80838.64,2022-04-05,2022-06-05,Paid,TND
SINV00402,CUS0044,SO00416,255322.83,53306.05,2022-04-04,2022-05-30,Unpaid,TND
SINV00403,CUS0095,SO00822,46752.51,9439.51,2023-04-30,2023-07-15,Paid,TND
SINV00404,CUS0132,SO00596,57490.53,12860.8,2022-12-21,2023-02-11,Partially Paid,TND
SINV00405,CUS0068,SO00865,49525.3,11216.95,2022-08-13,2022-09-18,Unpaid,TND
SINV00406,CUS0068,SO00988,98504.97,24343.71,2022-12-05,2023-03-03,Unpaid,TND
SINV00407,CUS0054,SO00971,272778.61,56819.15,2023-06-19,2023-09-09,Unpaid,TND
SINV00408,CUS0168,SO00638,170449.9,40782.26,2022-08-21,2022-09-26,Paid,TND
SINV00409,CUS0123,SO00849,105852.89,23101.25,2024-06-20,2024-08-12,Unpaid,TND
SINV00410,CUS0064,SO00733,108206.01,26414.03,2023-07-08,2023-09-28,Partially Paid,TND
SINV00411,CUS0002,SO00910,439183.47,97336.23,2022-03-28,2022-05-05,Paid,TND
SINV00412,CUS0086,SO00345,207060.81,45453.06,2022-08-27,2022-11-23,Overdue,TND
SINV00413,CUS0193,SO00462,175438.48,41165.76,2023-08-27,2023-10-04,Paid,TND
SINV00414,CUS0024,SO00947,21393.52,4439.56,2024-11-29,2025-02-07,Paid,TND
SINV00415,CUS0162,SO00246,253668.41,53473.45,2024-10-15,2024-12-31,Paid,TND
SINV00416,CUS0008,SO00816,330285.51,76900.5,2023-05-26,2023-07-15,Paid,TND
SINV00417,CUS0196,SO00634,180513.82,43959.11,2023-03-30,2023-06-09,Unpaid,TND
SINV00418,CUS0145,SO00112,323521.16,74857.15,2023-01-07,2023-03-31,Partially Paid,TND
SINV00419,CUS0031,SO00198,316832.79,69732.27,2022-09-07,2022-11-04,Partially Paid,TND
SINV00420,CUS0033,SO00168,261496.13,58109.72,2023-06-12,2023-07-14,Unpaid,TND
SINV00421,CUS0186,SO00502,179396.16,38672.41,2024-08-08,2024-10-25,Unpaid,TND
SINV00422,CUS0113,SO00583,50654.08,12122.23,2022-01-17,2022-03-22,Overdue,TND
SINV00423,CUS0151,SO00636,87861.31,20940.84,2022-11-10,2022-12-21,Partially Paid,TND
SINV00424,CUS0066,SO00175,125512.26,28935.25,2023-08-05,2023-10-24,Overdue,TND
SINV00425,CUS0070,SO00909,90077.36,19536.04,2022-11-16,2022-12-18,Paid,TND
SINV00426,CUS0164,SO00465,223830.33,47449.17,2024-04-20,2024-07-11,Paid,TND
SINV00427,CUS0159,SO00215,156194.37,38708.95,2024-02-14,2024-05-10,Overdue,TND
SINV00428,CUS0163,SO00938,317562.8,77779.41,2023-03-05,2023-05-03,Paid,TND
SINV00429,CUS0116,SO00777,125759.58,29940.95,2022-02-09,2022-04-15,Unpaid,TND
SINV00430,CUS0161,SO00806,374364.54,87197.74,2024-04-02,2024-05-23,Paid,TND
SINV00431,CUS0100,SO00768,17313.6,3485.71,2022-11-30,2023-02-28,Partially Paid,TND
SINV00432,CUS0046,SO00427,125282.93,27007.38,2024-03-05,2024-04-14,Partially Paid,TND
SINV00433,CUS0178,SO00321,71836.93,14722.26,2024-12-09,2025-03-05,Paid,TND
SINV00434,CUS0159,SO00757,225001.39,50796.08,2023-07-20,2023-08-20,Paid,TND
SINV00435,CUS0072,SO00535,80649.51,17447.03,2024-08-26,2024-11-12,Partially Paid,TND
SINV00436,CUS0019,SO00290,388736.77,84378.97,2024-01-18,2024-02-22,Overdue,TND
SINV00437,CUS0134,SO00500,336581.65,75101.29,2023-12-14,2024-02-17,Partially Paid,TND
SINV00438,CUS0169,SO00306,445464.24,90211.63,2022-06-30,2022-08-24,Paid,TND
SINV00439,CUS0147,SO00595,281762.9,56913.75,2023-06-01,2023-08-06,Unpaid,TND
SINV00440,CUS0013,SO00799,171410.03,39952.07,2024-02-29,2024-05-21,Partially Paid,TND
SINV00441,CUS0088,SO00981,38510.93,8774.87,2023-05-16,2023-06-26,Paid,TND
SINV00442,CUS0076,SO00689,109374.5,23784.17,2022-06-25,2022-09-05,Unpaid,TND
SINV00443,CUS0105,SO00343,59443.71,14351.38,2024-09-06,2024-10-11,Overdue,TND
SINV00444,CUS0025,SO00276,346215.1,84174.2,2024-10-22,2025-01-14,Overdue,TND
SINV00445,CUS0003,SO00059,20658.5,4339.54,2023-10-16,2024-01-11,Paid,TND
SINV00446,CUS0170,SO00893,15359.52,3647.7,2022-06-25,2022-08-07,Paid,TND
SINV00447,CUS0084,SO00031,209428.73,42919.71,2024-05-01,2024-06-02,Paid,TND
SINV00448,CUS0023,SO00028,382862.88,80177.7,2024-02-04,2024-04-11,Partially Paid,TND
SINV00449,CUS0080,SO00644,453962.02,91473.09,2024-11-04,2025-01-05,Partially Paid,TND
SINV00450,CUS0034,SO00850,336787.92,77086.23,2022-07-25,2022-09-27,Overdue,TND
SINV00451,CUS0157,SO00234,256737.31,63086.66,2023-11-07,2023-12-31,Paid,TND
SINV00452,CUS0044,SO00416,216389.12,53306.05,2022-04-01,2022-06-12,Partially Paid,TND
SINV00453,CUS0159,SO00757,247033.13,50796.08,2023-07-20,2023-10-06,Unpaid,TND
SINV00454,CUS0170,SO00893,17147,3647.7,2022-06-22,2022-08-07,Partially Paid,TND
SINV00455,CUS0100,SO00564,141074.02,29469.86,2023-08-22,2023-11-19,Partially Paid,TND
SINV00456,CUS0163,SO00360,21553.84,4601.19,2024-03-16,2024-05-03,Paid,TND
SINV00457,CUS0069,SO00916,187088.31,46560.16,2023-05-29,2023-07-20,Partially Paid,TND
SINV00458,CUS0015,SO00555,340176.79,83655.63,2023-02-28,2023-04-01,Paid,TND
SINV00459,CUS0053,SO00554,330362.41,66095.12,2022-07-26,2022-10-13,Paid,TND
SINV00460,CUS0163,SO00984,402996.96,93059.37,2022-10-05,2022-11-30,Unpaid,TND
SINV00461,CUS0125,SO00216,41119.83,8356.55,2023-10-20,2023-12-23,Overdue,TND
SINV00462,CUS0088,SO00981,38460.63,8774.87,2023-05-20,2023-07-17,Paid,TND
SINV00463,CUS0169,SO00306,439118.59,90211.63,2022-06-28,2022-08-16,Paid,TND
SINV00464,CUS0175,SO00957,5901.16,1203.92,2023-08-02,2023-09-13,Unpaid,TND
SINV00465,CUS0049,SO00724,300308.14,65750.75,2022-08-11,2022-10-29,Overdue,TND
SINV00466,CUS0015,SO00219,203000.59,42810.99,2024-07-26,2024-09-04,Overdue,TND
SINV00467,CUS0155,SO00388,429986.49,96991.45,2023-12-25,2024-02-20,Paid,TND
SINV00468,CUS0174,SO00515,381470.38,80198.22,2023-06-11,2023-09-06,Unpaid,TND
SINV00469,CUS0171,SO00162,273747.62,67683.76,2024-04-02,2024-05-19,Unpaid,TND
SINV00470,CUS0068,SO00133,485376.21,99609.27,2024-07-14,2024-09-28,Unpaid,TND
SINV00471,CUS0001,SO00762,52642.46,12764.5,2023-05-10,2023-06-28,Unpaid,TND
SINV00472,CUS0087,SO00599,227631.26,56877.5,2024-04-23,2024-07-12,Unpaid,TND
SINV00473,CUS0020,SO00735,80392.36,18486.71,2022-03-15,2022-05-26,Unpaid,TND
SINV00474,CUS0044,SO00416,249179.14,53306.05,2022-04-03,2022-06-02,Overdue,TND
SINV00475,CUS0166,SO00365,93982.43,18908.9,2022-01-12,2022-03-27,Partially Paid,TND
SINV00476,CUS0160,SO00485,68192.15,14255.41,2023-06-26,2023-08-11,Unpaid,TND
SINV00477,CUS0127,SO00369,92306.44,22126.5,2022-09-02,2022-10-28,Overdue,TND
SINV00478,CUS0085,SO00605,349939.65,84615.25,2022-02-13,2022-04-28,Overdue,TND
SINV00479,CUS0177,SO00635,244891.52,52111.66,2023-02-08,2023-04-26,Paid,TND
SINV00480,CUS0107,SO00665,41134.07,9476.65,2024-02-05,2024-04-13,Partially Paid,TND
SINV00481,CUS0001,SO00974,328187.07,67705.83,2024-03-07,2024-04-14,Overdue,TND
SINV00482,CUS0052,SO00978,134553.76,29657.85,2022-12-03,2023-01-07,Partially Paid,TND
SINV00483,CUS0073,SO00842,72276.36,15352.35,2023-05-30,2023-07-16,Paid,TND
SINV00484,CUS0049,SO00615,417671.32,89385.52,2023-09-30,2023-12-28,Partially Paid,TND
SINV00485,CUS0046,SO00001,371237.87,79813.05,2024-03-21,2024-06-07,Paid,TND
SINV00486,CUS0095,SO00202,456594.28,95253,2022-05-10,2022-08-08,Partially Paid,TND
SINV00487,CUS0068,SO00810,16781.13,3455.65,2023-02-10,2023-03-13,Unpaid,TND
SINV00488,CUS0182,SO00467,180042.54,38739.52,2022-06-11,2022-07-17,Paid,TND
SINV00489,CUS0079,SO00397,69193.71,16066.67,2024-03-19,2024-06-06,Partially Paid,TND
SINV00490,CUS0189,SO00793,36798.53,8925.34,2022-06-11,2022-07-27,Paid,TND
SINV00491,CUS0196,SO00078,64057.34,15859.21,2022-07-11,2022-09-30,Partially Paid,TND
SINV00492,CUS0118,SO00366,387569.05,93134.36,2024-11-04,2025-01-11,Partially Paid,TND
SINV00493,CUS0129,SO00457,442086.88,93942.44,2023-06-14,2023-08-21,Partially Paid,TND
SINV00494,CUS0054,SO00971,247614.92,56819.15,2023-06-22,2023-09-18,Unpaid,TND
SINV00495,CUS0064,SO00100,10085.95,2181.81,2022-08-09,2022-09-12,Partially Paid,TND
SINV00496,CUS0178,SO00311,246372.32,52990.22,2023-04-06,2023-05-21,Unpaid,TND
SINV00497,CUS0127,SO00090,325492.72,80271.94,2024-10-11,2024-12-22,Overdue,TND
SINV00498,CUS0160,SO00926,150760.56,35563.08,2024-07-03,2024-09-09,Partially Paid,TND
SINV00499,CUS0052,SO00357,296943.84,65530.5,2023-10-03,2023-11-05,Overdue,TND
SINV00500,CUS0196,SO00773,246383.47,55147.58,2023-12-29,2024-02-27,Overdue,TND
SINV00501,CUS0102,SO00108,139682.86,31313.7,2023-07-09,2023-09-26,Overdue,TND
SINV00502,CUS0178,SO00381,327956.95,73414.66,2024-10-22,2024-12-22,Paid,TND
SINV00503,CUS0073,SO00154,357658.73,76346.92,2024-05-09,2024-06-28,Paid,TND
SINV00504,CUS0143,SO00070,295717.97,69956.6,2024-03-29,2024-04-28,Paid,TND
SINV00505,CUS0084,SO00244,117101.51,27002.67,2024-02-24,2024-04-18,Partially Paid,TND
SINV00506,CUS0071,SO00274,24688.01,5554.06,2023-11-05,2023-12-21,Unpaid,TND
SINV00507,CUS0037,SO00549,81320.32,16515.23,2024-10-15,2024-11-29,Unpaid,TND
SINV00508,CUS0132,SO00114,321947.87,73895.79,2023-12-01,2024-02-07,Partially Paid,TND
SINV00509,CUS0008,SO00546,277340.39,65614.7,2023-01-06,2023-02-23,Overdue,TND
SINV00510,CUS0034,SO00876,9985.16,2411.28,2024-07-19,2024-09-28,Partially Paid,TND
SINV00511,CUS0097,SO00920,391515.66,95797.43,2024-09-14,2024-11-02,Paid,TND
SINV00512,CUS0074,SO00338,156298.83,34029.74,2022-02-18,2022-05-12,Unpaid,TND
SINV00513,CUS0091,SO00577,444530.05,95761.97,2024-01-29,2024-04-09,Overdue,TND
SINV00514,CUS0128,SO00065,101182.07,24573.67,2023-09-30,2023-11-03,Overdue,TND
SINV00515,CUS0095,SO00202,442030.44,95253,2022-05-09,2022-06-20,Partially Paid,TND
SINV00516,CUS0087,SO00601,11223.16,2496.18,2022-04-05,2022-05-18,Partially Paid,TND
SINV00517,CUS0186,SO00881,374947,84854.33,2022-11-30,2023-02-26,Paid,TND
SINV00518,CUS0166,SO00365,77213.9,18908.9,2022-01-15,2022-04-14,Overdue,TND
SINV00519,CUS0009,SO00370,172200.91,41307.42,2024-01-09,2024-03-11,Paid,TND
SINV00520,CUS0134,SO00440,255871.1,61816.47,2024-06-10,2024-07-30,Paid,TND
SINV00521,CUS0058,SO00743,374760.38,83067.53,2023-05-15,2023-07-04,Paid,TND
SINV00522,CUS0033,SO00754,438277.53,98559.01,2024-06-09,2024-08-17,Paid,TND
SINV00523,CUS0170,SO00760,297934.55,64823.49,2022-02-22,2022-04-19,Overdue,TND
SINV00524,CUS0127,SO00121,38501.54,8640.23,2024-10-03,2024-12-07,Paid,TND
SINV00525,CUS0168,SO00803,200609.2,46153.92,2022-08-07,2022-09-13,Partially Paid,TND
SINV00526,CUS0128,SO00065,122359.32,24573.67,2023-09-21,2023-11-14,Overdue,TND
SINV00527,CUS0010,SO00656,140800.32,28418.1,2024-10-04,2024-11-21,Unpaid,TND
SINV00528,CUS0152,SO00604,293358.58,69909.22,2024-04-05,2024-06-18,Unpaid,TND
SINV00529,CUS0169,SO00830,317728.9,74220.29,2023-06-01,2023-07-10,Overdue,TND
SINV00530,CUS0014,SO00063,279800.93,56185.39,2024-02-14,2024-04-16,Paid,TND
SINV00531,CUS0004,SO00645,251887.37,51579.11,2024-04-07,2024-06-04,Overdue,TND
SINV00532,CUS0177,SO00855,62487.51,15214.69,2024-02-01,2024-03-14,Paid,TND
SINV00533,CUS0006,SO00295,434223.41,93695.83,2022-09-26,2022-11-07,Overdue,TND
SINV00534,CUS0151,SO00016,207940.9,50532.09,2024-01-23,2024-02-28,Unpaid,TND
SINV00535,CUS0066,SO00140,402846.63,97651.04,2024-12-05,2025-03-05,Partially Paid,TND
SINV00536,CUS0163,SO00489,60754.58,12601.72,2024-12-10,2025-02-04,Overdue,TND
SINV00537,CUS0066,SO00139,351507.02,78734.51,2022-05-31,2022-07-09,Unpaid,TND
SINV00538,CUS0030,SO00015,388795.54,79164.86,2023-01-24,2023-03-20,Overdue,TND
SINV00539,CUS0016,SO00376,358925.28,72640.13,2023-01-25,2023-03-08,Partially Paid,TND
SINV00540,CUS0079,SO00397,70985.44,16066.67,2024-03-24,2024-06-03,Partially Paid,TND
SINV00541,CUS0019,SO00290,418203.14,84378.97,2024-01-19,2024-03-19,Overdue,TND
SINV00542,CUS0123,SO00447,385237.18,86003.07,2022-05-03,2022-07-26,Paid,TND
SINV00543,CUS0099,SO00414,284988.33,62009.82,2023-11-13,2024-01-08,Paid,TND
SINV00544,CUS0151,SO00189,193586.68,39569.53,2022-05-14,2022-06-18,Paid,TND
SINV00545,CUS0080,SO00009,254988.49,60415.25,2024-04-06,2024-06-06,Paid,TND
SINV00546,CUS0053,SO00633,335944.27,69555.67,2024-08-17,2024-09-16,Paid,TND
SINV00547,CUS0094,SO00174,13107.14,2808.9,2022-10-11,2022-12-10,Unpaid,TND
SINV00548,CUS0125,SO00864,321112.66,70316.55,2022-08-19,2022-09-22,Overdue,TND
SINV00549,CUS0050,SO00935,26163.83,6108.6,2023-09-06,2023-10-12,Overdue,TND
SINV00550,CUS0004,SO00872,5157.67,1197.18,2023-06-03,2023-08-01,Overdue,TND
SINV00551,CUS0068,SO00810,17108.49,3455.65,2023-02-08,2023-04-05,Unpaid,TND
SINV00552,CUS0031,SO00418,60892.07,13398.41,2023-12-24,2024-02-29,Overdue,TND
SINV00553,CUS0026,SO00227,388074.91,88232.38,2022-01-15,2022-04-07,Partially Paid,TND
SINV00554,CUS0177,SO00642,263351.17,53957.96,2024-01-27,2024-04-19,Paid,TND
SINV00555,CUS0013,SO00088,149800.02,33599.36,2023-12-12,2024-01-31,Partially Paid,TND
SINV00556,CUS0085,SO00247,57117.6,13262.04,2022-05-15,2022-06-19,Unpaid,TND
SINV00557,CUS0079,SO00747,314447.08,63995.24,2025-01-09,2025-03-04,Unpaid,TND
SINV00558,CUS0050,SO00459,370974.74,80384.33,2022-08-31,2022-11-08,Paid,TND
SINV00559,CUS0004,SO00229,199569.27,42176.92,2023-06-22,2023-09-20,Partially Paid,TND
SINV00560,CUS0196,SO00597,53348.46,11599.77,2023-11-26,2024-02-22,Overdue,TND
SINV00561,CUS0068,SO00865,49618.87,11216.95,2022-08-08,2022-09-07,Paid,TND
SINV00562,CUS0117,SO00880,78100.93,16223.86,2023-02-05,2023-05-02,Paid,TND
SINV00563,CUS0105,SO00476,28250.47,5965.14,2022-01-10,2022-03-11,Unpaid,TND
SINV00564,CUS0155,SO00079,367948.06,87941.5,2023-11-14,2023-12-22,Partially Paid,TND
SINV00565,CUS0113,SO00109,355569.5,88350.86,2022-03-09,2022-05-31,Paid,TND
SINV00566,CUS0058,SO00851,8260.26,1695.01,2024-04-08,2024-06-17,Overdue,TND
SINV00567,CUS0186,SO00965,388881.81,80473.88,2023-10-27,2024-01-09,Unpaid,TND
SINV00568,CUS0112,SO00432,63962.3,13927.43,2024-12-27,2025-02-04,Unpaid,TND
SINV00569,CUS0120,SO00896,138886.44,33446.87,2024-06-04,2024-07-16,Unpaid,TND
SINV00570,CUS0072,SO00135,241118.19,56833.68,2024-09-22,2024-12-08,Paid,TND
SINV00571,CUS0150,SO00221,158973.94,37633.12,2022-06-15,2022-08-18,Overdue,TND
SINV00572,CUS0018,SO00795,304206.71,74096.21,2023-08-30,2023-10-06,Paid,TND
SINV00573,CUS0090,SO00671,388951.23,84876.34,2023-01-19,2023-04-07,Partially Paid,TND
SINV00574,CUS0032,SO00801,57535.2,12669.95,2023-06-12,2023-08-23,Partially Paid,TND
SINV00575,CUS0157,SO00731,169775.56,40837.6,2022-03-07,2022-05-11,Partially Paid,TND
SINV00576,CUS0158,SO00889,178112.57,35763.6,2023-07-13,2023-10-11,Paid,TND
SINV00577,CUS0120,SO00282,429379.93,97775.21,2023-08-06,2023-10-15,Overdue,TND
SINV00578,CUS0011,SO00199,32005.04,7748.96,2023-06-26,2023-09-13,Partially Paid,TND
SINV00579,CUS0034,SO00734,284083.5,65622.83,2022-08-07,2022-09-25,Overdue,TND
SINV00580,CUS0184,SO00834,203542.29,42437.82,2023-11-26,2024-01-19,Overdue,TND
SINV00581,CUS0104,SO00728,340624.81,79757.55,2022-06-01,2022-07-02,Partially Paid,TND
SINV00582,CUS0043,SO00873,307935.24,63886.13,2022-11-27,2023-01-20,Unpaid,TND
SINV00583,CUS0028,SO00064,316534.37,67694.3,2023-07-21,2023-10-13,Overdue,TND
SINV00584,CUS0079,SO00498,241489.74,52333.89,2022-04-11,2022-05-18,Partially Paid,TND
SINV00585,CUS0138,SO00709,254497.7,62833.37,2022-12-04,2023-02-25,Unpaid,TND
SINV00586,CUS0072,SO00135,239183.75,56833.68,2024-09-20,2024-12-07,Unpaid,TND
SINV00587,CUS0007,SO00541,53475.12,12518.51,2023-04-02,2023-06-30,Paid,TND
SINV00588,CUS0132,SO00596,52981.85,12860.8,2022-12-26,2023-02-12,Unpaid,TND
SINV00589,CUS0067,SO00313,16002.46,3400.83,2022-02-13,2022-03-22,Unpaid,TND
SINV00590,CUS0178,SO00311,243271.81,52990.22,2023-04-08,2023-05-23,Paid,TND
SINV00591,CUS0082,SO00052,306351.86,66228.95,2024-08-27,2024-09-26,Partially Paid,TND
SINV00592,CUS0146,SO00533,153672.18,33615.56,2024-08-23,2024-10-13,Unpaid,TND
SINV00593,CUS0066,SO00657,189794.63,44314.8,2022-01-07,2022-04-01,Paid,TND
SINV00594,CUS0077,SO00260,354576.91,86549.34,2023-04-30,2023-07-22,Paid,TND
SINV00595,CUS0058,SO00558,446955.02,98049.8,2024-03-07,2024-05-17,Unpaid,TND
SINV00596,CUS0045,SO00584,83817.52,17810.17,2022-12-12,2023-01-28,Overdue,TND
SINV00597,CUS0163,SO00489,60440.21,12601.72,2024-12-08,2025-02-02,Unpaid,TND
SINV00598,CUS0028,SO00337,194735.95,42408.55,2024-06-24,2024-09-05,Partially Paid,TND
SINV00599,CUS0025,SO00797,211867.65,49582.79,2023-04-30,2023-06-02,Overdue,TND
SINV00600,CUS0028,SO00949,365498.88,73921.13,2023-09-23,2023-12-03,Partially Paid,TND
SINV00601,CUS0160,SO00485,58913.54,14255.41,2023-06-26,2023-08-27,Unpaid,TND
SINV00602,CUS0137,SO00824,238293.96,53071.98,2024-03-23,2024-06-18,Overdue,TND
SINV00603,CUS0187,SO00652,118053.61,25054.23,2024-12-01,2025-01-18,Unpaid,TND
SINV00604,CUS0192,SO00334,178571.65,42087.18,2024-05-16,2024-07-11,Paid,TND
SINV00605,CUS0117,SO00608,194078.06,43964.81,2024-11-13,2025-01-28,Overdue,TND
SINV00606,CUS0137,SO00913,208929.38,48955.37,2023-08-22,2023-11-05,Overdue,TND
SINV00607,CUS0080,SO00556,279635.73,64134.8,2024-09-08,2024-12-03,Paid,TND
SINV00608,CUS0007,SO00590,399316.21,91798.46,2022-08-09,2022-10-29,Partially Paid,TND
SINV00609,CUS0001,SO00179,390765.46,90563.54,2023-01-16,2023-03-20,Unpaid,TND
SINV00610,CUS0160,SO00926,156881.8,35563.08,2024-07-01,2024-09-19,Overdue,TND
SINV00611,CUS0131,SO00288,223332.12,50635.98,2022-12-01,2023-02-01,Overdue,TND
SINV00612,CUS0086,SO00345,186647.96,45453.06,2022-09-01,2022-10-13,Paid,TND
SINV00613,CUS0071,SO00296,396795.37,97764.14,2022-04-06,2022-07-02,Unpaid,TND
SINV00614,CUS0031,SO00729,9895.54,2024.72,2024-12-30,2025-03-23,Unpaid,TND
SINV00615,CUS0163,SO00938,351673.02,77779.41,2023-03-03,2023-05-26,Overdue,TND
SINV00616,CUS0103,SO00152,32582.17,6733.16,2024-07-30,2024-10-03,Overdue,TND
SINV00617,CUS0060,SO00022,157269.18,38534.88,2023-04-19,2023-05-26,Unpaid,TND
SINV00618,CUS0187,SO00113,123213.05,28752.91,2022-10-09,2022-11-10,Paid,TND
SINV00619,CUS0167,SO00637,6315.96,1325.24,2022-01-18,2022-03-12,Paid,TND
SINV00620,CUS0068,SO00612,228975.57,49413.71,2022-12-15,2023-02-20,Partially Paid,TND
SINV00621,CUS0087,SO00119,94923.42,22801.64,2023-11-21,2024-01-27,Unpaid,TND
SINV00622,CUS0001,SO00762,61072.92,12764.5,2023-05-06,2023-06-08,Unpaid,TND
SINV00623,CUS0141,SO00837,359645.52,76630.38,2023-01-18,2023-03-10,Partially Paid,TND
SINV00624,CUS0016,SO00446,387402.43,80505.51,2023-02-23,2023-04-19,Partially Paid,TND
SINV00625,CUS0049,SO00322,204724.71,46579.03,2024-05-04,2024-06-12,Partially Paid,TND
SINV00626,CUS0001,SO00280,236712.7,53834.52,2024-04-30,2024-07-06,Paid,TND
SINV00627,CUS0109,SO00209,281328.32,62121.53,2022-11-28,2023-02-06,Overdue,TND
SINV00628,CUS0056,SO00739,44484.75,9857.93,2022-12-21,2023-03-04,Partially Paid,TND
SINV00629,CUS0155,SO00649,247557.11,54464.63,2023-04-01,2023-06-24,Paid,TND
SINV00630,CUS0174,SO00722,238644.06,56423.07,2022-09-02,2022-11-02,Partially Paid,TND
SINV00631,CUS0157,SO00441,132179.46,30399.46,2022-04-23,2022-05-28,Unpaid,TND
SINV00632,CUS0012,SO00620,100974.79,22567.62,2025-01-03,2025-02-02,Unpaid,TND
SINV00633,CUS0178,SO00381,366916.27,73414.66,2024-10-21,2024-11-30,Unpaid,TND
SINV00634,CUS0134,SO00934,354664.22,86214.62,2022-06-19,2022-07-24,Overdue,TND
SINV00635,CUS0166,SO00977,137633.97,32984.4,2022-03-30,2022-06-08,Unpaid,TND
SINV00636,CUS0112,SO00432,65987.7,13927.43,2024-12-29,2025-01-29,Overdue,TND
SINV00637,CUS0192,SO00177,119102.7,27639.59,2023-07-07,2023-09-11,Partially Paid,TND
SINV00638,CUS0004,SO00785,223422,48288.84,2023-07-14,2023-08-31,Paid,TND
SINV00639,CUS0039,SO00237,217852.95,47747.32,2024-02-16,2024-03-31,Overdue,TND
SINV00640,CUS0061,SO00339,363323.31,73665.77,2022-07-31,2022-10-17,Unpaid,TND
SINV00641,CUS0143,SO00242,467234.3,94777.78,2024-01-27,2024-04-03,Partially Paid,TND
SINV00642,CUS0152,SO00930,295023.88,65184.9,2022-08-09,2022-10-24,Paid,TND
SINV00643,CUS0024,SO00836,57500.08,13444.78,2023-08-24,2023-09-23,Unpaid,TND
SINV00644,CUS0171,SO00033,239745.69,58417.67,2022-06-21,2022-08-13,Unpaid,TND
SINV00645,CUS0123,SO00672,219084.86,52186.57,2022-09-06,2022-10-08,Paid,TND
SINV00646,CUS0185,SO00895,269013.42,60543.69,2023-07-12,2023-09-04,Partially Paid,TND
SINV00647,CUS0128,SO00655,17488.24,3906.5,2024-03-09,2024-05-02,Unpaid,TND
SINV00648,CUS0056,SO00739,46187.15,9857.93,2022-12-20,2023-02-13,Overdue,TND
SINV00649,CUS0170,SO00943,61568.25,14282.3,2023-02-08,2023-04-23,Paid,TND
SINV00650,CUS0147,SO00595,280649.09,56913.75,2023-05-24,2023-07-26,Partially Paid,TND
SINV00651,CUS0139,SO00861,290357.24,64083.35,2023-08-13,2023-10-31,Unpaid,TND
SINV00652,CUS0105,SO00184,333722.02,81284.69,2023-05-05,2023-06-28,Partially Paid,TND
SINV00653,CUS0060,SO00640,198834.57,48031.31,2023-03-03,2023-05-21,Overdue,TND
SINV00654,CUS0034,SO00401,329085.2,67204.37,2024-04-08,2024-05-11,Overdue,TND
SINV00655,CUS0176,SO00207,39305.81,8852.79,2022-10-13,2023-01-05,Overdue,TND
SINV00656,CUS0100,SO00843,49174.99,10339.49,2024-08-15,2024-09-24,Unpaid,TND
SINV00657,CUS0178,SO00488,125970.27,26350.73,2023-02-15,2023-04-12,Paid,TND
SINV00658,CUS0079,SO00747,265754.16,63995.24,2025-01-06,2025-03-22,Unpaid,TND
SINV00659,CUS0051,SO00106,257116.13,64156.99,2022-01-14,2022-03-27,Overdue,TND
SINV00660,CUS0198,SO00818,237170.43,50709.64,2022-12-17,2023-02-03,Unpaid,TND
SINV00661,CUS0148,SO00159,149853.9,31644.07,2022-01-19,2022-02-28,Paid,TND
SINV00662,CUS0185,SO00363,23667,4835.65,2023-10-01,2023-11-01,Unpaid,TND
SINV00663,CUS0065,SO00720,324418.11,79986.84,2022-09-19,2022-12-09,Partially Paid,TND
SINV00664,CUS0155,SO00490,389559.18,78089,2024-04-17,2024-06-19,Partially Paid,TND
SINV00665,CUS0050,SO00032,426267.1,88478.46,2022-12-14,2023-01-21,Unpaid,TND
SINV00666,CUS0150,SO00221,180404.49,37633.12,2022-06-20,2022-09-08,Paid,TND
SINV00667,CUS0049,SO00095,427024.1,94608.37,2023-11-10,2023-12-26,Unpaid,TND
SINV00668,CUS0130,SO00815,44291.72,9883.4,2023-12-21,2024-03-09,Overdue,TND
SINV00669,CUS0014,SO00063,229705.71,56185.39,2024-02-17,2024-05-14,Paid,TND
SINV00670,CUS0143,SO00352,291099.11,67421.04,2023-04-30,2023-06-21,Partially Paid,TND
SINV00671,CUS0095,SO00491,400456.89,97652.46,2024-01-18,2024-03-15,Overdue,TND
SINV00672,CUS0019,SO00668,427224.01,97322.95,2024-05-04,2024-07-02,Unpaid,TND
SINV00673,CUS0166,SO00365,84303.15,18908.9,2022-01-15,2022-04-05,Unpaid,TND
SINV00674,CUS0024,SO00197,185915.01,38554.14,2022-01-10,2022-02-17,Unpaid,TND
SINV00675,CUS0044,SO00143,165630,41222.52,2023-12-28,2024-02-29,Unpaid,TND
SINV00676,CUS0132,SO00294,168972.97,36526.77,2022-07-05,2022-09-22,Paid,TND
SINV00677,CUS0100,SO00564,134667.77,29469.86,2023-08-24,2023-10-24,Paid,TND
SINV00678,CUS0192,SO00177,115600.4,27639.59,2023-07-09,2023-09-23,Overdue,TND
SINV00679,CUS0028,SO00337,184273.44,42408.55,2024-06-20,2024-08-15,Unpaid,TND
SINV00680,CUS0031,SO00340,194662.52,48324.01,2022-12-15,2023-02-28,Paid,TND
SINV00681,CUS0053,SO00580,275133.63,63289.6,2023-06-09,2023-08-30,Overdue,TND
SINV00682,CUS0002,SO00312,62214.72,15372.4,2024-03-11,2024-05-13,Partially Paid,TND
SINV00683,CUS0053,SO00554,297691.13,66095.12,2022-07-27,2022-10-08,Paid,TND
SINV00684,CUS0178,SO00886,151884.84,31517.1,2022-12-09,2023-01-21,Overdue,TND
SINV00685,CUS0105,SO00476,24821.27,5965.14,2022-01-08,2022-03-17,Partially Paid,TND
SINV00686,CUS0017,SO00458,115801.05,26477,2024-06-29,2024-08-06,Unpaid,TND
SINV00687,CUS0005,SO00069,371018.94,91281.73,2024-08-29,2024-10-13,Paid,TND
SINV00688,CUS0175,SO00324,33018.87,7266.26,2024-11-08,2025-01-29,Paid,TND
SINV00689,CUS0030,SO00685,263188.03,57652.19,2023-08-06,2023-09-22,Unpaid,TND
SINV00690,CUS0030,SO00609,295147.33,69490.94,2023-05-20,2023-08-17,Partially Paid,TND
SINV00691,CUS0147,SO00349,29275.77,6428.38,2023-01-07,2023-03-31,Unpaid,TND
SINV00692,CUS0116,SO00697,32264.72,6595.8,2023-05-11,2023-06-12,Overdue,TND
SINV00693,CUS0004,SO00514,418142.3,96505.62,2022-11-17,2022-12-17,Paid,TND
SINV00694,CUS0066,SO00585,45557.17,10237.33,2023-01-27,2023-03-29,Unpaid,TND
SINV00695,CUS0137,SO00913,198095.13,48955.37,2023-08-22,2023-10-11,Unpaid,TND
SINV00696,CUS0176,SO00914,103241.9,22049.89,2022-04-25,2022-06-23,Unpaid,TND
SINV00697,CUS0049,SO00784,77310.48,17606.94,2024-10-15,2024-12-09,Unpaid,TND
SINV00698,CUS0194,SO00279,135206.72,28388.67,2022-03-07,2022-06-03,Unpaid,TND
SINV00699,CUS0153,SO00897,437085.74,91727.56,2024-08-17,2024-11-04,Partially Paid,TND
SINV00700,CUS0116,SO00777,135651.4,29940.95,2022-02-11,2022-04-16,Paid,TND
SINV00701,CUS0066,SO00175,119591.77,28935.25,2023-08-08,2023-10-14,Partially Paid,TND
SINV00702,CUS0159,SO00434,356553.87,80795.98,2022-06-10,2022-07-22,Partially Paid,TND
SINV00703,CUS0174,SO00722,263595.53,56423.07,2022-09-01,2022-10-31,Unpaid,TND
SINV00704,CUS0022,SO00484,71261.04,14492.27,2022-03-27,2022-05-25,Overdue,TND
SINV00705,CUS0047,SO00611,190735.7,41484.79,2024-02-15,2024-04-30,Overdue,TND
SINV00706,CUS0015,SO00787,95607.32,20389.98,2023-01-09,2023-03-19,Unpaid,TND
SINV00707,CUS0154,SO00200,131334.62,27053.6,2024-08-10,2024-10-24,Partially Paid,TND
SINV00708,CUS0137,SO00779,291953.25,64247.55,2022-08-01,2022-09-05,Overdue,TND
SINV00709,CUS0165,SO00856,18232.3,3887.35,2023-06-20,2023-08-05,Overdue,TND
SINV00710,CUS0023,SO00431,435763.91,90880.24,2023-12-20,2024-03-07,Partially Paid,TND
SINV00711,CUS0100,SO00768,15203.33,3485.71,2022-11-23,2023-02-11,Partially Paid,TND
SINV00712,CUS0046,SO00001,393639.51,79813.05,2024-03-18,2024-04-19,Overdue,TND
SINV00713,CUS0010,SO00600,147954.5,35540.04,2024-12-26,2025-02-12,Unpaid,TND
SINV00714,CUS0099,SO00142,376585.63,79401.55,2024-08-13,2024-11-02,Partially Paid,TND
SINV00715,CUS0112,SO00550,381228.48,84406.17,2022-01-23,2022-03-31,Overdue,TND
SINV00716,CUS0105,SO00661,289750.03,70646.23,2024-07-30,2024-10-24,Unpaid,TND
SINV00717,CUS0105,SO00662,240846.48,57332.09,2023-05-17,2023-07-15,Unpaid,TND
SINV00718,CUS0026,SO00704,199272.4,40494.63,2023-08-15,2023-11-06,Unpaid,TND
SINV00719,CUS0057,SO00559,53713.98,11016.74,2023-02-20,2023-03-23,Unpaid,TND
SINV00720,CUS0073,SO00154,326496.31,76346.92,2024-05-12,2024-07-20,Overdue,TND
SINV00721,CUS0108,SO00695,427124.3,93830.04,2023-02-04,2023-05-01,Paid,TND
SINV00722,CUS0163,SO00482,198280.03,42515.15,2023-09-24,2023-12-22,Unpaid,TND
SINV00723,CUS0167,SO00103,209149.31,52070.57,2024-02-14,2024-04-08,Paid,TND
SINV00724,CUS0024,SO00223,101447.23,22671.01,2023-04-12,2023-06-08,Paid,TND
SINV00725,CUS0194,SO00658,66258.72,13687.88,2023-02-23,2023-05-23,Paid,TND
SINV00726,CUS0114,SO00791,187932.23,42609.7,2023-01-14,2023-02-23,Partially Paid,TND
SINV00727,CUS0008,SO00048,242967.87,57403.9,2022-01-30,2022-04-02,Unpaid,TND
SINV00728,CUS0007,SO00590,395266.62,91798.46,2022-08-04,2022-10-22,Overdue,TND
SINV00729,CUS0074,SO00862,419424.45,95393.81,2022-09-22,2022-11-23,Overdue,TND
SINV00730,CUS0073,SO00749,372459.16,75029.08,2024-01-16,2024-02-26,Unpaid,TND
SINV00731,CUS0040,SO00354,316452.29,65043.01,2022-10-11,2022-12-18,Overdue,TND
SINV00732,CUS0088,SO00827,160814.66,32433.33,2023-01-21,2023-03-16,Partially Paid,TND
SINV00733,CUS0016,SO00376,325949.1,72640.13,2023-01-21,2023-04-12,Paid,TND
SINV00734,CUS0119,SO00593,391358.34,81842.97,2023-06-17,2023-08-16,Unpaid,TND
SINV00735,CUS0030,SO00685,266375.68,57652.19,2023-08-15,2023-10-28,Overdue,TND
SINV00736,CUS0177,SO00642,239892.55,53957.96,2024-01-25,2024-02-28,Partially Paid,TND
SINV00737,CUS0075,SO00997,373957.37,81353.56,2022-10-27,2022-12-19,Unpaid,TND
SINV00738,CUS0002,SO00547,411992.34,86692.26,2023-10-03,2023-11-15,Overdue,TND
SINV00739,CUS0030,SO00966,291633,61667.96,2022-06-14,2022-07-24,Overdue,TND
SINV00740,CUS0056,SO00739,46264.44,9857.93,2022-12-21,2023-01-28,Unpaid,TND
SINV00741,CUS0010,SO00518,329352.25,66144.3,2022-06-03,2022-08-18,Unpaid,TND
SINV00742,CUS0044,SO00566,47065.22,10397.31,2023-03-17,2023-05-08,Partially Paid,TND
SINV00743,CUS0025,SO00276,418677.59,84174.2,2024-10-26,2024-12-16,Overdue,TND
SINV00744,CUS0155,SO00079,353874.01,87941.5,2023-11-13,2023-12-16,Overdue,TND
SINV00745,CUS0126,SO00286,130702.11,30579.44,2023-11-08,2023-12-30,Partially Paid,TND
SINV00746,CUS0043,SO00572,70554.93,15076.1,2024-10-26,2024-11-27,Overdue,TND
SINV00747,CUS0014,SO00206,122988.91,25120.4,2023-11-04,2024-01-04,Overdue,TND
SINV00748,CUS0121,SO00766,208379.7,50154.49,2022-04-15,2022-07-10,Paid,TND
SINV00749,CUS0052,SO00084,272332.06,65405.25,2022-10-23,2022-12-20,Overdue,TND
SINV00750,CUS0076,SO00320,230689.56,50498.53,2022-12-23,2023-03-15,Paid,TND
SINV00751,CUS0159,SO00757,238768.42,50796.08,2023-07-24,2023-09-12,Paid,TND
SINV00752,CUS0008,SO00708,245277.22,60874.34,2022-10-06,2022-12-22,Paid,TND
SINV00753,CUS0143,SO00318,249853.4,53060.24,2022-05-07,2022-07-20,Unpaid,TND
SINV00754,CUS0186,SO00965,336762,80473.88,2023-10-25,2024-01-05,Paid,TND
SINV00755,CUS0188,SO00171,107813.93,22043.15,2024-06-15,2024-08-01,Paid,TND
SINV00756,CUS0073,SO00749,317179.91,75029.08,2024-01-15,2024-03-14,Partially Paid,TND
SINV00757,CUS0063,SO00126,162046.34,36658.39,2024-09-12,2024-11-11,Overdue,TND
SINV00758,CUS0010,SO00518,290239.07,66144.3,2022-06-09,2022-08-12,Overdue,TND
SINV00759,CUS0157,SO00394,144698.04,29953.49,2023-11-09,2023-12-26,Unpaid,TND
SINV00760,CUS0133,SO00694,20650.43,4583.53,2023-10-23,2023-12-01,Partially Paid,TND
SINV00761,CUS0004,SO00785,222337.41,48288.84,2023-07-14,2023-09-17,Unpaid,TND
SINV00762,CUS0067,SO00716,127043.18,28604.9,2023-08-28,2023-10-27,Overdue,TND
SINV00763,CUS0173,SO00751,40916.83,8536.49,2023-09-19,2023-11-21,Overdue,TND
SINV00764,CUS0103,SO00409,70666.11,15533.93,2022-12-14,2023-02-07,Overdue,TND
SINV00765,CUS0193,SO00170,133004.78,32537.33,2024-05-17,2024-07-30,Paid,TND
SINV00766,CUS0030,SO00685,238538.56,57652.19,2023-08-10,2023-10-15,Paid,TND
SINV00767,CUS0070,SO00740,407264.82,92857.35,2022-02-04,2022-04-18,Paid,TND
SINV00768,CUS0112,SO00550,394044.12,84406.17,2022-01-25,2022-04-25,Overdue,TND
SINV00769,CUS0148,SO00867,361190.4,82116.49,2022-12-15,2023-01-23,Paid,TND
SINV00770,CUS0022,SO00145,240261.92,53504.08,2022-05-13,2022-08-07,Paid,TND
SINV00771,CUS0180,SO00660,199170.2,48485.08,2024-05-27,2024-07-31,Partially Paid,TND
SINV00772,CUS0148,SO00428,376192.03,83039.19,2022-01-21,2022-03-07,Overdue,TND
SINV00773,CUS0048,SO00355,178709.44,41815.7,2024-05-14,2024-07-18,Partially Paid,TND
SINV00774,CUS0062,SO00094,95667.1,21540.24,2022-06-08,2022-08-05,Partially Paid,TND
SINV00775,CUS0027,SO00696,368557.96,80397.61,2023-11-19,2024-01-30,Unpaid,TND
SINV00776,CUS0164,SO00062,226509.13,54017.34,2022-04-05,2022-06-07,Partially Paid,TND
SINV00777,CUS0157,SO00441,136715.68,30399.46,2022-04-25,2022-07-19,Partially Paid,TND
SINV00778,CUS0087,SO00812,220444.37,45220.42,2023-12-18,2024-02-28,Partially Paid,TND
SINV00779,CUS0117,SO00800,250332.64,53631.78,2024-10-11,2024-12-30,Overdue,TND
SINV00780,CUS0054,SO00516,32835.44,6631.23,2022-09-10,2022-10-31,Unpaid,TND
SINV00781,CUS0093,SO00438,207171.4,46340.17,2024-03-25,2024-05-12,Partially Paid,TND
SINV00782,CUS0138,SO00648,75382.79,18189.77,2024-09-14,2024-10-18,Partially Paid,TND
SINV00783,CUS0041,SO00291,201771.21,47343.39,2023-11-10,2024-01-05,Overdue,TND
SINV00784,CUS0019,SO00290,382343.98,84378.97,2024-01-11,2024-03-06,Overdue,TND
SINV00785,CUS0049,SO00322,202438.91,46579.03,2024-04-29,2024-06-03,Paid,TND
SINV00786,CUS0039,SO00271,176793.37,41181.07,2024-04-28,2024-06-01,Paid,TND
SINV00787,CUS0058,SO00924,25065.32,6075.92,2022-08-26,2022-11-03,Partially Paid,TND
SINV00788,CUS0011,SO00199,31359.24,7748.96,2023-07-03,2023-09-18,Partially Paid,TND
SINV00789,CUS0044,SO00004,104538.79,23612.8,2023-04-28,2023-07-17,Unpaid,TND
SINV00790,CUS0106,SO00646,305623.16,68885.23,2022-11-29,2023-01-24,Unpaid,TND
SINV00791,CUS0162,SO00783,371946.13,82762.38,2022-02-14,2022-05-06,Overdue,TND
SINV00792,CUS0130,SO00815,41875.26,9883.4,2023-12-26,2024-02-20,Partially Paid,TND
SINV00793,CUS0177,SO00764,107453.33,26163.35,2022-02-04,2022-05-02,Overdue,TND
SINV00794,CUS0155,SO00967,224530.34,47853.81,2024-12-29,2025-02-07,Paid,TND
SINV00795,CUS0056,SO00739,42470.36,9857.93,2022-12-20,2023-03-07,Paid,TND
SINV00796,CUS0016,SO00469,176642.08,35364.55,2023-06-26,2023-09-21,Overdue,TND
SINV00797,CUS0122,SO00292,317030.77,76316.16,2024-11-16,2025-01-27,Overdue,TND
SINV00798,CUS0155,SO00649,248426.02,54464.63,2023-04-07,2023-06-26,Paid,TND
SINV00799,CUS0132,SO00294,150298.31,36526.77,2022-07-05,2022-09-07,Paid,TND
SINV00800,CUS0163,SO00421,363634.04,90779.49,2024-08-18,2024-11-08,Paid,TND
SINV00801,CUS0136,SO00841,333689.3,69545.98,2024-06-13,2024-08-11,Unpaid,TND
SINV00802,CUS0110,SO00826,241724.12,57357.9,2023-10-01,2023-11-05,Unpaid,TND
SINV00803,CUS0162,SO00347,133795.87,32293.46,2023-12-05,2024-02-20,Overdue,TND
SINV00804,CUS0133,SO00101,219131.09,48492.77,2024-06-29,2024-07-31,Overdue,TND
SINV00805,CUS0063,SO00210,234360.7,47119.43,2024-11-20,2025-01-09,Overdue,TND
SINV00806,CUS0066,SO00402,293569.57,66020.41,2023-01-09,2023-03-11,Paid,TND
SINV00807,CUS0168,SO00201,17443.55,3721.97,2022-06-23,2022-08-05,Paid,TND
SINV00808,CUS0083,SO00176,157394.84,37650.02,2024-08-05,2024-10-30,Unpaid,TND
SINV00809,CUS0041,SO00367,172339.18,41754.96,2023-02-15,2023-04-28,Unpaid,TND
SINV00810,CUS0127,SO00860,371522.42,77529.47,2022-04-15,2022-06-24,Paid,TND
SINV00811,CUS0180,SO00952,121737.12,27729.12,2023-01-09,2023-03-31,Overdue,TND
SINV00812,CUS0126,SO00243,253474.69,56109.12,2024-01-06,2024-02-27,Unpaid,TND
SINV00813,CUS0159,SO00434,345123.18,80795.98,2022-06-17,2022-08-24,Partially Paid,TND
SINV00814,CUS0114,SO00040,382311.87,92385.82,2023-02-26,2023-05-17,Partially Paid,TND
SINV00815,CUS0129,SO00457,423725.03,93942.44,2023-06-10,2023-08-27,Overdue,TND
SINV00816,CUS0040,SO00354,269387.01,65043.01,2022-10-17,2022-11-22,Paid,TND
SINV00817,CUS0097,SO00688,189854.98,46839.24,2024-02-15,2024-03-25,Overdue,TND
SINV00818,CUS0037,SO00814,433239.82,98634.57,2024-08-27,2024-11-04,Overdue,TND
SINV00819,CUS0190,SO00404,22679.3,4969.21,2023-06-13,2023-08-21,Unpaid,TND
SINV00820,CUS0158,SO00056,99779.79,24568.53,2023-12-04,2024-01-28,Unpaid,TND
SINV00821,CUS0042,SO01000,367645.46,85560.3,2023-01-27,2023-03-31,Paid,TND
SINV00822,CUS0027,SO00187,174034.11,36133.82,2024-03-27,2024-05-05,Partially Paid,TND
SINV00823,CUS0109,SO00907,266000.52,60379.43,2023-07-09,2023-08-29,Partially Paid,TND
SINV00824,CUS0028,SO00337,211447.07,42408.55,2024-06-20,2024-08-06,Overdue,TND
SINV00825,CUS0129,SO00457,461062.11,93942.44,2023-06-11,2023-07-26,Unpaid,TND
SINV00826,CUS0183,SO00989,161832.25,34229.41,2022-07-19,2022-09-30,Overdue,TND
SINV00827,CUS0148,SO00428,389232.26,83039.19,2022-01-16,2022-02-17,Paid,TND
SINV00828,CUS0173,SO00045,196950.08,45741.55,2022-08-09,2022-09-23,Unpaid,TND
SINV00829,CUS0032,SO00387,229276.68,50773.54,2022-10-06,2022-12-18,Unpaid,TND
SINV00830,CUS0143,SO00641,153178.68,37014.09,2022-08-03,2022-09-13,Unpaid,TND
SINV00831,CUS0106,SO00358,226379.99,48622.96,2022-12-02,2023-01-09,Overdue,TND
SINV00832,CUS0054,SO00516,27918.89,6631.23,2022-09-09,2022-11-10,Overdue,TND
SINV00833,CUS0092,SO00362,289472.78,66934.67,2024-03-15,2024-06-06,Unpaid,TND
SINV00834,CUS0155,SO00148,147170.3,31519.28,2023-11-14,2023-12-24,Paid,TND
SINV00835,CUS0032,SO00082,73389.57,18311.45,2024-06-05,2024-08-23,Partially Paid,TND
SINV00836,CUS0008,SO00048,256945.91,57403.9,2022-02-03,2022-03-09,Unpaid,TND
SINV00837,CUS0030,SO00513,264955.83,63000.09,2023-11-13,2023-12-23,Partially Paid,TND
SINV00838,CUS0091,SO00410,144355.04,32252.27,2024-05-09,2024-06-26,Partially Paid,TND
SINV00839,CUS0162,SO00347,153295.8,32293.46,2023-12-13,2024-01-27,Paid,TND
SINV00840,CUS0090,SO00848,237213.3,53095.14,2023-10-09,2023-11-24,Overdue,TND
SINV00841,CUS0063,SO00210,201301.98,47119.43,2024-11-19,2025-01-28,Paid,TND
SINV00842,CUS0043,SO00386,274272.78,57421.93,2024-11-08,2025-01-29,Paid,TND
SINV00843,CUS0052,SO00978,125104.8,29657.85,2022-12-05,2023-01-18,Overdue,TND
SINV00844,CUS0108,SO00497,113041.92,26643.82,2022-01-31,2022-04-16,Partially Paid,TND
SINV00845,CUS0075,SO00866,329619.69,77811.69,2022-08-01,2022-10-17,Overdue,TND
SINV00846,CUS0155,SO00649,236531.97,54464.63,2023-04-08,2023-05-19,Unpaid,TND
SINV00847,CUS0077,SO00260,382792.78,86549.34,2023-05-02,2023-07-18,Overdue,TND
SINV00848,CUS0034,SO00181,289395.63,62877.73,2024-08-26,2024-11-03,Partially Paid,TND
SINV00849,CUS0125,SO00273,384512.82,92686.77,2024-11-26,2025-01-12,Paid,TND
SINV00850,CUS0186,SO00675,152738.83,31098,2024-11-08,2025-01-20,Unpaid,TND
SINV00851,CUS0014,SO00838,361548.59,83005.6,2024-03-28,2024-05-20,Paid,TND
SINV00852,CUS0195,SO00196,119183.41,28592.11,2023-01-05,2023-02-17,Unpaid,TND
SINV00853,CUS0197,SO00436,4997.25,1099.88,2022-01-12,2022-02-28,Unpaid,TND
SINV00854,CUS0041,SO00284,212284.73,43119.83,2022-02-21,2022-05-11,Overdue,TND
SINV00855,CUS0006,SO00844,166058.59,41300.53,2023-05-18,2023-07-13,Partially Paid,TND
SINV00856,CUS0145,SO00319,17493.5,3924.71,2022-03-31,2022-06-22,Paid,TND
SINV00857,CUS0189,SO00788,264663.08,62220.12,2022-06-02,2022-08-16,Overdue,TND
SINV00858,CUS0155,SO00388,459363.95,96991.45,2023-12-21,2024-03-20,Partially Paid,TND
SINV00859,CUS0198,SO00008,139029.04,29872.47,2024-10-05,2024-12-02,Unpaid,TND
SINV00860,CUS0117,SO00882,29952.35,7080,2022-01-23,2022-03-01,Overdue,TND
SINV00861,CUS0125,SO00553,21669.35,4514.06,2022-09-09,2022-12-01,Partially Paid,TND
SINV00862,CUS0113,SO00687,169549.54,41181.62,2022-06-16,2022-07-18,Paid,TND
SINV00863,CUS0198,SO00008,124189.21,29872.47,2024-10-04,2024-12-24,Overdue,TND
SINV00864,CUS0004,SO00514,444059.7,96505.62,2022-11-16,2023-02-05,Partially Paid,TND
SINV00865,CUS0051,SO00106,293318.78,64156.99,2022-01-11,2022-02-27,Partially Paid,TND
SINV00866,CUS0053,SO00633,298165.26,69555.67,2024-08-24,2024-10-25,Paid,TND
SINV00867,CUS0078,SO00532,248714.71,51735.21,2022-04-25,2022-07-15,Unpaid,TND
SINV00868,CUS0084,SO00552,22006.89,4531.07,2022-10-02,2022-12-06,Overdue,TND
SINV00869,CUS0119,SO00593,385645.37,81842.97,2023-06-25,2023-08-02,Partially Paid,TND
SINV00870,CUS0031,SO00711,317548.74,67834.01,2023-07-30,2023-10-12,Partially Paid,TND
SINV00871,CUS0171,SO00582,180555.82,44753.35,2024-06-06,2024-07-17,Partially Paid,TND
SINV00872,CUS0143,SO00641,170484.71,37014.09,2022-08-02,2022-09-25,Overdue,TND
SINV00873,CUS0142,SO00477,118105.06,28732.93,2023-12-10,2024-01-09,Paid,TND
SINV00874,CUS0141,SO00567,7687.4,1689.61,2024-12-09,2025-02-05,Paid,TND
SINV00875,CUS0077,SO00506,51772.8,10449.89,2023-03-26,2023-05-30,Unpaid,TND
SINV00876,CUS0076,SO00576,95911.08,22570.4,2024-06-23,2024-08-18,Overdue,TND
SINV00877,CUS0150,SO00221,186822.66,37633.12,2022-06-21,2022-07-23,Partially Paid,TND
SINV00878,CUS0073,SO00842,74064.76,15352.35,2023-06-04,2023-08-10,Unpaid,TND
SINV00879,CUS0051,SO00106,292761.17,64156.99,2022-01-09,2022-03-05,Overdue,TND
SINV00880,CUS0047,SO00611,196850.27,41484.79,2024-02-16,2024-05-01,Paid,TND
SINV00881,CUS0125,SO00478,303387.83,68732.34,2024-09-15,2024-10-27,Overdue,TND
SINV00882,CUS0152,SO00604,291672.61,69909.22,2024-04-03,2024-06-28,Unpaid,TND
SINV00883,CUS0036,SO00097,357407.56,73199.19,2023-03-11,2023-05-12,Partially Paid,TND
SINV00884,CUS0026,SO00333,37277.05,7954.18,2023-01-11,2023-02-10,Unpaid,TND
SINV00885,CUS0143,SO00098,383670.57,78749.86,2022-03-19,2022-04-29,Paid,TND
SINV00886,CUS0195,SO00525,228322.32,52380.19,2024-11-20,2024-12-28,Paid,TND
SINV00887,CUS0163,SO00075,45182.43,9948.15,2024-05-23,2024-07-07,Overdue,TND
SINV00888,CUS0110,SO00738,211690.1,42457.85,2024-12-17,2025-01-19,Unpaid,TND
SINV00889,CUS0129,SO00457,415664.07,93942.44,2023-06-09,2023-07-13,Partially Paid,TND
SINV00890,CUS0022,SO00745,420772,87011.94,2024-02-16,2024-03-17,Unpaid,TND
SINV00891,CUS0167,SO00103,232763.97,52070.57,2024-02-14,2024-04-18,Paid,TND
SINV00892,CUS0050,SO00032,425479.48,88478.46,2022-12-15,2023-03-07,Overdue,TND
SINV00893,CUS0004,SO00520,321620.53,69707.64,2024-02-23,2024-03-30,Unpaid,TND
SINV00894,CUS0133,SO00713,202925.04,48414,2022-01-25,2022-02-26,Partially Paid,TND
SINV00895,CUS0016,SO00684,428452.03,99082.49,2024-03-25,2024-06-10,Partially Paid,TND
SINV00896,CUS0076,SO00320,228801.43,50498.53,2022-12-23,2023-03-09,Overdue,TND
SINV00897,CUS0063,SO00126,172916.53,36658.39,2024-09-14,2024-12-02,Unpaid,TND
SINV00898,CUS0165,SO00412,329161.14,73722.87,2024-01-13,2024-04-10,Paid,TND
SINV00899,CUS0142,SO00307,55825.48,12616.73,2024-05-13,2024-06-27,Overdue,TND
SINV00900,CUS0162,SO00783,343772.53,82762.38,2022-02-13,2022-04-03,Overdue,TND
