  hr_timesheets  ·  887 lignes  ·  12 colonnes,Unnamed: 1,Unnamed: 2,Unnamed: 3,Unnamed: 4,Unnamed: 5,Unnamed: 6,Unnamed: 7,Unnamed: 8,Unnamed: 9,Unnamed: 10,Unnamed: 11
timesheet_id,employee_id,project_id,week_start_date,planned_hours,actual_hours,overtime_hours,billable,status,submitted_by,approved_by,notes
TS000001,EMP0025,PRJ0041,2024-12-11,40,47.6,7.6,Yes,Approved,EMP0025,EMP0027,On-site work
TS000002,EMP0025,PRJ0041,2024-10-24,40,46.4,6.4,Yes,Approved,EMP0025,EMP0008,
TS000003,EMP0025,PRJ0041,2024-05-09,40,40.9,0.9,Yes,Submitted,EMP0025,EMP0140,Overtime due to deadline
TS000004,EMP0097,PRJ0060,2021-09-01,20,24,4,Yes,Approved,EMP0097,EMP0002,
TS000005,EMP0097,PRJ0060,2022-01-01,20,17.9,0,Yes,Submitted,EMP0097,EMP0027,
TS000006,EMP0097,PRJ0060,2021-10-12,20,21.1,1.1,Yes,Submitted,EMP0097,EMP0068,
TS000007,EMP0108,PRJ0009,2023-03-03,20,18.5,0,No,Approved,EMP0108,EMP0076,On-site work
TS000008,EMP0108,PRJ0009,2023-02-03,20,20.4,0.4,No,Approved,EMP0108,EMP0050,On-site work
TS000009,EMP0108,PRJ0009,2022-09-15,20,22.1,2.1,Yes,Approved,EMP0108,EMP0060,
TS000010,EMP0127,PRJ0031,2024-12-23,30,30.9,0.9,Yes,Approved,EMP0127,EMP0094,
TS000011,EMP0127,PRJ0031,2024-12-22,30,25.9,0,Yes,Approved,EMP0127,EMP0019,Client meeting
TS000012,EMP0023,PRJ0006,2021-03-14,10,11.8,1.8,Yes,Submitted,EMP0023,EMP0042,Overtime due to deadline
TS000013,EMP0023,PRJ0006,2021-02-26,10,9.6,0,Yes,Approved,EMP0023,EMP0084,
TS000014,EMP0023,PRJ0006,2021-02-16,10,13.4,3.4,No,Submitted,EMP0023,EMP0103,
TS000015,EMP0046,PRJ0042,2023-03-24,10,10.9,0.9,No,Approved,EMP0046,EMP0128,Overtime due to deadline
TS000016,EMP0046,PRJ0042,2023-07-07,10,13.5,3.5,No,Approved,EMP0046,EMP0068,
TS000017,EMP0046,PRJ0042,2023-04-16,10,9.9,0,Yes,Approved,EMP0046,EMP0150,Overtime due to deadline
TS000018,EMP0083,PRJ0043,2024-07-22,30,24.4,0,Yes,Draft,EMP0083,EMP0131,Overtime due to deadline
TS000019,EMP0083,PRJ0043,2024-05-14,30,30.3,0.3,Yes,Approved,EMP0083,EMP0109,Client meeting
TS000020,EMP0083,PRJ0043,2024-05-07,30,21.1,0,Yes,Approved,EMP0083,EMP0120,Client meeting
TS000021,EMP0092,PRJ0026,2022-07-31,30,38.8,8.8,Yes,Submitted,EMP0092,EMP0138,
TS000022,EMP0092,PRJ0026,2022-10-05,30,28.4,0,Yes,Approved,EMP0092,EMP0112,
TS000023,EMP0092,PRJ0026,2022-08-26,30,37.2,7.2,Yes,Draft,EMP0092,EMP0046,Client meeting
TS000024,EMP0126,PRJ0022,2022-05-09,40,40.2,0.2,No,Approved,EMP0126,EMP0130,Client meeting
TS000025,EMP0126,PRJ0022,2022-06-25,40,45.8,5.8,Yes,Submitted,EMP0126,EMP0136,
TS000026,EMP0126,PRJ0022,2022-08-28,40,48.3,8.3,Yes,Approved,EMP0126,EMP0093,
TS000027,EMP0150,PRJ0060,2021-07-24,30,38.6,8.6,No,Approved,EMP0150,EMP0125,
TS000028,EMP0150,PRJ0060,2021-10-07,30,33.3,3.3,No,Approved,EMP0150,EMP0122,Client meeting
TS000029,EMP0150,PRJ0060,2021-07-05,30,29.1,0,Yes,Approved,EMP0150,EMP0139,On-site work
TS000030,EMP0114,PRJ0012,2023-06-29,30,39.1,9.1,Yes,Approved,EMP0114,EMP0096,Overtime due to deadline
TS000031,EMP0114,PRJ0012,2023-05-16,30,26.8,0,Yes,Approved,EMP0114,EMP0142,
TS000032,EMP0114,PRJ0012,2023-06-03,30,31,1,Yes,Approved,EMP0114,EMP0016,
TS000033,EMP0058,PRJ0058,2022-03-20,20,24.9,4.9,Yes,Approved,EMP0058,EMP0125,
TS000034,EMP0058,PRJ0058,2022-07-19,20,16.7,0,Yes,Draft,EMP0058,EMP0147,Client meeting
TS000035,EMP0058,PRJ0058,2022-07-02,20,20.1,0.1,Yes,Approved,EMP0058,EMP0111,
TS000036,EMP0050,PRJ0055,2023-04-26,10,11.7,1.7,Yes,Submitted,EMP0050,EMP0014,On-site work
TS000037,EMP0050,PRJ0055,2023-08-22,10,10.7,0.7,Yes,Approved,EMP0050,EMP0028,
TS000038,EMP0050,PRJ0055,2022-12-29,10,9.9,0,Yes,Approved,EMP0050,EMP0109,
TS000039,EMP0016,PRJ0002,2021-05-15,20,14.1,0,Yes,Submitted,EMP0016,EMP0141,
TS000040,EMP0016,PRJ0002,2021-03-17,20,21.4,1.4,Yes,Approved,EMP0016,EMP0004,
TS000041,EMP0016,PRJ0002,2021-05-04,20,21.7,1.7,Yes,Approved,EMP0016,EMP0016,
TS000042,EMP0046,PRJ0002,2021-09-02,20,23,3,Yes,Approved,EMP0046,EMP0117,
TS000043,EMP0046,PRJ0002,2021-09-13,20,18.4,0,No,Approved,EMP0046,EMP0125,
TS000044,EMP0046,PRJ0002,2021-07-15,20,15.4,0,Yes,Draft,EMP0046,EMP0149,On-site work
TS000045,EMP0119,PRJ0025,2021-05-07,40,44.8,4.8,Yes,Approved,EMP0119,EMP0136,
TS000046,EMP0119,PRJ0025,2021-03-06,40,41.9,1.9,No,Approved,EMP0119,EMP0048,
TS000047,EMP0119,PRJ0025,2021-05-14,40,50.9,10.9,Yes,Draft,EMP0119,EMP0146,
TS000048,EMP0096,PRJ0043,2024-04-27,40,44.9,4.9,Yes,Approved,EMP0096,EMP0150,Client meeting
TS000049,EMP0096,PRJ0043,2024-09-15,40,43.7,3.7,Yes,Approved,EMP0096,EMP0102,
TS000050,EMP0096,PRJ0043,2024-09-07,40,38.4,0,Yes,Draft,EMP0096,EMP0019,
TS000051,EMP0121,PRJ0019,2022-10-31,10,8.6,0,Yes,Approved,EMP0121,EMP0130,
TS000052,EMP0121,PRJ0019,2022-09-19,10,8.7,0,No,Submitted,EMP0121,EMP0063,
TS000053,EMP0121,PRJ0019,2022-10-09,10,11.6,1.6,Yes,Approved,EMP0121,EMP0136,
TS000054,EMP0129,PRJ0020,2024-01-02,20,24.8,4.8,Yes,Approved,EMP0129,EMP0035,
TS000055,EMP0129,PRJ0020,2023-11-07,20,23.8,3.8,Yes,Approved,EMP0129,EMP0054,On-site work
TS000056,EMP0129,PRJ0020,2023-12-06,20,16.8,0,Yes,Approved,EMP0129,EMP0068,Client meeting
TS000057,EMP0124,PRJ0048,2022-04-30,40,39.9,0,Yes,Approved,EMP0124,EMP0071,
TS000058,EMP0124,PRJ0048,2021-12-26,40,53.1,13.1,Yes,Approved,EMP0124,EMP0068,
TS000059,EMP0124,PRJ0048,2022-04-18,40,34,0,Yes,Approved,EMP0124,EMP0039,Client meeting
TS000060,EMP0039,PRJ0005,2024-12-24,30,28.5,0,No,Approved,EMP0039,EMP0038,Overtime due to deadline
TS000061,EMP0074,PRJ0056,2023-09-12,10,11.4,1.4,No,Draft,EMP0074,EMP0011,
TS000062,EMP0074,PRJ0056,2023-09-22,10,10.4,0.4,Yes,Approved,EMP0074,EMP0091,Client meeting
TS000063,EMP0074,PRJ0056,2023-12-18,10,12.9,2.9,Yes,Draft,EMP0074,EMP0061,
TS000064,EMP0111,PRJ0031,2021-11-13,10,7.1,0,No,Approved,EMP0111,EMP0086,Overtime due to deadline
TS000065,EMP0111,PRJ0031,2022-07-23,10,11.8,1.8,Yes,Submitted,EMP0111,EMP0028,Overtime due to deadline
TS000066,EMP0111,PRJ0031,2021-09-03,10,7.9,0,No,Approved,EMP0111,EMP0118,
TS000067,EMP0107,PRJ0034,2023-01-30,10,11.3,1.3,Yes,Approved,EMP0107,EMP0103,
TS000068,EMP0107,PRJ0034,2023-01-16,10,7.3,0,No,Draft,EMP0107,EMP0072,
TS000069,EMP0107,PRJ0034,2023-07-21,10,7.7,0,No,Approved,EMP0107,EMP0008,
TS000070,EMP0040,PRJ0025,2022-12-08,20,19.7,0,No,Approved,EMP0040,EMP0068,
TS000071,EMP0040,PRJ0025,2022-05-25,20,17.7,0,No,Approved,EMP0040,EMP0131,
TS000072,EMP0040,PRJ0025,2022-08-04,20,18.4,0,No,Approved,EMP0040,EMP0012,On-site work
TS000073,EMP0079,PRJ0006,2022-10-03,30,40.3,10.3,Yes,Submitted,EMP0079,EMP0051,
TS000074,EMP0079,PRJ0006,2022-10-03,30,30.1,0.1,Yes,Approved,EMP0079,EMP0085,Client meeting
TS000075,EMP0079,PRJ0006,2022-09-30,30,28.8,0,No,Approved,EMP0079,EMP0105,
TS000076,EMP0120,PRJ0016,2022-10-01,10,9.3,0,Yes,Approved,EMP0120,EMP0050,Overtime due to deadline
TS000077,EMP0120,PRJ0016,2022-09-19,10,8.6,0,Yes,Approved,EMP0120,EMP0141,
TS000078,EMP0120,PRJ0016,2022-08-11,10,7.1,0,Yes,Approved,EMP0120,EMP0149,Client meeting
TS000079,EMP0134,PRJ0031,2022-03-07,20,18.6,0,Yes,Approved,EMP0134,EMP0044,On-site work
TS000080,EMP0134,PRJ0031,2021-05-19,20,22.9,2.9,Yes,Approved,EMP0134,EMP0086,
TS000081,EMP0134,PRJ0031,2021-08-04,20,19,0,Yes,Approved,EMP0134,EMP0063,Overtime due to deadline
TS000082,EMP0071,PRJ0054,2022-03-03,30,27.2,0,No,Approved,EMP0071,EMP0107,On-site work
TS000083,EMP0071,PRJ0054,2022-02-26,30,32.4,2.4,Yes,Approved,EMP0071,EMP0002,
TS000084,EMP0071,PRJ0054,2022-03-24,30,36.5,6.5,Yes,Approved,EMP0071,EMP0133,Overtime due to deadline
TS000085,EMP0128,PRJ0004,2022-09-16,40,27.5,0,Yes,Approved,EMP0128,EMP0119,On-site work
TS000086,EMP0128,PRJ0004,2023-05-20,40,35.3,0,No,Approved,EMP0128,EMP0114,Client meeting
TS000087,EMP0128,PRJ0004,2023-05-07,40,28.3,0,Yes,Approved,EMP0128,EMP0122,Overtime due to deadline
TS000088,EMP0060,PRJ0018,2022-11-24,40,45.8,5.8,No,Submitted,EMP0060,EMP0071,Client meeting
TS000089,EMP0060,PRJ0018,2023-01-21,40,36.6,0,Yes,Approved,EMP0060,EMP0070,
TS000090,EMP0060,PRJ0018,2022-12-09,40,36.6,0,No,Approved,EMP0060,EMP0039,
TS000091,EMP0076,PRJ0025,2023-01-01,30,27.6,0,Yes,Approved,EMP0076,EMP0139,Overtime due to deadline
TS000092,EMP0076,PRJ0025,2023-01-17,30,23.4,0,Yes,Submitted,EMP0076,EMP0100,Client meeting
TS000093,EMP0076,PRJ0025,2022-06-29,30,34.8,4.8,Yes,Approved,EMP0076,EMP0091,
TS000094,EMP0111,PRJ0055,2023-03-03,10,8,0,No,Draft,EMP0111,EMP0108,Client meeting
TS000095,EMP0111,PRJ0055,2023-04-12,10,11,1,Yes,Approved,EMP0111,EMP0125,
TS000096,EMP0111,PRJ0055,2023-03-03,10,7,0,Yes,Approved,EMP0111,EMP0104,On-site work
TS000097,EMP0026,PRJ0006,2021-02-20,30,35.4,5.4,No,Approved,EMP0026,EMP0101,Client meeting
TS000098,EMP0026,PRJ0006,2021-04-12,30,21.5,0,Yes,Approved,EMP0026,EMP0110,
TS000099,EMP0026,PRJ0006,2021-03-30,30,31.5,1.5,Yes,Approved,EMP0026,EMP0087,Overtime due to deadline
TS000100,EMP0043,PRJ0047,2021-08-11,10,11.1,1.1,No,Submitted,EMP0043,EMP0065,
TS000101,EMP0043,PRJ0047,2021-09-29,10,11.9,1.9,No,Approved,EMP0043,EMP0018,On-site work
TS000102,EMP0043,PRJ0047,2021-06-11,10,10.2,0.2,No,Draft,EMP0043,EMP0052,
TS000103,EMP0150,PRJ0023,2024-04-01,10,10.4,0.4,Yes,Approved,EMP0150,EMP0056,Overtime due to deadline
TS000104,EMP0150,PRJ0023,2024-04-11,10,10.6,0.6,Yes,Approved,EMP0150,EMP0030,
TS000105,EMP0150,PRJ0023,2024-02-21,10,10.3,0.3,Yes,Approved,EMP0150,EMP0097,Overtime due to deadline
TS000106,EMP0051,PRJ0028,2024-08-24,40,40.9,0.9,Yes,Approved,EMP0051,EMP0063,
TS000107,EMP0051,PRJ0028,2024-08-19,40,41.6,1.6,Yes,Approved,EMP0051,EMP0145,
TS000108,EMP0051,PRJ0028,2024-05-21,40,28.4,0,Yes,Approved,EMP0051,EMP0018,Client meeting
TS000109,EMP0009,PRJ0033,2024-11-28,20,16.8,0,No,Approved,EMP0009,EMP0093,On-site work
TS000110,EMP0009,PRJ0033,2024-12-22,20,24.9,4.9,Yes,Approved,EMP0009,EMP0046,On-site work
TS000111,EMP0009,PRJ0033,2024-11-12,20,22.3,2.3,No,Approved,EMP0009,EMP0124,Overtime due to deadline
TS000112,EMP0038,PRJ0016,2023-05-22,10,9.7,0,No,Approved,EMP0038,EMP0083,
TS000113,EMP0038,PRJ0016,2023-02-22,10,9.7,0,No,Approved,EMP0038,EMP0098,
TS000114,EMP0038,PRJ0016,2023-02-07,10,11.6,1.6,Yes,Approved,EMP0038,EMP0125,
TS000115,EMP0068,PRJ0037,2024-11-20,30,31.2,1.2,No,Submitted,EMP0068,EMP0071,Client meeting
TS000116,EMP0068,PRJ0037,2024-10-29,30,26.1,0,Yes,Approved,EMP0068,EMP0062,On-site work
TS000117,EMP0068,PRJ0037,2024-11-24,30,22.4,0,Yes,Approved,EMP0068,EMP0126,Overtime due to deadline
TS000118,EMP0116,PRJ0002,2022-09-23,40,40.7,0.7,Yes,Approved,EMP0116,EMP0104,On-site work
TS000119,EMP0116,PRJ0002,2022-05-06,40,37.3,0,Yes,Approved,EMP0116,EMP0109,On-site work
TS000120,EMP0116,PRJ0002,2022-07-23,40,47.4,7.4,Yes,Submitted,EMP0116,EMP0070,
TS000121,EMP0140,PRJ0043,2021-12-05,10,10.3,0.3,Yes,Submitted,EMP0140,EMP0048,
TS000122,EMP0140,PRJ0043,2021-11-17,10,12.4,2.4,Yes,Approved,EMP0140,EMP0135,Client meeting
TS000123,EMP0140,PRJ0043,2021-12-21,10,12.8,2.8,Yes,Approved,EMP0140,EMP0078,
TS000124,EMP0055,PRJ0054,2022-01-05,40,38.6,0,Yes,Approved,EMP0055,EMP0014,Client meeting
TS000125,EMP0055,PRJ0054,2021-12-09,40,39,0,No,Approved,EMP0055,EMP0004,Client meeting
TS000126,EMP0055,PRJ0054,2021-12-09,40,37.1,0,Yes,Approved,EMP0055,EMP0048,
TS000127,EMP0124,PRJ0013,2021-06-30,10,11.6,1.6,No,Approved,EMP0124,EMP0019,Client meeting
TS000128,EMP0124,PRJ0013,2021-10-05,10,9.4,0,Yes,Approved,EMP0124,EMP0145,
TS000129,EMP0124,PRJ0013,2021-05-18,10,10.8,0.8,No,Approved,EMP0124,EMP0058,Client meeting
TS000130,EMP0021,PRJ0018,2022-04-12,40,39.9,0,Yes,Approved,EMP0021,EMP0110,
TS000131,EMP0021,PRJ0018,2022-05-30,40,34,0,Yes,Draft,EMP0021,EMP0054,On-site work
TS000132,EMP0021,PRJ0018,2022-02-28,40,34.3,0,Yes,Approved,EMP0021,EMP0062,
TS000133,EMP0113,PRJ0018,2024-12-24,30,30.3,0.3,Yes,Approved,EMP0113,EMP0075,
TS000134,EMP0032,PRJ0029,2022-04-27,20,20.1,0.1,Yes,Approved,EMP0032,EMP0117,
TS000135,EMP0032,PRJ0029,2022-05-11,20,20.2,0.2,No,Approved,EMP0032,EMP0051,Overtime due to deadline
TS000136,EMP0032,PRJ0029,2022-04-23,20,22.3,2.3,Yes,Approved,EMP0032,EMP0069,
TS000137,EMP0018,PRJ0027,2022-12-31,30,37.4,7.4,Yes,Submitted,EMP0018,EMP0074,Overtime due to deadline
TS000138,EMP0018,PRJ0027,2023-01-27,30,32.9,2.9,Yes,Approved,EMP0018,EMP0104,
TS000139,EMP0018,PRJ0027,2023-08-08,30,25.3,0,Yes,Submitted,EMP0018,EMP0083,Client meeting
TS000140,EMP0117,PRJ0026,2023-03-31,10,9.6,0,Yes,Approved,EMP0117,EMP0148,Client meeting
TS000141,EMP0117,PRJ0026,2023-01-31,10,12.2,2.2,Yes,Approved,EMP0117,EMP0045,Overtime due to deadline
TS000142,EMP0117,PRJ0026,2023-06-07,10,10,0,Yes,Draft,EMP0117,EMP0047,Client meeting
TS000143,EMP0145,PRJ0005,2023-08-31,30,26.5,0,Yes,Approved,EMP0145,EMP0086,
TS000144,EMP0145,PRJ0005,2023-10-30,30,26.1,0,Yes,Approved,EMP0145,EMP0106,On-site work
TS000145,EMP0145,PRJ0005,2023-09-15,30,27.4,0,No,Approved,EMP0145,EMP0117,
TS000146,EMP0024,PRJ0051,2023-09-06,40,54,14,Yes,Approved,EMP0024,EMP0104,Client meeting
TS000147,EMP0024,PRJ0051,2023-06-18,40,35.9,0,Yes,Approved,EMP0024,EMP0093,Client meeting
TS000148,EMP0024,PRJ0051,2023-10-23,40,33.7,0,Yes,Submitted,EMP0024,EMP0053,
TS000149,EMP0040,PRJ0005,2022-05-29,10,10.8,0.8,No,Approved,EMP0040,EMP0008,On-site work
TS000150,EMP0040,PRJ0005,2022-06-05,10,10.9,0.9,No,Submitted,EMP0040,EMP0080,Client meeting
TS000151,EMP0040,PRJ0005,2022-03-21,10,9.4,0,No,Draft,EMP0040,EMP0119,
TS000152,EMP0123,PRJ0056,2021-09-30,40,39.1,0,No,Approved,EMP0123,EMP0075,Client meeting
TS000153,EMP0123,PRJ0056,2021-10-08,40,38.3,0,No,Approved,EMP0123,EMP0142,
TS000154,EMP0123,PRJ0056,2021-08-28,40,51.3,11.3,Yes,Approved,EMP0123,EMP0035,
TS000155,EMP0045,PRJ0053,2024-11-18,30,31.3,1.3,Yes,Submitted,EMP0045,EMP0069,
TS000156,EMP0045,PRJ0053,2024-11-19,30,21.3,0,Yes,Submitted,EMP0045,EMP0149,On-site work
TS000157,EMP0045,PRJ0053,2024-12-15,30,33.2,3.2,Yes,Approved,EMP0045,EMP0140,Overtime due to deadline
TS000158,EMP0052,PRJ0007,2024-04-28,30,26.3,0,No,Submitted,EMP0052,EMP0062,Client meeting
TS000159,EMP0052,PRJ0007,2024-04-19,30,30.8,0.8,Yes,Submitted,EMP0052,EMP0098,Overtime due to deadline
TS000160,EMP0052,PRJ0007,2024-03-20,30,37.7,7.7,Yes,Approved,EMP0052,EMP0129,Client meeting
TS000161,EMP0099,PRJ0019,2023-02-04,10,12.1,2.1,Yes,Approved,EMP0099,EMP0117,
TS000162,EMP0099,PRJ0019,2022-10-31,10,7.8,0,Yes,Approved,EMP0099,EMP0040,
TS000163,EMP0099,PRJ0019,2023-04-16,10,10.2,0.2,Yes,Approved,EMP0099,EMP0021,
TS000164,EMP0004,PRJ0051,2022-12-18,10,8.8,0,Yes,Approved,EMP0004,EMP0125,Client meeting
TS000165,EMP0004,PRJ0051,2022-11-16,10,9.2,0,Yes,Approved,EMP0004,EMP0059,On-site work
TS000166,EMP0004,PRJ0051,2022-11-19,10,9.3,0,Yes,Approved,EMP0004,EMP0026,Overtime due to deadline
TS000167,EMP0133,PRJ0021,2022-06-30,10,8.9,0,Yes,Submitted,EMP0133,EMP0076,
TS000168,EMP0133,PRJ0021,2022-10-14,10,7,0,Yes,Approved,EMP0133,EMP0106,Client meeting
TS000169,EMP0133,PRJ0021,2023-03-21,10,10.2,0.2,Yes,Submitted,EMP0133,EMP0062,Overtime due to deadline
TS000170,EMP0070,PRJ0050,2022-09-17,40,36.5,0,Yes,Approved,EMP0070,EMP0066,Overtime due to deadline
TS000171,EMP0070,PRJ0050,2022-04-02,40,33.6,0,Yes,Approved,EMP0070,EMP0140,
TS000172,EMP0070,PRJ0050,2021-12-30,40,28.9,0,Yes,Approved,EMP0070,EMP0077,On-site work
TS000173,EMP0102,PRJ0045,2022-03-13,10,9.4,0,Yes,Draft,EMP0102,EMP0124,
TS000174,EMP0102,PRJ0045,2021-12-07,10,8.5,0,Yes,Approved,EMP0102,EMP0076,On-site work
TS000175,EMP0102,PRJ0045,2022-01-06,10,12.8,2.8,Yes,Approved,EMP0102,EMP0013,Client meeting
TS000176,EMP0119,PRJ0038,2024-07-23,40,41.6,1.6,Yes,Draft,EMP0119,EMP0074,
TS000177,EMP0119,PRJ0038,2024-06-18,40,41.4,1.4,Yes,Approved,EMP0119,EMP0036,On-site work
TS000178,EMP0119,PRJ0038,2024-02-08,40,36,0,No,Approved,EMP0119,EMP0080,Overtime due to deadline
TS000179,EMP0148,PRJ0045,2021-06-17,10,7.9,0,Yes,Approved,EMP0148,EMP0107,
TS000180,EMP0148,PRJ0045,2021-07-08,10,8.8,0,Yes,Approved,EMP0148,EMP0094,Client meeting
TS000181,EMP0148,PRJ0045,2021-08-16,10,12.4,2.4,Yes,Submitted,EMP0148,EMP0124,
TS000182,EMP0143,PRJ0057,2024-04-11,40,34.2,0,No,Approved,EMP0143,EMP0020,
TS000183,EMP0143,PRJ0057,2024-02-13,40,46.1,6.1,No,Draft,EMP0143,EMP0143,
TS000184,EMP0143,PRJ0057,2023-12-06,40,32.6,0,No,Approved,EMP0143,EMP0138,
TS000185,EMP0020,PRJ0022,2023-10-30,10,8.3,0,Yes,Approved,EMP0020,EMP0096,
TS000186,EMP0020,PRJ0022,2023-12-25,10,11.8,1.8,Yes,Approved,EMP0020,EMP0144,
TS000187,EMP0020,PRJ0022,2024-02-25,10,8.3,0,Yes,Approved,EMP0020,EMP0078,On-site work
TS000188,EMP0125,PRJ0005,2023-12-13,40,34.5,0,Yes,Approved,EMP0125,EMP0010,
TS000189,EMP0125,PRJ0005,2024-01-25,40,43.3,3.3,Yes,Approved,EMP0125,EMP0095,On-site work
TS000190,EMP0125,PRJ0005,2023-12-18,40,42.9,2.9,Yes,Submitted,EMP0125,EMP0107,On-site work
TS000191,EMP0013,PRJ0044,2024-04-18,40,44.2,4.2,No,Approved,EMP0013,EMP0095,
TS000192,EMP0013,PRJ0044,2024-07-15,40,32.8,0,Yes,Approved,EMP0013,EMP0093,
TS000193,EMP0013,PRJ0044,2024-09-15,40,31.3,0,Yes,Approved,EMP0013,EMP0071,
TS000194,EMP0127,PRJ0052,2024-02-09,30,37.2,7.2,No,Submitted,EMP0127,EMP0024,On-site work
TS000195,EMP0127,PRJ0052,2024-02-21,30,26.2,0,Yes,Submitted,EMP0127,EMP0063,
TS000196,EMP0127,PRJ0052,2024-04-06,30,25.3,0,Yes,Submitted,EMP0127,EMP0142,
TS000197,EMP0109,PRJ0036,2022-10-27,20,21.3,1.3,Yes,Approved,EMP0109,EMP0001,
TS000198,EMP0109,PRJ0036,2022-03-15,20,25.9,5.9,No,Approved,EMP0109,EMP0045,
TS000199,EMP0109,PRJ0036,2022-01-13,20,21.9,1.9,No,Approved,EMP0109,EMP0005,
TS000200,EMP0095,PRJ0010,2024-10-05,30,33.1,3.1,Yes,Submitted,EMP0095,EMP0135,
TS000201,EMP0095,PRJ0010,2024-12-06,30,34.5,4.5,Yes,Approved,EMP0095,EMP0116,Client meeting
TS000202,EMP0095,PRJ0010,2024-09-30,30,31.9,1.9,No,Approved,EMP0095,EMP0134,
TS000203,EMP0077,PRJ0052,2021-08-29,30,29.3,0,No,Submitted,EMP0077,EMP0110,On-site work
TS000204,EMP0077,PRJ0052,2021-05-31,30,29.1,0,Yes,Draft,EMP0077,EMP0019,
TS000205,EMP0077,PRJ0052,2021-07-25,30,28.7,0,Yes,Approved,EMP0077,EMP0141,On-site work
TS000206,EMP0022,PRJ0043,2023-07-09,40,38.6,0,Yes,Approved,EMP0022,EMP0076,Overtime due to deadline
TS000207,EMP0022,PRJ0043,2023-10-09,40,37.8,0,Yes,Submitted,EMP0022,EMP0142,On-site work
TS000208,EMP0022,PRJ0043,2023-05-14,40,38.3,0,Yes,Submitted,EMP0022,EMP0106,
TS000209,EMP0150,PRJ0036,2023-07-18,10,8,0,Yes,Approved,EMP0150,EMP0066,
TS000210,EMP0150,PRJ0036,2023-02-14,10,11.4,1.4,Yes,Approved,EMP0150,EMP0024,
TS000211,EMP0150,PRJ0036,2023-01-14,10,7.7,0,Yes,Approved,EMP0150,EMP0016,Client meeting
TS000212,EMP0142,PRJ0042,2022-04-19,40,44.1,4.1,Yes,Approved,EMP0142,EMP0106,
TS000213,EMP0142,PRJ0042,2022-06-11,40,45.9,5.9,No,Approved,EMP0142,EMP0074,Client meeting
TS000214,EMP0142,PRJ0042,2021-12-12,40,37.7,0,Yes,Approved,EMP0142,EMP0055,
TS000215,EMP0126,PRJ0055,2024-05-03,20,20.2,0.2,No,Approved,EMP0126,EMP0072,Client meeting
TS000216,EMP0126,PRJ0055,2024-02-27,20,21.4,1.4,No,Submitted,EMP0126,EMP0143,
TS000217,EMP0126,PRJ0055,2024-06-04,20,25.1,5.1,Yes,Approved,EMP0126,EMP0080,
TS000218,EMP0131,PRJ0004,2024-04-04,30,26.4,0,Yes,Submitted,EMP0131,EMP0145,On-site work
TS000219,EMP0131,PRJ0004,2024-04-11,30,36.7,6.7,No,Approved,EMP0131,EMP0136,
TS000220,EMP0131,PRJ0004,2024-04-08,30,33.1,3.1,Yes,Approved,EMP0131,EMP0095,
TS000221,EMP0065,PRJ0040,2023-10-08,40,33.6,0,Yes,Submitted,EMP0065,EMP0040,
TS000222,EMP0065,PRJ0040,2023-10-17,40,52.8,12.8,Yes,Approved,EMP0065,EMP0070,Overtime due to deadline
TS000223,EMP0065,PRJ0040,2023-09-23,40,32.7,0,Yes,Approved,EMP0065,EMP0132,
TS000224,EMP0096,PRJ0030,2024-10-25,40,43.8,3.8,Yes,Approved,EMP0096,EMP0125,Client meeting
TS000225,EMP0096,PRJ0030,2024-12-05,40,38.5,0,No,Approved,EMP0096,EMP0053,
TS000226,EMP0096,PRJ0030,2024-10-08,40,44,4,No,Submitted,EMP0096,EMP0075,
TS000227,EMP0082,PRJ0019,2021-03-06,20,25,5,Yes,Approved,EMP0082,EMP0059,Client meeting
TS000228,EMP0082,PRJ0019,2021-05-01,20,20.2,0.2,No,Submitted,EMP0082,EMP0019,Overtime due to deadline
TS000229,EMP0082,PRJ0019,2021-02-24,20,16.9,0,Yes,Approved,EMP0082,EMP0110,Client meeting
TS000230,EMP0052,PRJ0049,2023-03-07,40,42.6,2.6,Yes,Approved,EMP0052,EMP0030,Overtime due to deadline
TS000231,EMP0052,PRJ0049,2022-08-22,40,43.6,3.6,No,Approved,EMP0052,EMP0093,
TS000232,EMP0052,PRJ0049,2023-03-23,40,39.2,0,No,Approved,EMP0052,EMP0103,Client meeting
TS000233,EMP0051,PRJ0040,2024-09-11,40,35.9,0,Yes,Approved,EMP0051,EMP0044,
TS000234,EMP0051,PRJ0040,2024-11-05,40,43.1,3.1,Yes,Approved,EMP0051,EMP0050,
TS000235,EMP0051,PRJ0040,2024-10-15,40,38.4,0,No,Approved,EMP0051,EMP0038,
TS000236,EMP0089,PRJ0030,2021-10-23,30,21.8,0,Yes,Approved,EMP0089,EMP0020,
TS000237,EMP0089,PRJ0030,2022-03-23,30,24.4,0,Yes,Approved,EMP0089,EMP0145,On-site work
TS000238,EMP0089,PRJ0030,2021-12-26,30,31.3,1.3,No,Approved,EMP0089,EMP0039,Overtime due to deadline
TS000239,EMP0006,PRJ0003,2021-08-23,30,23.8,0,No,Approved,EMP0006,EMP0091,Client meeting
TS000240,EMP0006,PRJ0003,2021-08-24,30,31.2,1.2,Yes,Approved,EMP0006,EMP0015,
TS000241,EMP0006,PRJ0003,2021-10-18,30,38,8,No,Approved,EMP0006,EMP0130,Overtime due to deadline
TS000242,EMP0017,PRJ0041,2022-06-19,30,34.2,4.2,Yes,Draft,EMP0017,EMP0011,Overtime due to deadline
TS000243,EMP0017,PRJ0041,2022-08-14,30,27.7,0,Yes,Approved,EMP0017,EMP0016,Overtime due to deadline
TS000244,EMP0017,PRJ0041,2021-12-17,30,26.8,0,No,Submitted,EMP0017,EMP0022,Client meeting
TS000245,EMP0016,PRJ0012,2022-06-25,40,49.1,9.1,No,Approved,EMP0016,EMP0041,
TS000246,EMP0016,PRJ0012,2022-10-05,40,42.3,2.3,No,Approved,EMP0016,EMP0087,On-site work
TS000247,EMP0016,PRJ0012,2022-04-24,40,42.1,2.1,Yes,Approved,EMP0016,EMP0099,
TS000248,EMP0049,PRJ0003,2022-04-25,10,7.9,0,Yes,Approved,EMP0049,EMP0039,
TS000249,EMP0049,PRJ0003,2022-03-12,10,9.3,0,Yes,Draft,EMP0049,EMP0101,
TS000250,EMP0049,PRJ0003,2022-07-22,10,9.6,0,Yes,Approved,EMP0049,EMP0144,Overtime due to deadline
TS000251,EMP0120,PRJ0026,2021-10-01,10,10.9,0.9,No,Submitted,EMP0120,EMP0135,
TS000252,EMP0120,PRJ0026,2021-11-18,10,7.9,0,Yes,Approved,EMP0120,EMP0080,
TS000253,EMP0120,PRJ0026,2021-08-03,10,8.6,0,Yes,Draft,EMP0120,EMP0040,
TS000254,EMP0102,PRJ0056,2024-12-11,40,48.6,8.6,No,Approved,EMP0102,EMP0139,On-site work
TS000255,EMP0102,PRJ0056,2024-12-18,40,45.3,5.3,No,Approved,EMP0102,EMP0097,
TS000256,EMP0102,PRJ0056,2024-12-07,40,41.3,1.3,Yes,Approved,EMP0102,EMP0043,On-site work
TS000257,EMP0145,PRJ0011,2021-12-31,30,34.1,4.1,Yes,Draft,EMP0145,EMP0073,On-site work
TS000258,EMP0145,PRJ0011,2022-02-13,30,31.2,1.2,Yes,Approved,EMP0145,EMP0080,Overtime due to deadline
TS000259,EMP0145,PRJ0011,2022-02-28,30,32.2,2.2,No,Draft,EMP0145,EMP0119,
TS000260,EMP0114,PRJ0028,2022-06-24,10,8.8,0,Yes,Approved,EMP0114,EMP0042,
TS000261,EMP0114,PRJ0028,2022-10-16,10,10.7,0.7,Yes,Submitted,EMP0114,EMP0142,
TS000262,EMP0114,PRJ0028,2022-12-10,10,10.9,0.9,No,Submitted,EMP0114,EMP0073,
TS000263,EMP0145,PRJ0036,2023-03-30,20,19.1,0,Yes,Approved,EMP0145,EMP0057,Overtime due to deadline
TS000264,EMP0145,PRJ0036,2023-07-04,20,26.4,6.4,No,Approved,EMP0145,EMP0102,Client meeting
TS000265,EMP0145,PRJ0036,2023-07-17,20,20.9,0.9,Yes,Approved,EMP0145,EMP0026,On-site work
TS000266,EMP0114,PRJ0009,2023-07-30,20,29.6,9.6,Yes,Approved,EMP0114,EMP0010,
TS000267,EMP0114,PRJ0009,2023-07-19,20,19.5,0,Yes,Approved,EMP0114,EMP0002,
TS000268,EMP0114,PRJ0009,2023-06-20,20,18.5,0,Yes,Submitted,EMP0114,EMP0141,On-site work
TS000269,EMP0111,PRJ0026,2024-06-13,30,27.8,0,Yes,Approved,EMP0111,EMP0013,
TS000270,EMP0111,PRJ0026,2024-03-08,30,29.6,0,Yes,Approved,EMP0111,EMP0017,
TS000271,EMP0111,PRJ0026,2024-04-18,30,29.3,0,Yes,Approved,EMP0111,EMP0037,
TS000272,EMP0004,PRJ0024,2024-04-24,20,19.7,0,Yes,Approved,EMP0004,EMP0147,Overtime due to deadline
TS000273,EMP0004,PRJ0024,2024-04-08,20,19.3,0,No,Approved,EMP0004,EMP0135,Client meeting
TS000274,EMP0004,PRJ0024,2024-03-29,20,18.9,0,Yes,Approved,EMP0004,EMP0100,
TS000275,EMP0062,PRJ0030,2023-03-03,20,20,0,Yes,Approved,EMP0062,EMP0027,Client meeting
TS000276,EMP0062,PRJ0030,2023-04-13,20,17.2,0,Yes,Approved,EMP0062,EMP0087,On-site work
TS000277,EMP0062,PRJ0030,2023-01-22,20,22.2,2.2,No,Approved,EMP0062,EMP0047,
TS000278,EMP0066,PRJ0024,2024-11-14,20,16,0,Yes,Draft,EMP0066,EMP0010,
TS000279,EMP0066,PRJ0024,2024-11-18,20,21.9,1.9,Yes,Draft,EMP0066,EMP0132,Overtime due to deadline
TS000280,EMP0066,PRJ0024,2024-11-29,20,20.5,0.5,Yes,Approved,EMP0066,EMP0049,
TS000281,EMP0103,PRJ0036,2022-04-12,30,30.9,0.9,Yes,Approved,EMP0103,EMP0095,Overtime due to deadline
TS000282,EMP0103,PRJ0036,2022-05-04,30,28.9,0,Yes,Submitted,EMP0103,EMP0099,
TS000283,EMP0103,PRJ0036,2022-01-15,30,24.7,0,No,Approved,EMP0103,EMP0022,On-site work
TS000284,EMP0032,PRJ0055,2024-01-28,30,30.1,0.1,Yes,Approved,EMP0032,EMP0047,Client meeting
TS000285,EMP0032,PRJ0055,2023-11-22,30,29.2,0,Yes,Approved,EMP0032,EMP0110,
TS000286,EMP0032,PRJ0055,2024-02-07,30,31.7,1.7,Yes,Approved,EMP0032,EMP0091,Client meeting
TS000287,EMP0108,PRJ0032,2021-12-27,30,28.1,0,No,Approved,EMP0108,EMP0104,
TS000288,EMP0108,PRJ0032,2022-01-06,30,42.4,12.4,No,Approved,EMP0108,EMP0008,
TS000289,EMP0108,PRJ0032,2022-01-18,30,27.9,0,Yes,Approved,EMP0108,EMP0094,
TS000290,EMP0115,PRJ0047,2024-09-29,10,8.6,0,No,Approved,EMP0115,EMP0040,On-site work
TS000291,EMP0115,PRJ0047,2024-10-16,10,11.4,1.4,No,Approved,EMP0115,EMP0136,
TS000292,EMP0115,PRJ0047,2024-10-02,10,9.5,0,Yes,Approved,EMP0115,EMP0030,
TS000293,EMP0018,PRJ0028,2022-03-22,10,8.5,0,Yes,Approved,EMP0018,EMP0067,On-site work
TS000294,EMP0018,PRJ0028,2022-04-08,10,10,0,Yes,Approved,EMP0018,EMP0126,
TS000295,EMP0018,PRJ0028,2022-03-18,10,10.4,0.4,Yes,Submitted,EMP0018,EMP0023,On-site work
TS000296,EMP0069,PRJ0049,2023-10-22,10,10.4,0.4,No,Approved,EMP0069,EMP0017,Client meeting
TS000297,EMP0069,PRJ0049,2023-09-13,10,9.7,0,Yes,Submitted,EMP0069,EMP0045,
TS000298,EMP0069,PRJ0049,2023-09-09,10,11.2,1.2,Yes,Draft,EMP0069,EMP0036,
TS000299,EMP0136,PRJ0060,2024-05-12,20,23.8,3.8,Yes,Submitted,EMP0136,EMP0142,
TS000300,EMP0136,PRJ0060,2024-01-29,20,20.6,0.6,Yes,Approved,EMP0136,EMP0123,Client meeting
TS000301,EMP0136,PRJ0060,2024-04-21,20,20.7,0.7,Yes,Draft,EMP0136,EMP0019,Overtime due to deadline
TS000302,EMP0149,PRJ0029,2024-03-12,40,28.9,0,Yes,Approved,EMP0149,EMP0142,On-site work
TS000303,EMP0149,PRJ0029,2024-03-16,40,46.5,6.5,Yes,Draft,EMP0149,EMP0015,
TS000304,EMP0149,PRJ0029,2024-03-14,40,54.2,14.2,Yes,Approved,EMP0149,EMP0083,On-site work
TS000305,EMP0144,PRJ0057,2023-07-05,10,8,0,No,Submitted,EMP0144,EMP0065,
TS000306,EMP0144,PRJ0057,2023-07-31,10,12.9,2.9,No,Approved,EMP0144,EMP0078,Client meeting
TS000307,EMP0144,PRJ0057,2023-07-25,10,11.8,1.8,Yes,Approved,EMP0144,EMP0044,On-site work
TS000308,EMP0081,PRJ0043,2022-10-26,30,33.6,3.6,Yes,Approved,EMP0081,EMP0145,
TS000309,EMP0081,PRJ0043,2021-12-25,30,39.6,9.6,No,Approved,EMP0081,EMP0054,Client meeting
TS000310,EMP0081,PRJ0043,2022-07-12,30,35.4,5.4,Yes,Approved,EMP0081,EMP0140,
TS000311,EMP0045,PRJ0018,2022-09-14,10,11.7,1.7,No,Approved,EMP0045,EMP0077,Overtime due to deadline
TS000312,EMP0045,PRJ0018,2022-08-08,10,9.5,0,Yes,Approved,EMP0045,EMP0107,Overtime due to deadline
TS000313,EMP0045,PRJ0018,2022-09-02,10,10.6,0.6,Yes,Submitted,EMP0045,EMP0089,Overtime due to deadline
TS000314,EMP0033,PRJ0040,2024-04-05,20,23.9,3.9,No,Approved,EMP0033,EMP0028,
TS000315,EMP0033,PRJ0040,2024-04-19,20,17.7,0,Yes,Approved,EMP0033,EMP0075,Overtime due to deadline
TS000316,EMP0033,PRJ0040,2024-05-12,20,20.5,0.5,Yes,Submitted,EMP0033,EMP0041,
TS000317,EMP0006,PRJ0058,2023-01-05,40,39.3,0,Yes,Draft,EMP0006,EMP0120,Overtime due to deadline
TS000318,EMP0006,PRJ0058,2022-08-20,40,36.2,0,Yes,Approved,EMP0006,EMP0101,Client meeting
TS000319,EMP0006,PRJ0058,2022-11-05,40,44.1,4.1,Yes,Approved,EMP0006,EMP0127,Client meeting
TS000320,EMP0068,PRJ0053,2021-08-28,20,19.6,0,Yes,Approved,EMP0068,EMP0003,
TS000321,EMP0068,PRJ0053,2021-07-02,20,21.6,1.6,Yes,Approved,EMP0068,EMP0012,Overtime due to deadline
TS000322,EMP0068,PRJ0053,2021-03-27,20,21.8,1.8,Yes,Approved,EMP0068,EMP0142,
TS000323,EMP0068,PRJ0010,2023-10-24,20,17.5,0,Yes,Submitted,EMP0068,EMP0031,
TS000324,EMP0068,PRJ0010,2023-10-27,20,22.1,2.1,Yes,Submitted,EMP0068,EMP0087,Client meeting
TS000325,EMP0068,PRJ0010,2023-11-30,20,20.1,0.1,Yes,Approved,EMP0068,EMP0012,
TS000326,EMP0132,PRJ0055,2021-10-12,10,9,0,Yes,Submitted,EMP0132,EMP0133,Overtime due to deadline
TS000327,EMP0132,PRJ0055,2021-10-15,10,8.6,0,Yes,Approved,EMP0132,EMP0042,Overtime due to deadline
TS000328,EMP0132,PRJ0055,2021-11-22,10,8.9,0,Yes,Approved,EMP0132,EMP0131,Client meeting
TS000329,EMP0072,PRJ0013,2021-07-05,10,9.7,0,No,Approved,EMP0072,EMP0029,Overtime due to deadline
TS000330,EMP0072,PRJ0013,2021-07-29,10,8.8,0,Yes,Submitted,EMP0072,EMP0007,Client meeting
TS000331,EMP0072,PRJ0013,2021-07-01,10,9.8,0,No,Approved,EMP0072,EMP0059,On-site work
TS000332,EMP0139,PRJ0051,2024-02-05,20,24.4,4.4,Yes,Approved,EMP0139,EMP0098,
TS000333,EMP0139,PRJ0051,2024-03-16,20,20.2,0.2,Yes,Approved,EMP0139,EMP0113,
TS000334,EMP0139,PRJ0051,2024-02-28,20,23.9,3.9,Yes,Approved,EMP0139,EMP0106,Client meeting
TS000335,EMP0085,PRJ0048,2023-05-21,10,11.7,1.7,Yes,Approved,EMP0085,EMP0054,Client meeting
TS000336,EMP0085,PRJ0048,2023-03-07,10,8.2,0,No,Approved,EMP0085,EMP0097,
TS000337,EMP0085,PRJ0048,2022-12-19,10,8.2,0,Yes,Approved,EMP0085,EMP0068,Client meeting
TS000338,EMP0034,PRJ0060,2024-06-12,30,31.4,1.4,Yes,Approved,EMP0034,EMP0143,
TS000339,EMP0034,PRJ0060,2024-02-01,30,41.9,11.9,No,Submitted,EMP0034,EMP0126,
TS000340,EMP0034,PRJ0060,2024-06-10,30,25.4,0,Yes,Draft,EMP0034,EMP0071,
TS000341,EMP0140,PRJ0052,2024-12-24,30,25,0,No,Approved,EMP0140,EMP0089,
TS000342,EMP0025,PRJ0039,2023-12-21,30,27.5,0,Yes,Draft,EMP0025,EMP0021,
TS000343,EMP0025,PRJ0039,2024-05-31,30,26.8,0,Yes,Approved,EMP0025,EMP0138,
TS000344,EMP0025,PRJ0039,2024-02-28,30,31.2,1.2,Yes,Approved,EMP0025,EMP0062,
TS000345,EMP0113,PRJ0017,2024-01-31,20,18.2,0,Yes,Approved,EMP0113,EMP0106,
TS000346,EMP0113,PRJ0017,2024-04-25,20,16.8,0,Yes,Approved,EMP0113,EMP0036,
TS000347,EMP0113,PRJ0017,2024-04-04,20,21.7,1.7,Yes,Submitted,EMP0113,EMP0122,Overtime due to deadline
TS000348,EMP0044,PRJ0051,2024-03-29,30,29.6,0,Yes,Draft,EMP0044,EMP0083,
TS000349,EMP0044,PRJ0051,2024-03-28,30,37.2,7.2,Yes,Approved,EMP0044,EMP0010,
TS000350,EMP0044,PRJ0051,2024-02-28,30,32.8,2.8,No,Approved,EMP0044,EMP0010,Overtime due to deadline
TS000351,EMP0086,PRJ0001,2023-05-24,30,32.9,2.9,No,Approved,EMP0086,EMP0010,
TS000352,EMP0086,PRJ0001,2023-02-12,30,36.9,6.9,Yes,Approved,EMP0086,EMP0086,
TS000353,EMP0086,PRJ0001,2023-05-03,30,35.6,5.6,Yes,Draft,EMP0086,EMP0130,Overtime due to deadline
TS000354,EMP0024,PRJ0060,2024-12-05,40,39.5,0,Yes,Approved,EMP0024,EMP0042,On-site work
TS000355,EMP0024,PRJ0060,2024-12-11,40,34.3,0,Yes,Approved,EMP0024,EMP0076,Client meeting
TS000356,EMP0024,PRJ0060,2024-12-18,40,32.3,0,No,Approved,EMP0024,EMP0104,Overtime due to deadline
TS000357,EMP0036,PRJ0025,2023-02-13,30,27.9,0,Yes,Draft,EMP0036,EMP0123,
TS000358,EMP0036,PRJ0025,2023-01-27,30,34,4,Yes,Approved,EMP0036,EMP0115,
TS000359,EMP0036,PRJ0025,2023-02-02,30,27.7,0,Yes,Approved,EMP0036,EMP0061,
TS000360,EMP0105,PRJ0028,2021-12-10,30,36.8,6.8,Yes,Approved,EMP0105,EMP0104,On-site work
TS000361,EMP0105,PRJ0028,2021-10-29,30,38.3,8.3,No,Approved,EMP0105,EMP0076,
TS000362,EMP0105,PRJ0028,2021-11-27,30,25.6,0,Yes,Draft,EMP0105,EMP0123,
TS000363,EMP0007,PRJ0006,2021-07-21,10,10,0,Yes,Approved,EMP0007,EMP0121,Client meeting
TS000364,EMP0007,PRJ0006,2021-06-20,10,8,0,No,Approved,EMP0007,EMP0021,Client meeting
TS000365,EMP0007,PRJ0006,2021-07-20,10,8.6,0,No,Approved,EMP0007,EMP0141,Client meeting
TS000366,EMP0041,PRJ0052,2024-09-17,10,9.7,0,Yes,Approved,EMP0041,EMP0084,Client meeting
TS000367,EMP0041,PRJ0052,2024-11-18,10,10.8,0.8,Yes,Approved,EMP0041,EMP0131,Overtime due to deadline
TS000368,EMP0041,PRJ0052,2024-08-11,10,10.7,0.7,Yes,Approved,EMP0041,EMP0117,Client meeting
TS000369,EMP0027,PRJ0007,2024-11-18,10,7.9,0,Yes,Approved,EMP0027,EMP0066,
TS000370,EMP0027,PRJ0007,2024-11-28,10,9.2,0,Yes,Approved,EMP0027,EMP0089,On-site work
TS000371,EMP0027,PRJ0007,2024-11-19,10,9.5,0,No,Draft,EMP0027,EMP0121,
TS000372,EMP0102,PRJ0012,2021-12-20,40,39.5,0,Yes,Submitted,EMP0102,EMP0108,
TS000373,EMP0102,PRJ0012,2022-02-07,40,27.3,0,Yes,Approved,EMP0102,EMP0139,
TS000374,EMP0102,PRJ0012,2022-06-26,40,44.3,4.3,No,Approved,EMP0102,EMP0138,Overtime due to deadline
TS000375,EMP0042,PRJ0027,2022-10-03,40,51.6,11.6,No,Submitted,EMP0042,EMP0077,Overtime due to deadline
TS000376,EMP0042,PRJ0027,2022-10-11,40,51.9,11.9,Yes,Approved,EMP0042,EMP0059,
TS000377,EMP0042,PRJ0027,2022-08-29,40,37.3,0,No,Submitted,EMP0042,EMP0029,
TS000378,EMP0070,PRJ0031,2022-04-18,10,11,1,Yes,Approved,EMP0070,EMP0005,
TS000379,EMP0070,PRJ0031,2022-01-31,10,11.8,1.8,Yes,Approved,EMP0070,EMP0013,
TS000380,EMP0070,PRJ0031,2022-04-09,10,10.8,0.8,Yes,Approved,EMP0070,EMP0139,
TS000381,EMP0013,PRJ0025,2022-03-24,30,31,1,Yes,Approved,EMP0013,EMP0148,
TS000382,EMP0013,PRJ0025,2022-03-12,30,28.8,0,Yes,Approved,EMP0013,EMP0083,
TS000383,EMP0013,PRJ0025,2022-02-23,30,39.3,9.3,Yes,Approved,EMP0013,EMP0071,
TS000384,EMP0009,PRJ0059,2024-09-15,30,20.8,0,No,Submitted,EMP0009,EMP0045,On-site work
TS000385,EMP0009,PRJ0059,2024-08-13,30,28.7,0,Yes,Approved,EMP0009,EMP0098,Client meeting
TS000386,EMP0009,PRJ0059,2024-07-16,30,29.5,0,Yes,Approved,EMP0009,EMP0077,Overtime due to deadline
TS000387,EMP0055,PRJ0012,2024-04-18,30,30.1,0.1,No,Approved,EMP0055,EMP0037,Overtime due to deadline
TS000388,EMP0055,PRJ0012,2024-04-14,30,24.9,0,Yes,Draft,EMP0055,EMP0143,Client meeting
TS000389,EMP0055,PRJ0012,2024-04-17,30,27.4,0,Yes,Approved,EMP0055,EMP0116,
TS000390,EMP0089,PRJ0052,2023-07-05,40,43,3,Yes,Submitted,EMP0089,EMP0014,
TS000391,EMP0089,PRJ0052,2023-09-16,40,36.2,0,No,Approved,EMP0089,EMP0144,
TS000392,EMP0089,PRJ0052,2023-10-12,40,32.8,0,Yes,Draft,EMP0089,EMP0078,
TS000393,EMP0038,PRJ0037,2023-07-04,10,13.5,3.5,Yes,Draft,EMP0038,EMP0123,
TS000394,EMP0038,PRJ0037,2024-03-08,10,8.5,0,Yes,Approved,EMP0038,EMP0062,Client meeting
TS000395,EMP0038,PRJ0037,2023-08-29,10,10.2,0.2,Yes,Approved,EMP0038,EMP0067,
TS000396,EMP0126,PRJ0012,2022-09-25,40,34.2,0,No,Approved,EMP0126,EMP0121,
TS000397,EMP0126,PRJ0012,2022-08-17,40,35.7,0,Yes,Approved,EMP0126,EMP0038,
TS000398,EMP0126,PRJ0012,2022-08-24,40,44.5,4.5,Yes,Approved,EMP0126,EMP0107,
TS000399,EMP0126,PRJ0044,2022-03-13,40,41.4,1.4,Yes,Approved,EMP0126,EMP0141,On-site work
TS000400,EMP0126,PRJ0044,2022-03-25,40,44.1,4.1,Yes,Submitted,EMP0126,EMP0126,Overtime due to deadline
TS000401,EMP0126,PRJ0044,2022-03-14,40,39.4,0,Yes,Approved,EMP0126,EMP0048,Client meeting
TS000402,EMP0112,PRJ0059,2021-09-19,30,25.8,0,No,Approved,EMP0112,EMP0020,On-site work
TS000403,EMP0112,PRJ0059,2021-04-20,30,30.4,0.4,No,Approved,EMP0112,EMP0039,
TS000404,EMP0112,PRJ0059,2021-06-02,30,25.4,0,Yes,Approved,EMP0112,EMP0124,On-site work
TS000405,EMP0037,PRJ0002,2022-07-10,30,35.5,5.5,Yes,Approved,EMP0037,EMP0071,Client meeting
TS000406,EMP0037,PRJ0002,2022-05-20,30,30.5,0.5,Yes,Submitted,EMP0037,EMP0111,
TS000407,EMP0037,PRJ0002,2022-04-04,30,34.8,4.8,Yes,Approved,EMP0037,EMP0065,
TS000408,EMP0091,PRJ0031,2021-10-14,10,9.1,0,No,Approved,EMP0091,EMP0104,Overtime due to deadline
TS000409,EMP0091,PRJ0031,2022-03-16,10,10.1,0.1,Yes,Submitted,EMP0091,EMP0021,On-site work
TS000410,EMP0091,PRJ0031,2022-04-28,10,12.3,2.3,No,Approved,EMP0091,EMP0098,Overtime due to deadline
TS000411,EMP0112,PRJ0044,2024-06-12,30,23.7,0,Yes,Approved,EMP0112,EMP0112,On-site work
TS000412,EMP0112,PRJ0044,2024-02-20,30,31,1,Yes,Submitted,EMP0112,EMP0025,Client meeting
TS000413,EMP0112,PRJ0044,2023-09-25,30,31.2,1.2,Yes,Approved,EMP0112,EMP0070,
TS000414,EMP0038,PRJ0055,2024-07-16,30,39.6,9.6,Yes,Approved,EMP0038,EMP0140,Client meeting
TS000415,EMP0038,PRJ0055,2024-09-29,30,40.1,10.1,Yes,Draft,EMP0038,EMP0037,On-site work
TS000416,EMP0038,PRJ0055,2024-08-26,30,32.1,2.1,No,Approved,EMP0038,EMP0145,
TS000417,EMP0024,PRJ0007,2023-05-11,40,43,3,No,Approved,EMP0024,EMP0036,On-site work
TS000418,EMP0024,PRJ0007,2022-09-03,40,34.9,0,Yes,Draft,EMP0024,EMP0014,
TS000419,EMP0024,PRJ0007,2023-03-05,40,40.3,0.3,Yes,Approved,EMP0024,EMP0102,
TS000420,EMP0143,PRJ0050,2021-06-15,20,21.2,1.2,Yes,Submitted,EMP0143,EMP0116,Overtime due to deadline
TS000421,EMP0143,PRJ0050,2021-08-05,20,15.6,0,Yes,Approved,EMP0143,EMP0098,
TS000422,EMP0143,PRJ0050,2021-12-22,20,25.6,5.6,Yes,Submitted,EMP0143,EMP0019,
TS000423,EMP0098,PRJ0053,2023-02-16,20,22.7,2.7,Yes,Submitted,EMP0098,EMP0082,
TS000424,EMP0098,PRJ0053,2022-11-25,20,23.9,3.9,Yes,Draft,EMP0098,EMP0114,
TS000425,EMP0098,PRJ0053,2023-02-17,20,21,1,Yes,Approved,EMP0098,EMP0132,Overtime due to deadline
TS000426,EMP0003,PRJ0032,2021-06-19,20,20.8,0.8,Yes,Approved,EMP0003,EMP0024,Client meeting
TS000427,EMP0003,PRJ0032,2022-02-28,20,21.3,1.3,Yes,Approved,EMP0003,EMP0022,On-site work
TS000428,EMP0003,PRJ0032,2022-02-08,20,14.2,0,No,Draft,EMP0003,EMP0147,Client meeting
TS000429,EMP0075,PRJ0012,2023-09-17,20,19.3,0,Yes,Approved,EMP0075,EMP0038,
TS000430,EMP0075,PRJ0012,2023-09-16,20,18.3,0,Yes,Approved,EMP0075,EMP0124,
TS000431,EMP0075,PRJ0012,2023-11-05,20,20,0,Yes,Approved,EMP0075,EMP0051,Overtime due to deadline
TS000432,EMP0037,PRJ0020,2023-11-23,40,44.5,4.5,Yes,Approved,EMP0037,EMP0102,
TS000433,EMP0037,PRJ0020,2024-08-12,40,31.3,0,Yes,Approved,EMP0037,EMP0035,
TS000434,EMP0037,PRJ0020,2024-03-12,40,48.2,8.2,Yes,Approved,EMP0037,EMP0123,
TS000435,EMP0077,PRJ0043,2024-10-22,20,27.7,7.7,Yes,Approved,EMP0077,EMP0126,Client meeting
TS000436,EMP0077,PRJ0043,2024-10-31,20,18.3,0,Yes,Approved,EMP0077,EMP0101,
TS000437,EMP0077,PRJ0043,2024-10-14,20,21.8,1.8,No,Approved,EMP0077,EMP0141,
TS000438,EMP0033,PRJ0021,2024-12-24,10,9.6,0,Yes,Draft,EMP0033,EMP0054,Overtime due to deadline
TS000439,EMP0033,PRJ0021,2024-12-19,10,9.4,0,No,Submitted,EMP0033,EMP0105,On-site work
TS000440,EMP0033,PRJ0021,2024-12-09,10,12.2,2.2,Yes,Approved,EMP0033,EMP0065,On-site work
TS000441,EMP0075,PRJ0004,2021-03-18,30,28.3,0,Yes,Draft,EMP0075,EMP0123,Client meeting
TS000442,EMP0075,PRJ0004,2021-04-19,30,22.2,0,Yes,Draft,EMP0075,EMP0108,Client meeting
TS000443,EMP0075,PRJ0004,2021-03-03,30,31.1,1.1,No,Approved,EMP0075,EMP0022,
TS000444,EMP0068,PRJ0008,2022-11-03,30,25.9,0,Yes,Approved,EMP0068,EMP0012,Client meeting
TS000445,EMP0068,PRJ0008,2023-05-25,30,28,0,No,Draft,EMP0068,EMP0111,
TS000446,EMP0068,PRJ0008,2022-07-04,30,25.9,0,Yes,Approved,EMP0068,EMP0133,Client meeting
TS000447,EMP0094,PRJ0028,2022-11-18,40,34.4,0,No,Approved,EMP0094,EMP0129,
TS000448,EMP0094,PRJ0028,2022-12-20,40,42,2,No,Approved,EMP0094,EMP0076,Overtime due to deadline
TS000449,EMP0094,PRJ0028,2022-10-14,40,50.6,10.6,Yes,Approved,EMP0094,EMP0117,
TS000450,EMP0124,PRJ0006,2023-12-28,10,12.4,2.4,Yes,Approved,EMP0124,EMP0113,On-site work
TS000451,EMP0124,PRJ0006,2024-01-20,10,9.5,0,Yes,Submitted,EMP0124,EMP0006,
TS000452,EMP0124,PRJ0006,2024-01-13,10,10.2,0.2,Yes,Submitted,EMP0124,EMP0063,Client meeting
TS000453,EMP0012,PRJ0025,2022-05-29,30,26.2,0,Yes,Approved,EMP0012,EMP0104,On-site work
TS000454,EMP0012,PRJ0025,2022-06-03,30,28.7,0,Yes,Approved,EMP0012,EMP0102,
TS000455,EMP0012,PRJ0025,2022-06-10,30,25.5,0,Yes,Approved,EMP0012,EMP0072,On-site work
TS000456,EMP0092,PRJ0041,2024-05-01,40,42,2,Yes,Submitted,EMP0092,EMP0138,
TS000457,EMP0092,PRJ0041,2024-10-03,40,37,0,Yes,Submitted,EMP0092,EMP0136,On-site work
TS000458,EMP0092,PRJ0041,2024-09-06,40,45.9,5.9,Yes,Approved,EMP0092,EMP0030,
TS000459,EMP0070,PRJ0039,2024-02-12,40,44.7,4.7,No,Submitted,EMP0070,EMP0077,Client meeting
TS000460,EMP0070,PRJ0039,2023-09-28,40,33.1,0,Yes,Approved,EMP0070,EMP0062,
TS000461,EMP0070,PRJ0039,2023-10-14,40,43.8,3.8,Yes,Approved,EMP0070,EMP0036,Client meeting
TS000462,EMP0092,PRJ0027,2023-02-10,40,48.4,8.4,Yes,Approved,EMP0092,EMP0138,On-site work
TS000463,EMP0092,PRJ0027,2022-10-25,40,33.5,0,Yes,Approved,EMP0092,EMP0116,Client meeting
TS000464,EMP0092,PRJ0027,2022-08-25,40,37.6,0,No,Draft,EMP0092,EMP0125,
TS000465,EMP0097,PRJ0026,2023-09-30,30,34.6,4.6,Yes,Approved,EMP0097,EMP0126,Overtime due to deadline
TS000466,EMP0097,PRJ0026,2024-02-05,30,19.4,0,Yes,Approved,EMP0097,EMP0008,
TS000467,EMP0097,PRJ0026,2023-11-19,30,33.1,3.1,Yes,Submitted,EMP0097,EMP0145,On-site work
TS000468,EMP0024,PRJ0015,2023-03-28,10,10.2,0.2,No,Approved,EMP0024,EMP0029,Client meeting
TS000469,EMP0024,PRJ0015,2022-10-11,10,9.8,0,No,Approved,EMP0024,EMP0011,On-site work
TS000470,EMP0024,PRJ0015,2023-01-02,10,11.9,1.9,Yes,Draft,EMP0024,EMP0027,On-site work
TS000471,EMP0150,PRJ0049,2022-11-08,20,18.7,0,No,Approved,EMP0150,EMP0068,
TS000472,EMP0150,PRJ0049,2022-11-06,20,18.1,0,Yes,Submitted,EMP0150,EMP0031,
TS000473,EMP0150,PRJ0049,2022-08-20,20,21.5,1.5,Yes,Submitted,EMP0150,EMP0110,
TS000474,EMP0078,PRJ0050,2022-03-24,10,8.1,0,Yes,Approved,EMP0078,EMP0053,
TS000475,EMP0078,PRJ0050,2022-03-12,10,9.3,0,Yes,Approved,EMP0078,EMP0075,
TS000476,EMP0078,PRJ0050,2022-03-13,10,11,1,Yes,Submitted,EMP0078,EMP0025,
TS000477,EMP0066,PRJ0048,2023-07-23,20,28.2,8.2,No,Approved,EMP0066,EMP0034,
TS000478,EMP0066,PRJ0048,2023-03-09,20,15.4,0,Yes,Submitted,EMP0066,EMP0101,Overtime due to deadline
TS000479,EMP0066,PRJ0048,2023-03-07,20,17.9,0,Yes,Approved,EMP0066,EMP0024,Overtime due to deadline
TS000480,EMP0073,PRJ0047,2022-10-15,20,18.9,0,Yes,Approved,EMP0073,EMP0095,Overtime due to deadline
TS000481,EMP0073,PRJ0047,2022-10-12,20,19.9,0,No,Submitted,EMP0073,EMP0118,On-site work
TS000482,EMP0073,PRJ0047,2022-09-25,20,20.2,0.2,No,Submitted,EMP0073,EMP0102,
TS000483,EMP0079,PRJ0026,2021-10-31,10,10.8,0.8,Yes,Approved,EMP0079,EMP0141,Client meeting
TS000484,EMP0079,PRJ0026,2021-08-16,10,8.4,0,Yes,Approved,EMP0079,EMP0088,On-site work
TS000485,EMP0079,PRJ0026,2021-07-26,10,12,2,No,Approved,EMP0079,EMP0041,Overtime due to deadline
TS000486,EMP0147,PRJ0033,2022-02-26,10,10.6,0.6,Yes,Draft,EMP0147,EMP0052,On-site work
TS000487,EMP0147,PRJ0033,2022-02-05,10,10.9,0.9,No,Submitted,EMP0147,EMP0024,On-site work
TS000488,EMP0147,PRJ0033,2022-02-20,10,9.1,0,Yes,Approved,EMP0147,EMP0043,
TS000489,EMP0086,PRJ0054,2024-02-04,20,16.6,0,No,Approved,EMP0086,EMP0024,On-site work
TS000490,EMP0086,PRJ0054,2023-11-19,20,16.6,0,Yes,Approved,EMP0086,EMP0034,Client meeting
TS000491,EMP0086,PRJ0054,2023-12-22,20,16.8,0,Yes,Approved,EMP0086,EMP0031,Overtime due to deadline
TS000492,EMP0094,PRJ0005,2023-02-16,10,9.8,0,Yes,Approved,EMP0094,EMP0099,
TS000493,EMP0094,PRJ0005,2023-02-26,10,10.2,0.2,Yes,Approved,EMP0094,EMP0098,
TS000494,EMP0094,PRJ0005,2023-02-03,10,9.3,0,No,Approved,EMP0094,EMP0136,Client meeting
TS000495,EMP0022,PRJ0035,2022-04-12,40,37.2,0,Yes,Approved,EMP0022,EMP0039,Overtime due to deadline
TS000496,EMP0022,PRJ0035,2022-09-14,40,37.7,0,Yes,Submitted,EMP0022,EMP0023,
TS000497,EMP0022,PRJ0035,2022-05-15,40,40.1,0.1,Yes,Draft,EMP0022,EMP0081,
TS000498,EMP0053,PRJ0040,2023-08-10,10,8,0,Yes,Approved,EMP0053,EMP0142,Client meeting
TS000499,EMP0053,PRJ0040,2023-09-02,10,9.8,0,No,Approved,EMP0053,EMP0078,
TS000500,EMP0053,PRJ0040,2023-08-28,10,8.8,0,Yes,Approved,EMP0053,EMP0101,
TS000501,EMP0083,PRJ0030,2024-01-15,30,31.7,1.7,Yes,Approved,EMP0083,EMP0062,Overtime due to deadline
TS000502,EMP0083,PRJ0030,2024-01-18,30,22.2,0,Yes,Draft,EMP0083,EMP0093,
TS000503,EMP0083,PRJ0030,2024-01-25,30,23.5,0,Yes,Approved,EMP0083,EMP0045,Overtime due to deadline
TS000504,EMP0005,PRJ0035,2021-04-16,30,35.6,5.6,Yes,Approved,EMP0005,EMP0068,
TS000505,EMP0005,PRJ0035,2021-04-14,30,39.7,9.7,Yes,Approved,EMP0005,EMP0129,Overtime due to deadline
TS000506,EMP0005,PRJ0035,2021-05-09,30,24.9,0,Yes,Approved,EMP0005,EMP0138,Client meeting
TS000507,EMP0085,PRJ0004,2024-11-26,30,31.1,1.1,Yes,Draft,EMP0085,EMP0040,Client meeting
TS000508,EMP0085,PRJ0004,2024-10-20,30,31.5,1.5,Yes,Approved,EMP0085,EMP0017,
TS000509,EMP0085,PRJ0004,2024-12-07,30,19.7,0,Yes,Approved,EMP0085,EMP0112,
TS000510,EMP0096,PRJ0008,2022-04-04,30,34.3,4.3,Yes,Approved,EMP0096,EMP0045,
TS000511,EMP0096,PRJ0008,2022-03-06,30,28.2,0,Yes,Draft,EMP0096,EMP0134,Client meeting
TS000512,EMP0096,PRJ0008,2022-03-22,30,23.2,0,Yes,Approved,EMP0096,EMP0069,On-site work
TS000513,EMP0033,PRJ0047,2024-12-04,30,30.1,0.1,No,Approved,EMP0033,EMP0017,
TS000514,EMP0033,PRJ0047,2024-12-23,30,28.9,0,No,Approved,EMP0033,EMP0128,Overtime due to deadline
TS000515,EMP0033,PRJ0047,2024-12-17,30,26.6,0,Yes,Approved,EMP0033,EMP0066,
TS000516,EMP0039,PRJ0045,2022-01-18,30,34.1,4.1,Yes,Approved,EMP0039,EMP0131,
TS000517,EMP0039,PRJ0045,2021-04-22,30,30.4,0.4,Yes,Approved,EMP0039,EMP0039,
TS000518,EMP0039,PRJ0045,2021-04-18,30,29.5,0,Yes,Draft,EMP0039,EMP0108,
TS000519,EMP0083,PRJ0001,2022-03-09,10,10,0,Yes,Submitted,EMP0083,EMP0147,
TS000520,EMP0083,PRJ0001,2022-02-11,10,13.3,3.3,Yes,Draft,EMP0083,EMP0046,
TS000521,EMP0083,PRJ0001,2022-04-03,10,13.7,3.7,Yes,Approved,EMP0083,EMP0073,
TS000522,EMP0025,PRJ0024,2023-05-07,30,28.7,0,Yes,Approved,EMP0025,EMP0095,
TS000523,EMP0025,PRJ0024,2023-04-19,30,26.5,0,Yes,Approved,EMP0025,EMP0127,
TS000524,EMP0025,PRJ0024,2023-08-27,30,28.5,0,No,Approved,EMP0025,EMP0002,Overtime due to deadline
TS000525,EMP0095,PRJ0037,2022-01-02,10,10.1,0.1,No,Submitted,EMP0095,EMP0086,
TS000526,EMP0095,PRJ0037,2022-07-01,10,11.4,1.4,No,Submitted,EMP0095,EMP0027,
TS000527,EMP0095,PRJ0037,2022-09-18,10,11.6,1.6,No,Draft,EMP0095,EMP0037,On-site work
TS000528,EMP0113,PRJ0008,2023-08-17,30,29.5,0,Yes,Draft,EMP0113,EMP0134,Overtime due to deadline
TS000529,EMP0113,PRJ0008,2023-12-03,30,33.9,3.9,Yes,Approved,EMP0113,EMP0130,
TS000530,EMP0113,PRJ0008,2023-11-17,30,27,0,No,Approved,EMP0113,EMP0146,
TS000531,EMP0056,PRJ0025,2021-05-30,10,9.6,0,Yes,Submitted,EMP0056,EMP0101,On-site work
TS000532,EMP0056,PRJ0025,2021-05-16,10,9.3,0,Yes,Approved,EMP0056,EMP0020,
TS000533,EMP0056,PRJ0025,2021-04-22,10,10.4,0.4,Yes,Approved,EMP0056,EMP0120,
TS000534,EMP0121,PRJ0050,2021-07-28,20,16.1,0,Yes,Approved,EMP0121,EMP0054,Overtime due to deadline
TS000535,EMP0121,PRJ0050,2021-06-07,20,14.3,0,Yes,Submitted,EMP0121,EMP0078,On-site work
TS000536,EMP0121,PRJ0050,2021-01-21,20,21.3,1.3,Yes,Submitted,EMP0121,EMP0038,
TS000537,EMP0012,PRJ0043,2022-08-24,30,30,0,Yes,Approved,EMP0012,EMP0067,
TS000538,EMP0012,PRJ0043,2022-05-28,30,34.2,4.2,No,Submitted,EMP0012,EMP0143,On-site work
TS000539,EMP0012,PRJ0043,2022-08-03,30,30,0,No,Approved,EMP0012,EMP0004,
TS000540,EMP0138,PRJ0013,2023-05-19,30,35,5,Yes,Submitted,EMP0138,EMP0096,On-site work
TS000541,EMP0138,PRJ0013,2023-04-14,30,27,0,No,Approved,EMP0138,EMP0017,
TS000542,EMP0138,PRJ0013,2023-07-15,30,28.3,0,No,Approved,EMP0138,EMP0085,
TS000543,EMP0032,PRJ0031,2024-04-22,10,10.5,0.5,No,Approved,EMP0032,EMP0102,Overtime due to deadline
TS000544,EMP0032,PRJ0031,2024-04-16,10,9.8,0,Yes,Approved,EMP0032,EMP0091,
TS000545,EMP0032,PRJ0031,2024-07-05,10,9.7,0,Yes,Approved,EMP0032,EMP0063,On-site work
TS000546,EMP0108,PRJ0022,2021-06-18,10,11.6,1.6,Yes,Submitted,EMP0108,EMP0123,
TS000547,EMP0108,PRJ0022,2021-06-05,10,9.8,0,Yes,Submitted,EMP0108,EMP0135,
TS000548,EMP0108,PRJ0022,2021-07-10,10,10.8,0.8,No,Approved,EMP0108,EMP0005,Overtime due to deadline
TS000549,EMP0026,PRJ0056,2022-12-04,40,38.4,0,No,Approved,EMP0026,EMP0145,Client meeting
TS000550,EMP0026,PRJ0056,2022-10-06,40,33.3,0,Yes,Approved,EMP0026,EMP0082,Client meeting
TS000551,EMP0026,PRJ0056,2022-09-23,40,50.8,10.8,Yes,Submitted,EMP0026,EMP0121,Client meeting
TS000552,EMP0098,PRJ0008,2022-03-02,20,21,1,No,Draft,EMP0098,EMP0041,
TS000553,EMP0098,PRJ0008,2022-01-04,20,18.7,0,No,Draft,EMP0098,EMP0015,
TS000554,EMP0098,PRJ0008,2022-03-17,20,18,0,Yes,Submitted,EMP0098,EMP0045,
TS000555,EMP0004,PRJ0012,2022-01-07,20,15.5,0,Yes,Draft,EMP0004,EMP0008,On-site work
TS000556,EMP0004,PRJ0012,2022-03-07,20,17,0,No,Approved,EMP0004,EMP0145,
TS000557,EMP0004,PRJ0012,2022-05-18,20,18.2,0,Yes,Approved,EMP0004,EMP0057,
TS000558,EMP0066,PRJ0023,2021-08-08,20,19.5,0,Yes,Approved,EMP0066,EMP0052,
TS000559,EMP0066,PRJ0023,2021-06-22,20,18.6,0,No,Approved,EMP0066,EMP0006,
TS000560,EMP0066,PRJ0023,2021-08-24,20,13.4,0,Yes,Approved,EMP0066,EMP0029,Client meeting
TS000561,EMP0084,PRJ0041,2024-10-14,40,45.6,5.6,No,Approved,EMP0084,EMP0026,
TS000562,EMP0084,PRJ0041,2024-09-12,40,38.6,0,Yes,Draft,EMP0084,EMP0112,On-site work
TS000563,EMP0084,PRJ0041,2024-12-16,40,37.8,0,No,Approved,EMP0084,EMP0092,
TS000564,EMP0058,PRJ0006,2022-05-08,10,9.3,0,Yes,Approved,EMP0058,EMP0079,On-site work
TS000565,EMP0058,PRJ0006,2022-05-11,10,9.7,0,Yes,Submitted,EMP0058,EMP0147,Overtime due to deadline
TS000566,EMP0058,PRJ0006,2022-05-21,10,10.9,0.9,No,Approved,EMP0058,EMP0082,Client meeting
TS000567,EMP0031,PRJ0013,2021-07-28,20,19.1,0,Yes,Approved,EMP0031,EMP0020,
TS000568,EMP0031,PRJ0013,2021-08-29,20,18.9,0,No,Approved,EMP0031,EMP0023,On-site work
TS000569,EMP0031,PRJ0013,2021-11-20,20,16,0,Yes,Approved,EMP0031,EMP0064,On-site work
TS000570,EMP0051,PRJ0017,2024-12-21,40,30.4,0,Yes,Submitted,EMP0051,EMP0001,
TS000571,EMP0100,PRJ0009,2024-08-29,20,17.1,0,Yes,Approved,EMP0100,EMP0097,
TS000572,EMP0100,PRJ0009,2024-10-09,20,21.2,1.2,Yes,Submitted,EMP0100,EMP0148,On-site work
TS000573,EMP0100,PRJ0009,2024-12-03,20,19.3,0,Yes,Submitted,EMP0100,EMP0076,
TS000574,EMP0097,PRJ0012,2021-11-20,20,18.3,0,Yes,Approved,EMP0097,EMP0088,
TS000575,EMP0097,PRJ0012,2021-12-19,20,20.6,0.6,No,Draft,EMP0097,EMP0087,Client meeting
TS000576,EMP0097,PRJ0012,2022-04-20,20,21,1,No,Submitted,EMP0097,EMP0111,On-site work
TS000577,EMP0071,PRJ0056,2022-06-18,40,35,0,Yes,Approved,EMP0071,EMP0049,Overtime due to deadline
TS000578,EMP0071,PRJ0056,2022-07-05,40,36,0,Yes,Draft,EMP0071,EMP0139,
TS000579,EMP0071,PRJ0056,2022-07-04,40,39.1,0,Yes,Approved,EMP0071,EMP0126,
TS000580,EMP0020,PRJ0054,2022-09-16,10,11.1,1.1,Yes,Approved,EMP0020,EMP0076,On-site work
TS000581,EMP0020,PRJ0054,2023-07-06,10,9.2,0,Yes,Approved,EMP0020,EMP0075,
TS000582,EMP0020,PRJ0054,2023-04-19,10,9.4,0,No,Approved,EMP0020,EMP0102,Overtime due to deadline
TS000583,EMP0034,PRJ0001,2023-08-11,30,32.8,2.8,Yes,Approved,EMP0034,EMP0095,Overtime due to deadline
TS000584,EMP0034,PRJ0001,2023-06-11,30,27.8,0,Yes,Approved,EMP0034,EMP0113,Overtime due to deadline
TS000585,EMP0034,PRJ0001,2023-04-17,30,30.5,0.5,Yes,Submitted,EMP0034,EMP0025,
TS000586,EMP0143,PRJ0019,2022-09-08,30,33.5,3.5,No,Approved,EMP0143,EMP0059,Client meeting
TS000587,EMP0143,PRJ0019,2022-06-27,30,34.5,4.5,Yes,Approved,EMP0143,EMP0122,Client meeting
TS000588,EMP0143,PRJ0019,2022-08-11,30,23,0,Yes,Approved,EMP0143,EMP0009,Client meeting
TS000589,EMP0052,PRJ0028,2021-09-30,40,48.7,8.7,Yes,Approved,EMP0052,EMP0031,Overtime due to deadline
TS000590,EMP0052,PRJ0028,2021-06-20,40,33.7,0,No,Approved,EMP0052,EMP0055,
TS000591,EMP0052,PRJ0028,2021-06-08,40,42.3,2.3,Yes,Approved,EMP0052,EMP0038,Client meeting
TS000592,EMP0133,PRJ0007,2022-04-25,20,20.3,0.3,Yes,Submitted,EMP0133,EMP0018,
TS000593,EMP0133,PRJ0007,2022-05-28,20,16.4,0,No,Approved,EMP0133,EMP0004,On-site work
TS000594,EMP0133,PRJ0007,2022-07-27,20,18.7,0,Yes,Submitted,EMP0133,EMP0029,Overtime due to deadline
TS000595,EMP0061,PRJ0014,2024-12-01,40,44.8,4.8,No,Draft,EMP0061,EMP0028,Client meeting
TS000596,EMP0061,PRJ0014,2024-11-28,40,46.4,6.4,No,Submitted,EMP0061,EMP0089,Overtime due to deadline
TS000597,EMP0061,PRJ0014,2024-12-08,40,34.9,0,Yes,Approved,EMP0061,EMP0071,Overtime due to deadline
TS000598,EMP0071,PRJ0005,2023-09-08,10,11.2,1.2,Yes,Approved,EMP0071,EMP0103,
TS000599,EMP0071,PRJ0005,2024-01-15,10,11,1,Yes,Submitted,EMP0071,EMP0069,
TS000600,EMP0071,PRJ0005,2023-07-07,10,9.1,0,Yes,Submitted,EMP0071,EMP0080,
TS000601,EMP0008,PRJ0044,2021-08-10,30,23.1,0,Yes,Submitted,EMP0008,EMP0035,
TS000602,EMP0008,PRJ0044,2021-07-16,30,30.4,0.4,Yes,Submitted,EMP0008,EMP0069,On-site work
TS000603,EMP0008,PRJ0044,2021-04-23,30,28.5,0,Yes,Draft,EMP0008,EMP0105,On-site work
TS000604,EMP0095,PRJ0035,2022-02-19,30,28.8,0,No,Submitted,EMP0095,EMP0015,Client meeting
TS000605,EMP0095,PRJ0035,2021-11-27,30,36.5,6.5,Yes,Submitted,EMP0095,EMP0135,Client meeting
TS000606,EMP0095,PRJ0035,2021-10-25,30,32.8,2.8,Yes,Submitted,EMP0095,EMP0052,
TS000607,EMP0131,PRJ0048,2022-09-08,40,41.9,1.9,Yes,Approved,EMP0131,EMP0095,Overtime due to deadline
TS000608,EMP0131,PRJ0048,2023-01-17,40,40.4,0.4,Yes,Draft,EMP0131,EMP0008,
TS000609,EMP0131,PRJ0048,2022-11-10,40,33.5,0,No,Approved,EMP0131,EMP0142,
TS000610,EMP0097,PRJ0006,2022-04-10,30,30.3,0.3,Yes,Submitted,EMP0097,EMP0024,
TS000611,EMP0097,PRJ0006,2021-10-30,30,28,0,Yes,Draft,EMP0097,EMP0057,On-site work
TS000612,EMP0097,PRJ0006,2022-02-08,30,31.8,1.8,Yes,Approved,EMP0097,EMP0105,Client meeting
TS000613,EMP0125,PRJ0040,2021-01-15,10,12.6,2.6,Yes,Approved,EMP0125,EMP0034,On-site work
TS000614,EMP0125,PRJ0040,2021-04-03,10,7.1,0,Yes,Approved,EMP0125,EMP0065,Client meeting
TS000615,EMP0125,PRJ0040,2021-06-10,10,9.5,0,Yes,Submitted,EMP0125,EMP0090,Overtime due to deadline
TS000616,EMP0053,PRJ0003,2024-12-17,10,7.7,0,Yes,Approved,EMP0053,EMP0134,Client meeting
TS000617,EMP0053,PRJ0003,2024-12-21,10,9.8,0,No,Draft,EMP0053,EMP0096,Client meeting
TS000618,EMP0053,PRJ0003,2024-12-18,10,9.9,0,Yes,Approved,EMP0053,EMP0017,
TS000619,EMP0033,PRJ0037,2022-08-06,30,24.3,0,Yes,Submitted,EMP0033,EMP0077,
TS000620,EMP0033,PRJ0037,2022-07-05,30,23.1,0,Yes,Approved,EMP0033,EMP0015,Client meeting
TS000621,EMP0033,PRJ0037,2022-09-08,30,26.4,0,Yes,Approved,EMP0033,EMP0076,
TS000622,EMP0064,PRJ0025,2023-09-16,40,32.3,0,Yes,Approved,EMP0064,EMP0010,Client meeting
TS000623,EMP0064,PRJ0025,2023-08-21,40,51,11,Yes,Submitted,EMP0064,EMP0137,On-site work
TS000624,EMP0064,PRJ0025,2023-08-31,40,39.6,0,Yes,Draft,EMP0064,EMP0092,Client meeting
TS000625,EMP0026,PRJ0059,2022-04-21,40,46.5,6.5,No,Approved,EMP0026,EMP0025,Overtime due to deadline
TS000626,EMP0026,PRJ0059,2022-03-30,40,30.5,0,Yes,Submitted,EMP0026,EMP0144,
TS000627,EMP0026,PRJ0059,2022-06-09,40,47.1,7.1,Yes,Approved,EMP0026,EMP0079,Overtime due to deadline
TS000628,EMP0133,PRJ0026,2022-08-13,40,34.8,0,Yes,Approved,EMP0133,EMP0119,
TS000629,EMP0133,PRJ0026,2022-09-18,40,48,8,Yes,Approved,EMP0133,EMP0121,
TS000630,EMP0133,PRJ0026,2022-09-26,40,42.8,2.8,Yes,Approved,EMP0133,EMP0136,
TS000631,EMP0079,PRJ0032,2021-04-10,10,12.8,2.8,Yes,Approved,EMP0079,EMP0105,Client meeting
TS000632,EMP0079,PRJ0032,2021-06-11,10,11,1,No,Approved,EMP0079,EMP0081,On-site work
TS000633,EMP0079,PRJ0032,2021-03-12,10,10.3,0.3,Yes,Approved,EMP0079,EMP0015,
TS000634,EMP0022,PRJ0019,2022-09-27,30,24.9,0,Yes,Submitted,EMP0022,EMP0044,Client meeting
TS000635,EMP0022,PRJ0019,2022-04-30,30,22.4,0,Yes,Approved,EMP0022,EMP0110,Overtime due to deadline
TS000636,EMP0022,PRJ0019,2022-09-15,30,30.5,0.5,No,Approved,EMP0022,EMP0010,Client meeting
TS000637,EMP0049,PRJ0058,2024-07-14,30,28.7,0,No,Submitted,EMP0049,EMP0136,
TS000638,EMP0049,PRJ0058,2024-06-21,30,19.1,0,Yes,Approved,EMP0049,EMP0064,
TS000639,EMP0049,PRJ0058,2024-09-15,30,32.8,2.8,Yes,Approved,EMP0049,EMP0079,
TS000640,EMP0114,PRJ0011,2023-12-18,20,18.2,0,No,Approved,EMP0114,EMP0075,Overtime due to deadline
TS000641,EMP0114,PRJ0011,2024-08-07,20,17.8,0,No,Draft,EMP0114,EMP0088,Overtime due to deadline
TS000642,EMP0114,PRJ0011,2024-05-16,20,18.4,0,No,Approved,EMP0114,EMP0104,
TS000643,EMP0131,PRJ0008,2023-04-16,30,32.1,2.1,Yes,Approved,EMP0131,EMP0130,
TS000644,EMP0131,PRJ0008,2023-02-22,30,42.9,12.9,Yes,Approved,EMP0131,EMP0010,Overtime due to deadline
TS000645,EMP0131,PRJ0008,2023-11-13,30,29.8,0,Yes,Draft,EMP0131,EMP0028,On-site work
TS000646,EMP0098,PRJ0001,2022-09-04,20,23.7,3.7,Yes,Approved,EMP0098,EMP0114,Overtime due to deadline
TS000647,EMP0098,PRJ0001,2022-10-27,20,16.7,0,Yes,Approved,EMP0098,EMP0003,
TS000648,EMP0098,PRJ0001,2023-03-28,20,19,0,Yes,Approved,EMP0098,EMP0070,Client meeting
TS000649,EMP0119,PRJ0019,2022-09-25,40,28.8,0,Yes,Approved,EMP0119,EMP0073,
TS000650,EMP0119,PRJ0019,2022-09-23,40,46.3,6.3,Yes,Approved,EMP0119,EMP0068,Client meeting
TS000651,EMP0119,PRJ0019,2022-09-29,40,36.1,0,Yes,Approved,EMP0119,EMP0054,On-site work
TS000652,EMP0099,PRJ0018,2024-05-19,20,22.4,2.4,Yes,Approved,EMP0099,EMP0023,
TS000653,EMP0099,PRJ0018,2024-05-22,20,20.8,0.8,Yes,Submitted,EMP0099,EMP0026,
TS000654,EMP0099,PRJ0018,2024-03-16,20,21.1,1.1,Yes,Draft,EMP0099,EMP0068,Overtime due to deadline
TS000655,EMP0087,PRJ0032,2023-12-19,20,21.5,1.5,Yes,Approved,EMP0087,EMP0081,Overtime due to deadline
TS000656,EMP0087,PRJ0032,2024-01-05,20,21.1,1.1,Yes,Submitted,EMP0087,EMP0012,
TS000657,EMP0087,PRJ0032,2024-01-11,20,19,0,Yes,Approved,EMP0087,EMP0069,On-site work
TS000658,EMP0073,PRJ0060,2021-09-30,30,27.6,0,Yes,Approved,EMP0073,EMP0030,Overtime due to deadline
TS000659,EMP0073,PRJ0060,2021-10-20,30,33.5,3.5,Yes,Submitted,EMP0073,EMP0108,On-site work
TS000660,EMP0073,PRJ0060,2021-10-05,30,29.2,0,Yes,Approved,EMP0073,EMP0016,
TS000661,EMP0104,PRJ0035,2024-01-17,20,16.5,0,No,Approved,EMP0104,EMP0047,Client meeting
TS000662,EMP0104,PRJ0035,2024-06-06,20,22,2,No,Approved,EMP0104,EMP0034,Overtime due to deadline
TS000663,EMP0104,PRJ0035,2024-07-31,20,22.3,2.3,Yes,Approved,EMP0104,EMP0081,
TS000664,EMP0064,PRJ0038,2022-05-05,40,44,4,No,Approved,EMP0064,EMP0145,
TS000665,EMP0064,PRJ0038,2022-04-23,40,30.9,0,Yes,Approved,EMP0064,EMP0064,Overtime due to deadline
TS000666,EMP0064,PRJ0038,2022-04-24,40,38.9,0,Yes,Approved,EMP0064,EMP0039,Client meeting
TS000667,EMP0101,PRJ0045,2022-02-15,40,42,2,Yes,Approved,EMP0101,EMP0121,Overtime due to deadline
TS000668,EMP0101,PRJ0045,2022-02-12,40,39.8,0,Yes,Submitted,EMP0101,EMP0083,
TS000669,EMP0101,PRJ0045,2021-12-05,40,41.9,1.9,Yes,Approved,EMP0101,EMP0104,
TS000670,EMP0139,PRJ0046,2021-12-09,10,9.9,0,Yes,Submitted,EMP0139,EMP0115,
TS000671,EMP0139,PRJ0046,2022-07-12,10,9.3,0,Yes,Approved,EMP0139,EMP0027,Overtime due to deadline
TS000672,EMP0139,PRJ0046,2022-05-29,10,10.2,0.2,Yes,Approved,EMP0139,EMP0024,Client meeting
TS000673,EMP0036,PRJ0038,2023-02-03,40,31.8,0,Yes,Approved,EMP0036,EMP0117,
TS000674,EMP0036,PRJ0038,2022-11-30,40,30.4,0,No,Submitted,EMP0036,EMP0117,
TS000675,EMP0036,PRJ0038,2023-01-19,40,40.9,0.9,Yes,Approved,EMP0036,EMP0116,
TS000676,EMP0091,PRJ0051,2022-07-04,30,23.9,0,No,Approved,EMP0091,EMP0088,
TS000677,EMP0091,PRJ0051,2023-01-08,30,24.6,0,Yes,Approved,EMP0091,EMP0028,
TS000678,EMP0091,PRJ0051,2023-01-25,30,24,0,Yes,Approved,EMP0091,EMP0105,
TS000679,EMP0004,PRJ0056,2022-06-08,10,9.3,0,No,Approved,EMP0004,EMP0118,
TS000680,EMP0004,PRJ0056,2022-07-21,10,9.4,0,Yes,Approved,EMP0004,EMP0032,Overtime due to deadline
TS000681,EMP0004,PRJ0056,2022-09-20,10,8,0,Yes,Approved,EMP0004,EMP0136,On-site work
TS000682,EMP0139,PRJ0027,2023-11-11,40,27.4,0,Yes,Approved,EMP0139,EMP0150,Overtime due to deadline
TS000683,EMP0139,PRJ0027,2024-03-08,40,42.6,2.6,Yes,Approved,EMP0139,EMP0033,
TS000684,EMP0139,PRJ0027,2024-02-06,40,27.1,0,Yes,Approved,EMP0139,EMP0083,Client meeting
TS000685,EMP0150,PRJ0012,2024-03-14,30,24.6,0,Yes,Approved,EMP0150,EMP0102,
TS000686,EMP0150,PRJ0012,2024-01-28,30,33,3,Yes,Approved,EMP0150,EMP0106,Client meeting
TS000687,EMP0150,PRJ0012,2024-05-19,30,27.9,0,No,Submitted,EMP0150,EMP0142,On-site work
TS000688,EMP0030,PRJ0053,2024-09-09,40,48.9,8.9,Yes,Approved,EMP0030,EMP0075,On-site work
TS000689,EMP0030,PRJ0053,2024-10-12,40,42.8,2.8,Yes,Draft,EMP0030,EMP0046,Client meeting
TS000690,EMP0030,PRJ0053,2024-12-01,40,38.5,0,Yes,Approved,EMP0030,EMP0030,
TS000691,EMP0083,PRJ0059,2023-04-08,20,13.8,0,Yes,Approved,EMP0083,EMP0137,
TS000692,EMP0083,PRJ0059,2023-03-10,20,16.4,0,No,Approved,EMP0083,EMP0007,Overtime due to deadline
TS000693,EMP0083,PRJ0059,2022-10-19,20,21,1,Yes,Submitted,EMP0083,EMP0074,On-site work
TS000694,EMP0127,PRJ0008,2024-07-11,30,30.5,0.5,Yes,Approved,EMP0127,EMP0076,
TS000695,EMP0127,PRJ0008,2024-12-07,30,38.1,8.1,Yes,Submitted,EMP0127,EMP0144,
TS000696,EMP0127,PRJ0008,2024-12-17,30,31.7,1.7,Yes,Approved,EMP0127,EMP0074,On-site work
TS000697,EMP0021,PRJ0041,2021-09-13,30,34,4,No,Draft,EMP0021,EMP0081,Client meeting
TS000698,EMP0021,PRJ0041,2021-09-13,30,28,0,Yes,Approved,EMP0021,EMP0114,
TS000699,EMP0021,PRJ0041,2021-10-24,30,30.2,0.2,Yes,Submitted,EMP0021,EMP0050,
TS000700,EMP0059,PRJ0026,2023-04-19,40,32.5,0,Yes,Approved,EMP0059,EMP0048,
TS000701,EMP0059,PRJ0026,2023-05-23,40,41.3,1.3,Yes,Approved,EMP0059,EMP0042,Client meeting
TS000702,EMP0059,PRJ0026,2023-01-10,40,41.2,1.2,Yes,Approved,EMP0059,EMP0040,
TS000703,EMP0042,PRJ0038,2021-08-25,30,35.5,5.5,No,Approved,EMP0042,EMP0078,Overtime due to deadline
TS000704,EMP0042,PRJ0038,2021-12-10,30,27.4,0,Yes,Approved,EMP0042,EMP0082,Client meeting
TS000705,EMP0042,PRJ0038,2021-09-11,30,35.3,5.3,No,Approved,EMP0042,EMP0140,Client meeting
TS000706,EMP0012,PRJ0047,2021-12-08,30,28.5,0,Yes,Approved,EMP0012,EMP0055,On-site work
TS000707,EMP0012,PRJ0047,2021-11-19,30,28.2,0,No,Approved,EMP0012,EMP0122,Client meeting
TS000708,EMP0012,PRJ0047,2022-03-25,30,33.3,3.3,No,Approved,EMP0012,EMP0030,On-site work
TS000709,EMP0001,PRJ0036,2022-06-24,10,6.9,0,Yes,Approved,EMP0001,EMP0011,On-site work
TS000710,EMP0001,PRJ0036,2022-06-11,10,11.1,1.1,Yes,Submitted,EMP0001,EMP0030,Overtime due to deadline
TS000711,EMP0001,PRJ0036,2022-05-09,10,8.8,0,No,Submitted,EMP0001,EMP0096,Client meeting
TS000712,EMP0097,PRJ0008,2024-01-02,20,19.4,0,Yes,Approved,EMP0097,EMP0050,
TS000713,EMP0097,PRJ0008,2024-01-03,20,21.2,1.2,No,Submitted,EMP0097,EMP0137,
TS000714,EMP0097,PRJ0008,2024-02-01,20,20.7,0.7,Yes,Approved,EMP0097,EMP0055,On-site work
TS000715,EMP0140,PRJ0009,2024-11-26,30,31.6,1.6,No,Submitted,EMP0140,EMP0112,On-site work
TS000716,EMP0140,PRJ0009,2024-12-21,30,27.4,0,No,Submitted,EMP0140,EMP0040,
TS000717,EMP0140,PRJ0009,2024-11-28,30,29.7,0,Yes,Approved,EMP0140,EMP0065,Client meeting
TS000718,EMP0068,PRJ0059,2022-01-21,10,9.6,0,Yes,Approved,EMP0068,EMP0067,Overtime due to deadline
TS000719,EMP0068,PRJ0059,2022-07-02,10,8.5,0,Yes,Approved,EMP0068,EMP0031,Client meeting
TS000720,EMP0068,PRJ0059,2021-12-19,10,10.5,0.5,Yes,Approved,EMP0068,EMP0150,
TS000721,EMP0130,PRJ0055,2021-08-27,30,32.5,2.5,Yes,Approved,EMP0130,EMP0078,Client meeting
TS000722,EMP0130,PRJ0055,2021-03-23,30,26.5,0,Yes,Draft,EMP0130,EMP0098,Overtime due to deadline
TS000723,EMP0130,PRJ0055,2021-08-17,30,32.6,2.6,Yes,Submitted,EMP0130,EMP0140,
TS000724,EMP0024,PRJ0012,2024-04-07,30,30.5,0.5,Yes,Approved,EMP0024,EMP0096,
TS000725,EMP0024,PRJ0012,2024-03-27,30,31.8,1.8,Yes,Approved,EMP0024,EMP0101,Client meeting
TS000726,EMP0024,PRJ0012,2024-03-27,30,28.2,0,No,Approved,EMP0024,EMP0089,
TS000727,EMP0042,PRJ0007,2024-11-08,40,49.7,9.7,Yes,Approved,EMP0042,EMP0065,
TS000728,EMP0042,PRJ0007,2024-08-24,40,33.5,0,Yes,Submitted,EMP0042,EMP0014,Client meeting
TS000729,EMP0042,PRJ0007,2024-11-21,40,38.6,0,Yes,Approved,EMP0042,EMP0051,On-site work
TS000730,EMP0079,PRJ0052,2023-10-30,40,38.2,0,No,Approved,EMP0079,EMP0061,
TS000731,EMP0079,PRJ0052,2023-09-08,40,30.6,0,Yes,Approved,EMP0079,EMP0079,On-site work
TS000732,EMP0079,PRJ0052,2023-08-06,40,31.2,0,Yes,Approved,EMP0079,EMP0081,Overtime due to deadline
TS000733,EMP0101,PRJ0022,2021-12-07,20,22.3,2.3,Yes,Submitted,EMP0101,EMP0112,
TS000734,EMP0101,PRJ0022,2022-03-15,20,20.1,0.1,Yes,Submitted,EMP0101,EMP0123,Overtime due to deadline
TS000735,EMP0101,PRJ0022,2022-04-28,20,18.4,0,Yes,Approved,EMP0101,EMP0021,
TS000736,EMP0007,PRJ0020,2023-11-15,20,22,2,No,Submitted,EMP0007,EMP0051,
TS000737,EMP0007,PRJ0020,2023-10-30,20,20.9,0.9,Yes,Approved,EMP0007,EMP0130,On-site work
TS000738,EMP0007,PRJ0020,2023-08-01,20,19.2,0,No,Approved,EMP0007,EMP0055,
TS000739,EMP0117,PRJ0049,2022-01-29,20,19.6,0,Yes,Approved,EMP0117,EMP0039,
TS000740,EMP0117,PRJ0049,2021-12-19,20,26.3,6.3,Yes,Submitted,EMP0117,EMP0075,
TS000741,EMP0117,PRJ0049,2022-01-06,20,18.7,0,Yes,Approved,EMP0117,EMP0062,Client meeting
TS000742,EMP0006,PRJ0025,2024-02-05,10,10,0,Yes,Approved,EMP0006,EMP0115,
TS000743,EMP0006,PRJ0025,2023-12-02,10,8.2,0,No,Approved,EMP0006,EMP0124,
TS000744,EMP0006,PRJ0025,2023-11-15,10,9.2,0,Yes,Approved,EMP0006,EMP0017,
TS000745,EMP0002,PRJ0060,2022-09-30,30,30.7,0.7,Yes,Submitted,EMP0002,EMP0100,Overtime due to deadline
TS000746,EMP0002,PRJ0060,2022-11-12,30,36.7,6.7,No,Approved,EMP0002,EMP0083,
TS000747,EMP0002,PRJ0060,2022-12-16,30,27.6,0,Yes,Approved,EMP0002,EMP0146,
TS000748,EMP0031,PRJ0050,2022-11-16,40,36.4,0,Yes,Approved,EMP0031,EMP0020,Client meeting
TS000749,EMP0031,PRJ0050,2022-09-13,40,30.7,0,Yes,Approved,EMP0031,EMP0089,Overtime due to deadline
TS000750,EMP0031,PRJ0050,2023-01-09,40,49.2,9.2,No,Approved,EMP0031,EMP0036,Overtime due to deadline
TS000751,EMP0085,PRJ0006,2024-08-09,40,40.9,0.9,Yes,Approved,EMP0085,EMP0041,
TS000752,EMP0085,PRJ0006,2024-11-29,40,47.2,7.2,Yes,Approved,EMP0085,EMP0059,Overtime due to deadline
TS000753,EMP0085,PRJ0006,2024-09-20,40,38.7,0,Yes,Approved,EMP0085,EMP0042,On-site work
TS000754,EMP0047,PRJ0045,2022-10-08,20,16.6,0,Yes,Approved,EMP0047,EMP0147,Client meeting
TS000755,EMP0047,PRJ0045,2022-08-05,20,22.4,2.4,No,Approved,EMP0047,EMP0043,
TS000756,EMP0047,PRJ0045,2022-08-10,20,22.7,2.7,Yes,Approved,EMP0047,EMP0145,On-site work
TS000757,EMP0009,PRJ0024,2023-01-14,40,47,7,No,Draft,EMP0009,EMP0056,Overtime due to deadline
TS000758,EMP0009,PRJ0024,2023-03-30,40,33.3,0,No,Submitted,EMP0009,EMP0044,
TS000759,EMP0009,PRJ0024,2023-04-28,40,37.2,0,Yes,Submitted,EMP0009,EMP0131,
TS000760,EMP0060,PRJ0053,2023-04-09,10,10.4,0.4,Yes,Approved,EMP0060,EMP0117,Client meeting
TS000761,EMP0060,PRJ0053,2023-11-12,10,11.3,1.3,Yes,Approved,EMP0060,EMP0134,Client meeting
TS000762,EMP0060,PRJ0053,2023-08-16,10,10.6,0.6,No,Approved,EMP0060,EMP0046,Overtime due to deadline
TS000763,EMP0132,PRJ0052,2024-02-12,30,22.5,0,Yes,Submitted,EMP0132,EMP0024,Overtime due to deadline
TS000764,EMP0132,PRJ0052,2024-02-18,30,24.6,0,Yes,Approved,EMP0132,EMP0001,On-site work
TS000765,EMP0132,PRJ0052,2024-02-17,30,25.7,0,No,Approved,EMP0132,EMP0110,
TS000766,EMP0044,PRJ0039,2022-07-20,40,42.6,2.6,No,Approved,EMP0044,EMP0148,
TS000767,EMP0044,PRJ0039,2022-06-21,40,44.6,4.6,Yes,Submitted,EMP0044,EMP0073,Client meeting
TS000768,EMP0044,PRJ0039,2022-06-13,40,45.1,5.1,Yes,Approved,EMP0044,EMP0002,Client meeting
TS000769,EMP0009,PRJ0012,2023-05-31,30,30.4,0.4,Yes,Approved,EMP0009,EMP0081,Overtime due to deadline
TS000770,EMP0009,PRJ0012,2023-04-20,30,30.4,0.4,Yes,Approved,EMP0009,EMP0150,
TS000771,EMP0009,PRJ0012,2023-03-25,30,32.9,2.9,Yes,Approved,EMP0009,EMP0102,
TS000772,EMP0144,PRJ0052,2022-12-08,30,26.3,0,Yes,Approved,EMP0144,EMP0046,
TS000773,EMP0144,PRJ0052,2022-12-27,30,26.8,0,Yes,Approved,EMP0144,EMP0102,On-site work
TS000774,EMP0144,PRJ0052,2022-11-03,30,28.8,0,No,Approved,EMP0144,EMP0059,Overtime due to deadline
TS000775,EMP0041,PRJ0054,2021-06-09,30,34.3,4.3,No,Submitted,EMP0041,EMP0014,
TS000776,EMP0041,PRJ0054,2021-10-04,30,33.2,3.2,No,Approved,EMP0041,EMP0024,
TS000777,EMP0041,PRJ0054,2021-11-15,30,34.3,4.3,Yes,Approved,EMP0041,EMP0021,Client meeting
TS000778,EMP0116,PRJ0060,2022-01-04,10,9.3,0,Yes,Draft,EMP0116,EMP0103,Client meeting
TS000779,EMP0116,PRJ0060,2022-03-24,10,7.7,0,Yes,Draft,EMP0116,EMP0045,On-site work
TS000780,EMP0116,PRJ0060,2022-03-04,10,9.7,0,Yes,Approved,EMP0116,EMP0133,
TS000781,EMP0130,PRJ0043,2024-11-23,40,47.9,7.9,Yes,Approved,EMP0130,EMP0044,On-site work
TS000782,EMP0130,PRJ0043,2024-11-13,40,41.7,1.7,Yes,Approved,EMP0130,EMP0041,
TS000783,EMP0130,PRJ0043,2024-11-28,40,41,1,Yes,Approved,EMP0130,EMP0133,
TS000784,EMP0062,PRJ0016,2024-11-30,20,17.2,0,Yes,Draft,EMP0062,EMP0141,
TS000785,EMP0062,PRJ0016,2024-11-28,20,23.2,3.2,Yes,Draft,EMP0062,EMP0071,
TS000786,EMP0062,PRJ0016,2024-11-13,20,14.2,0,No,Approved,EMP0062,EMP0104,Client meeting
TS000787,EMP0008,PRJ0055,2024-07-18,20,19.8,0,Yes,Approved,EMP0008,EMP0076,
TS000788,EMP0008,PRJ0055,2024-08-01,20,23.1,3.1,No,Draft,EMP0008,EMP0138,Client meeting
TS000789,EMP0008,PRJ0055,2024-08-19,20,17.3,0,Yes,Submitted,EMP0008,EMP0087,Overtime due to deadline
TS000790,EMP0053,PRJ0004,2021-07-01,10,6.3,0,Yes,Approved,EMP0053,EMP0008,Overtime due to deadline
TS000791,EMP0053,PRJ0004,2021-02-06,10,9.9,0,No,Approved,EMP0053,EMP0059,
TS000792,EMP0053,PRJ0004,2021-04-23,10,11.5,1.5,No,Approved,EMP0053,EMP0003,On-site work
TS000793,EMP0022,PRJ0039,2023-07-27,40,39.6,0,Yes,Submitted,EMP0022,EMP0088,
TS000794,EMP0022,PRJ0039,2023-05-16,40,44.9,4.9,No,Approved,EMP0022,EMP0091,
TS000795,EMP0022,PRJ0039,2023-08-11,40,36.6,0,Yes,Draft,EMP0022,EMP0049,Overtime due to deadline
TS000796,EMP0049,PRJ0009,2024-11-08,10,9.6,0,Yes,Submitted,EMP0049,EMP0068,
TS000797,EMP0049,PRJ0009,2024-07-01,10,10.3,0.3,Yes,Approved,EMP0049,EMP0028,
TS000798,EMP0049,PRJ0009,2024-05-24,10,11.1,1.1,Yes,Approved,EMP0049,EMP0002,Client meeting
TS000799,EMP0106,PRJ0009,2021-06-15,40,43.3,3.3,Yes,Submitted,EMP0106,EMP0148,
TS000800,EMP0106,PRJ0009,2022-01-31,40,35.3,0,Yes,Submitted,EMP0106,EMP0131,
TS000801,EMP0106,PRJ0009,2021-12-14,40,41.4,1.4,Yes,Submitted,EMP0106,EMP0123,Client meeting
TS000802,EMP0122,PRJ0018,2024-02-24,40,47.7,7.7,Yes,Approved,EMP0122,EMP0045,Overtime due to deadline
TS000803,EMP0122,PRJ0018,2024-03-17,40,37.9,0,Yes,Approved,EMP0122,EMP0054,Overtime due to deadline
TS000804,EMP0122,PRJ0018,2024-03-12,40,33.7,0,Yes,Approved,EMP0122,EMP0067,
TS000805,EMP0128,PRJ0019,2024-07-10,20,19.8,0,No,Approved,EMP0128,EMP0048,Overtime due to deadline
TS000806,EMP0128,PRJ0019,2024-05-08,20,22.4,2.4,Yes,Submitted,EMP0128,EMP0096,
TS000807,EMP0128,PRJ0019,2024-04-26,20,19.7,0,Yes,Approved,EMP0128,EMP0059,
TS000808,EMP0005,PRJ0014,2023-09-13,20,21.9,1.9,No,Approved,EMP0005,EMP0098,
TS000809,EMP0005,PRJ0014,2023-07-11,20,21.5,1.5,Yes,Approved,EMP0005,EMP0108,Overtime due to deadline
TS000810,EMP0005,PRJ0014,2023-07-05,20,15.3,0,No,Submitted,EMP0005,EMP0133,Client meeting
TS000811,EMP0110,PRJ0043,2024-12-21,20,20.6,0.6,Yes,Approved,EMP0110,EMP0102,
TS000812,EMP0110,PRJ0043,2024-12-18,20,17.5,0,Yes,Submitted,EMP0110,EMP0122,On-site work
TS000813,EMP0131,PRJ0030,2021-09-20,40,34.9,0,Yes,Approved,EMP0131,EMP0066,
TS000814,EMP0131,PRJ0030,2021-09-01,40,41.7,1.7,Yes,Approved,EMP0131,EMP0051,Client meeting
TS000815,EMP0131,PRJ0030,2022-01-21,40,35.6,0,No,Approved,EMP0131,EMP0084,On-site work
TS000816,EMP0129,PRJ0017,2021-03-14,20,17,0,Yes,Submitted,EMP0129,EMP0021,Overtime due to deadline
TS000817,EMP0129,PRJ0017,2021-03-21,20,19,0,Yes,Approved,EMP0129,EMP0087,Overtime due to deadline
TS000818,EMP0129,PRJ0017,2021-03-22,20,24.1,4.1,Yes,Approved,EMP0129,EMP0019,
TS000819,EMP0137,PRJ0041,2024-04-26,30,27.8,0,Yes,Submitted,EMP0137,EMP0102,
TS000820,EMP0137,PRJ0041,2024-09-18,30,33.2,3.2,No,Draft,EMP0137,EMP0134,Overtime due to deadline
TS000821,EMP0137,PRJ0041,2024-09-02,30,34.4,4.4,Yes,Approved,EMP0137,EMP0065,On-site work
TS000822,EMP0084,PRJ0012,2022-07-15,40,50.2,10.2,Yes,Approved,EMP0084,EMP0102,
TS000823,EMP0084,PRJ0012,2022-02-10,40,51.3,11.3,Yes,Approved,EMP0084,EMP0102,Client meeting
TS000824,EMP0084,PRJ0012,2022-07-31,40,44.8,4.8,No,Approved,EMP0084,EMP0040,
TS000825,EMP0041,PRJ0030,2022-08-02,10,11.4,1.4,Yes,Submitted,EMP0041,EMP0114,On-site work
TS000826,EMP0041,PRJ0030,2022-07-17,10,9.4,0,Yes,Submitted,EMP0041,EMP0008,
TS000827,EMP0041,PRJ0030,2022-08-03,10,7.9,0,No,Approved,EMP0041,EMP0139,
TS000828,EMP0063,PRJ0057,2023-01-13,10,12.6,2.6,Yes,Draft,EMP0063,EMP0139,
TS000829,EMP0063,PRJ0057,2023-01-24,10,8.3,0,Yes,Approved,EMP0063,EMP0135,On-site work
TS000830,EMP0063,PRJ0057,2023-02-05,10,8.8,0,Yes,Draft,EMP0063,EMP0124,Client meeting
TS000831,EMP0144,PRJ0051,2024-02-29,40,42.2,2.2,Yes,Approved,EMP0144,EMP0078,
TS000832,EMP0144,PRJ0051,2024-02-15,40,33.9,0,Yes,Submitted,EMP0144,EMP0035,
TS000833,EMP0144,PRJ0051,2024-03-04,40,39.2,0,No,Draft,EMP0144,EMP0123,
TS000834,EMP0061,PRJ0024,2021-07-05,10,10,0,No,Submitted,EMP0061,EMP0060,
TS000835,EMP0061,PRJ0024,2022-04-07,10,8.9,0,Yes,Approved,EMP0061,EMP0042,On-site work
TS000836,EMP0061,PRJ0024,2022-01-16,10,11.1,1.1,No,Approved,EMP0061,EMP0021,Overtime due to deadline
TS000837,EMP0069,PRJ0043,2024-12-04,40,29.3,0,Yes,Approved,EMP0069,EMP0070,
TS000838,EMP0069,PRJ0043,2024-12-23,40,38.9,0,No,Approved,EMP0069,EMP0018,
TS000839,EMP0069,PRJ0043,2024-11-27,40,37.9,0,Yes,Approved,EMP0069,EMP0126,
TS000840,EMP0087,PRJ0001,2021-03-03,40,48.3,8.3,Yes,Approved,EMP0087,EMP0137,
TS000841,EMP0087,PRJ0001,2021-02-22,40,44.8,4.8,Yes,Approved,EMP0087,EMP0003,
TS000842,EMP0087,PRJ0001,2021-02-16,40,39.2,0,Yes,Approved,EMP0087,EMP0088,Overtime due to deadline
TS000843,EMP0110,PRJ0018,2024-10-24,10,10.4,0.4,Yes,Approved,EMP0110,EMP0009,
TS000844,EMP0110,PRJ0018,2024-09-25,10,8.3,0,No,Draft,EMP0110,EMP0015,
TS000845,EMP0110,PRJ0018,2024-12-23,10,8.5,0,Yes,Submitted,EMP0110,EMP0065,Overtime due to deadline
TS000846,EMP0122,PRJ0043,2021-06-03,20,22.3,2.3,Yes,Submitted,EMP0122,EMP0064,Overtime due to deadline
TS000847,EMP0122,PRJ0043,2022-01-09,20,20.2,0.2,Yes,Submitted,EMP0122,EMP0025,Client meeting
TS000848,EMP0122,PRJ0043,2022-05-03,20,29.7,9.7,No,Approved,EMP0122,EMP0080,
TS000849,EMP0083,PRJ0015,2022-09-02,10,9.7,0,No,Approved,EMP0083,EMP0065,Overtime due to deadline
TS000850,EMP0083,PRJ0015,2022-09-20,10,9.7,0,Yes,Submitted,EMP0083,EMP0056,
TS000851,EMP0083,PRJ0015,2022-09-12,10,9.1,0,Yes,Approved,EMP0083,EMP0031,Overtime due to deadline
TS000852,EMP0084,PRJ0055,2023-02-13,30,27,0,Yes,Draft,EMP0084,EMP0149,On-site work
TS000853,EMP0084,PRJ0055,2023-01-03,30,29,0,No,Approved,EMP0084,EMP0128,
TS000854,EMP0084,PRJ0055,2023-01-30,30,27.6,0,Yes,Draft,EMP0084,EMP0016,
TS000855,EMP0067,PRJ0041,2021-06-02,20,17.1,0,No,Approved,EMP0067,EMP0060,
TS000856,EMP0067,PRJ0041,2021-07-23,20,16.3,0,No,Submitted,EMP0067,EMP0113,On-site work
TS000857,EMP0067,PRJ0041,2021-04-21,20,22.9,2.9,Yes,Approved,EMP0067,EMP0011,Overtime due to deadline
TS000858,EMP0048,PRJ0004,2021-10-16,10,10.2,0.2,Yes,Approved,EMP0048,EMP0126,
TS000859,EMP0048,PRJ0004,2021-11-01,10,10.5,0.5,Yes,Approved,EMP0048,EMP0142,
TS000860,EMP0048,PRJ0004,2021-08-29,10,11.3,1.3,Yes,Approved,EMP0048,EMP0068,Client meeting
TS000861,EMP0059,PRJ0060,2021-09-06,20,15,0,Yes,Submitted,EMP0059,EMP0005,Client meeting
TS000862,EMP0059,PRJ0060,2021-09-05,20,21.5,1.5,No,Approved,EMP0059,EMP0017,On-site work
TS000863,EMP0059,PRJ0060,2021-12-03,20,20.8,0.8,Yes,Submitted,EMP0059,EMP0040,Client meeting
TS000864,EMP0090,PRJ0013,2022-01-07,40,36.5,0,Yes,Approved,EMP0090,EMP0029,
TS000865,EMP0090,PRJ0013,2022-05-10,40,39,0,No,Approved,EMP0090,EMP0009,
TS000866,EMP0090,PRJ0013,2021-10-09,40,38.5,0,Yes,Approved,EMP0090,EMP0147,On-site work
TS000867,EMP0083,PRJ0041,2024-12-02,10,9,0,Yes,Approved,EMP0083,EMP0094,
TS000868,EMP0083,PRJ0041,2024-12-16,10,8.5,0,Yes,Approved,EMP0083,EMP0054,On-site work
TS000869,EMP0083,PRJ0041,2024-12-09,10,12.6,2.6,Yes,Approved,EMP0083,EMP0093,Client meeting
TS000870,EMP0033,PRJ0010,2022-04-13,30,26.3,0,No,Approved,EMP0033,EMP0095,On-site work
TS000871,EMP0033,PRJ0010,2022-02-28,30,31.6,1.6,Yes,Approved,EMP0033,EMP0078,
TS000872,EMP0033,PRJ0010,2022-03-10,30,26.8,0,No,Approved,EMP0033,EMP0060,Client meeting
TS000873,EMP0141,PRJ0037,2023-06-09,40,42.7,2.7,Yes,Approved,EMP0141,EMP0046,Client meeting
TS000874,EMP0141,PRJ0037,2023-07-02,40,46.8,6.8,Yes,Submitted,EMP0141,EMP0148,
TS000875,EMP0141,PRJ0037,2023-06-28,40,31.4,0,No,Approved,EMP0141,EMP0047,Client meeting
TS000876,EMP0056,PRJ0032,2023-03-09,40,42.3,2.3,Yes,Approved,EMP0056,EMP0137,Client meeting
TS000877,EMP0056,PRJ0032,2023-03-11,40,51.8,11.8,Yes,Draft,EMP0056,EMP0096,Overtime due to deadline
TS000878,EMP0056,PRJ0032,2023-03-21,40,34.7,0,Yes,Submitted,EMP0056,EMP0083,Client meeting
TS000879,EMP0016,PRJ0025,2021-03-23,10,9,0,No,Draft,EMP0016,EMP0066,
TS000880,EMP0016,PRJ0025,2021-05-16,10,9.6,0,Yes,Approved,EMP0016,EMP0009,
TS000881,EMP0016,PRJ0025,2021-06-22,10,10.8,0.8,No,Approved,EMP0016,EMP0057,
TS000882,EMP0016,PRJ0046,2023-07-29,10,10.1,0.1,Yes,Submitted,EMP0016,EMP0071,Client meeting
TS000883,EMP0016,PRJ0046,2023-09-17,10,6.8,0,Yes,Approved,EMP0016,EMP0092,
TS000884,EMP0016,PRJ0046,2023-06-14,10,8.8,0,Yes,Submitted,EMP0016,EMP0064,
TS000885,EMP0025,PRJ0006,2024-05-22,20,20.5,0.5,Yes,Draft,EMP0025,EMP0020,On-site work
TS000886,EMP0025,PRJ0006,2024-06-26,20,18.8,0,No,Approved,EMP0025,EMP0148,
TS000887,EMP0025,PRJ0006,2024-11-11,20,19.5,0,No,Approved,EMP0025,EMP0015,
