  hr_performance_reviews  ·  348 lignes  ·  13 colonnes,Unnamed: 1,Unnamed: 2,Unnamed: 3,Unnamed: 4,Unnamed: 5,Unnamed: 6,Unnamed: 7,Unnamed: 8,Unnamed: 9,Unnamed: 10,Unnamed: 11,Unnamed: 12
review_id,employee_id,review_period,overall_score,delivery_quality_score,teamwork_score,innovation_score,technical_skills_score,goals_achieved_pct,promotion_eligible,reviewer_id,review_date,comments
REV00001,EMP0001,2024-H1,3.5,3.7,3.4,3.3,3.5,50,Under Review,EMP0148,2024-06-08,"Strong performance, exceeded expectations."
REV00002,EMP0001,2022-H2,3.4,2.8,4.1,3.9,4.3,52,No,EMP0122,2022-12-18,"High potential, recommend for senior role."
REV00003,EMP0001,2023-H1,4.5,4.2,4.5,4.9,4.8,54,Yes,EMP0109,2023-06-19,Exceptional delivery on key projects.
REV00004,EMP0001,2022-H1,3.2,2.3,3.2,3.6,3.9,52,No,EMP0032,2022-06-13,"Strong performance, exceeded expectations."
REV00005,EMP0002,2023-H1,3.4,3.4,3.2,4.2,3.4,73,No,EMP0053,2023-06-19,"Good team player, needs to develop technical depth."
REV00006,EMP0002,2024-H2,3,2.9,2.5,3.1,2.8,76,No,EMP0052,2024-12-01,"Met targets, room for improvement in leadership."
REV00007,EMP0002,2024-H1,2.5,2.4,2.5,2.5,2.1,96,No,EMP0004,2024-06-10,"Strong performance, exceeded expectations."
REV00008,EMP0002,2022-H1,2.4,2.1,2.3,2.2,2.4,59,No,EMP0054,2022-06-23,Exceptional delivery on key projects.
REV00009,EMP0003,2022-H1,4.8,4.4,4.1,5,4.2,87,Yes,EMP0135,2022-06-04,Consistently delivers quality work.
REV00010,EMP0004,2024-H2,3.8,3.7,3.7,3.7,3.6,68,Under Review,EMP0021,2024-12-09,"High potential, recommend for senior role."
REV00011,EMP0004,2023-H2,3,3.7,2.9,3.4,3.2,99,No,EMP0085,2023-12-25,Consistently delivers quality work.
REV00012,EMP0005,2022-H2,3.7,3.9,4.1,3.2,4,99,Under Review,EMP0029,2022-12-07,"Good team player, needs to develop technical depth."
REV00013,EMP0006,2023-H2,4.6,5,4.9,3.9,5,70,Yes,EMP0079,2023-12-05,"Strong performance, exceeded expectations."
REV00014,EMP0006,2023-H1,3.8,4.2,3.7,4.2,3.9,61,Under Review,EMP0065,2023-06-01,"Good team player, needs to develop technical depth."
REV00015,EMP0006,2022-H1,4,3.6,4,4.6,4.1,50,Under Review,EMP0142,2022-06-02,"High potential, recommend for senior role."
REV00016,EMP0007,2022-H2,3.1,2.7,3.5,2.7,2.7,66,No,EMP0104,2022-12-27,"Strong performance, exceeded expectations."
REV00017,EMP0007,2024-H2,3.8,3.8,3.9,3.6,4.2,57,Under Review,EMP0115,2024-12-02,"Good team player, needs to develop technical depth."
REV00018,EMP0008,2022-H2,2.5,1.9,2.8,2,2.5,77,No,EMP0148,2022-12-06,Exceptional delivery on key projects.
REV00019,EMP0009,2022-H2,3.2,4,2.8,2.7,2.9,85,No,EMP0010,2022-12-16,"Strong performance, exceeded expectations."
REV00020,EMP0009,2023-H1,2.8,2.8,3,3.1,3.6,83,No,EMP0024,2023-06-08,"Struggling with workload, needs support."
REV00021,EMP0010,2023-H2,3.6,3.2,3.7,3.1,3.3,67,Under Review,EMP0141,2023-12-06,"Strong performance, exceeded expectations."
REV00022,EMP0011,2024-H1,3.3,4.5,3.7,2.5,3.2,64,No,EMP0073,2024-06-06,"Strong performance, exceeded expectations."
REV00023,EMP0011,2022-H2,3.5,3.8,3.9,2.5,4.8,64,Under Review,EMP0138,2022-12-19,"High potential, recommend for senior role."
REV00024,EMP0011,2022-H1,4.3,3.8,4.9,4.5,4.1,87,Yes,EMP0101,2022-06-11,"High potential, recommend for senior role."
REV00025,EMP0012,2024-H1,4.4,4.2,5,4.1,4.8,84,Yes,EMP0146,2024-06-10,"Met targets, room for improvement in leadership."
REV00026,EMP0012,2022-H1,1.8,1.9,1.8,1.7,1.8,80,No,EMP0127,2022-06-01,Exceptional delivery on key projects.
REV00027,EMP0012,2023-H1,3.9,3.8,3.8,4.2,4.2,53,Under Review,EMP0035,2023-06-01,"Met targets, room for improvement in leadership."
REV00028,EMP0013,2022-H1,2.2,2.6,2.1,2.7,2.1,56,No,EMP0095,2022-06-11,Exceptional delivery on key projects.
REV00029,EMP0013,2024-H1,2.7,3.7,3,1.5,2.6,85,No,EMP0113,2024-06-23,Consistently delivers quality work.
REV00030,EMP0014,2022-H2,3.2,3,3.8,3.8,3.7,94,No,EMP0098,2022-12-19,"Good team player, needs to develop technical depth."
REV00031,EMP0014,2024-H1,4.2,3.6,4.7,4.3,5,64,Yes,EMP0147,2024-06-21,Consistently delivers quality work.
REV00032,EMP0014,2024-H2,2.6,2.8,2.5,2.6,2.3,70,No,EMP0028,2024-12-06,"Struggling with workload, needs support."
REV00033,EMP0015,2024-H2,3,2.4,2.7,3.1,3,66,No,EMP0087,2024-12-26,"Strong performance, exceeded expectations."
REV00034,EMP0016,2022-H1,3.8,3.4,4,4.1,4.2,74,Under Review,EMP0100,2022-06-12,Consistently delivers quality work.
REV00035,EMP0017,2022-H1,2.3,2.5,2.2,2.7,2.4,60,No,EMP0009,2022-06-13,"Met targets, room for improvement in leadership."
REV00036,EMP0017,2023-H2,3.4,2.6,3.2,4,3.7,89,No,EMP0021,2023-12-16,"Struggling with workload, needs support."
REV00037,EMP0017,2022-H2,5,5,4.7,4.7,5,62,Yes,EMP0044,2022-12-14,"Struggling with workload, needs support."
REV00038,EMP0017,2024-H2,3.7,3.6,3.1,3.7,4,65,Under Review,EMP0143,2024-12-04,"Strong performance, exceeded expectations."
REV00039,EMP0018,2024-H1,3.6,3.6,3.4,4.3,3.4,51,Under Review,EMP0024,2024-06-07,"Met targets, room for improvement in leadership."
REV00040,EMP0018,2024-H2,3.2,3.6,3.1,3.9,3.7,80,No,EMP0076,2024-12-16,"Struggling with workload, needs support."
REV00041,EMP0018,2023-H2,3.4,4,3.7,4.4,3.1,66,No,EMP0101,2023-12-15,"Good team player, needs to develop technical depth."
REV00042,EMP0018,2022-H1,4.1,4.1,4.4,4.9,4.4,92,Under Review,EMP0069,2022-06-04,"Strong performance, exceeded expectations."
REV00043,EMP0019,2024-H1,2.2,1.9,1.8,2.5,2.5,65,No,EMP0135,2024-06-16,Exceptional delivery on key projects.
REV00044,EMP0019,2023-H2,2.9,2.3,3.4,3.5,3,83,No,EMP0022,2023-12-26,Consistently delivers quality work.
REV00045,EMP0019,2022-H2,3.1,2.6,3.5,2.9,3.3,63,No,EMP0032,2022-12-26,"Met targets, room for improvement in leadership."
REV00046,EMP0020,2022-H1,3.4,3.8,3.4,4.1,3.4,88,No,EMP0022,2022-06-09,Exceptional delivery on key projects.
REV00047,EMP0020,2023-H2,4.8,4.3,5,5,4.1,83,Yes,EMP0018,2023-12-15,"High potential, recommend for senior role."
REV00048,EMP0021,2024-H2,3.1,3.1,2.9,3.5,3.5,87,No,EMP0135,2024-12-25,"Strong performance, exceeded expectations."
REV00049,EMP0022,2024-H1,3.7,3,4.3,3,3.6,86,Under Review,EMP0139,2024-06-20,"Good team player, needs to develop technical depth."
REV00050,EMP0023,2022-H2,4.5,4,4.8,4.3,4.1,75,Yes,EMP0072,2022-12-11,"Struggling with workload, needs support."
REV00051,EMP0024,2022-H1,4.8,4.4,4.4,5,4.5,94,Yes,EMP0006,2022-06-22,"Strong performance, exceeded expectations."
REV00052,EMP0024,2023-H2,4.7,5,5,3.8,5,67,Yes,EMP0060,2023-12-24,"Good team player, needs to develop technical depth."
REV00053,EMP0025,2022-H2,2.1,2.4,2.1,1.3,2.6,82,No,EMP0106,2022-12-26,"Met targets, room for improvement in leadership."
REV00054,EMP0026,2023-H1,2.5,1.9,2.9,1.9,2.4,61,No,EMP0131,2023-06-07,"High potential, recommend for senior role."
REV00055,EMP0027,2022-H1,3.7,3.7,3.6,3.3,3.9,90,Under Review,EMP0094,2022-06-04,"Struggling with workload, needs support."
REV00056,EMP0027,2022-H2,2.8,2.8,3.3,1.6,3.1,80,No,EMP0008,2022-12-19,Consistently delivers quality work.
REV00057,EMP0028,2023-H1,3.5,2.9,3.6,3.5,3.9,63,Under Review,EMP0074,2023-06-28,"Met targets, room for improvement in leadership."
REV00058,EMP0028,2022-H2,2.5,2.4,2.2,2.4,2.5,99,No,EMP0059,2022-12-25,"Struggling with workload, needs support."
REV00059,EMP0028,2024-H2,5,5,5,5,5,69,Yes,EMP0046,2024-12-23,"Struggling with workload, needs support."
REV00060,EMP0029,2023-H2,4.8,4.8,5,4.4,4.1,75,Yes,EMP0119,2023-12-19,"Strong performance, exceeded expectations."
REV00061,EMP0029,2024-H2,5,5,4.5,4.7,4.9,80,Yes,EMP0097,2024-12-03,Exceptional delivery on key projects.
REV00062,EMP0029,2023-H1,4.5,4,3.9,4.4,5,91,Yes,EMP0072,2023-06-10,"Met targets, room for improvement in leadership."
REV00063,EMP0030,2024-H1,4.5,4.1,4.2,3.9,4.4,68,Yes,EMP0105,2024-06-09,"Good team player, needs to develop technical depth."
REV00064,EMP0030,2022-H2,2.5,2.4,2.6,2.3,2,62,No,EMP0105,2022-12-11,"Struggling with workload, needs support."
REV00065,EMP0031,2024-H2,3,2.7,2.2,3,3.4,61,No,EMP0093,2024-12-10,"Strong performance, exceeded expectations."
REV00066,EMP0031,2024-H1,2.3,2.5,2.5,2.6,1.7,61,No,EMP0122,2024-06-22,Exceptional delivery on key projects.
REV00067,EMP0032,2022-H2,2.8,3.3,2.1,3.3,2.4,79,No,EMP0080,2022-12-28,"Strong performance, exceeded expectations."
REV00068,EMP0033,2022-H1,4.2,3.4,4.2,3.9,4.4,53,Yes,EMP0051,2022-06-28,"High potential, recommend for senior role."
REV00069,EMP0033,2024-H1,4.8,5,4.4,5,5,70,Yes,EMP0089,2024-06-28,"Struggling with workload, needs support."
REV00070,EMP0033,2024-H2,3.1,3.2,2.6,2.9,2.9,90,No,EMP0048,2024-12-02,"Strong performance, exceeded expectations."
REV00071,EMP0033,2022-H2,3,3.1,2.8,2.9,3.2,58,No,EMP0045,2022-12-20,"Good team player, needs to develop technical depth."
REV00072,EMP0034,2023-H2,2.3,2.6,2.4,2.2,2.3,70,No,EMP0002,2023-12-25,"High potential, recommend for senior role."
REV00073,EMP0034,2024-H2,3.4,3.4,3.2,3.1,3.3,58,No,EMP0002,2024-12-04,"Good team player, needs to develop technical depth."
REV00074,EMP0034,2024-H1,2.9,2.7,2.8,3.1,2.6,68,No,EMP0130,2024-06-15,"Struggling with workload, needs support."
REV00075,EMP0034,2022-H2,2.7,2.6,3.7,1.6,2.2,72,No,EMP0113,2022-12-25,"Met targets, room for improvement in leadership."
REV00076,EMP0035,2023-H2,4.8,5,5,4.8,4.9,82,Yes,EMP0060,2023-12-06,"Strong performance, exceeded expectations."
REV00077,EMP0035,2022-H1,2.8,3.2,2.4,3.3,2.9,88,No,EMP0010,2022-06-02,"Struggling with workload, needs support."
REV00078,EMP0036,2024-H2,2.5,2.7,2.6,2.3,2.6,66,No,EMP0006,2024-12-16,"Struggling with workload, needs support."
REV00079,EMP0037,2022-H2,3.2,3.8,3.1,3.9,3.7,56,No,EMP0135,2022-12-17,"Struggling with workload, needs support."
REV00080,EMP0037,2022-H1,4.5,4.4,5,3.8,4.5,99,Yes,EMP0031,2022-06-09,"High potential, recommend for senior role."
REV00081,EMP0038,2023-H1,3.4,3.5,3.9,3,3.1,50,No,EMP0129,2023-06-22,"Strong performance, exceeded expectations."
REV00082,EMP0038,2023-H2,3.6,3.9,3.1,3.7,3.7,82,Under Review,EMP0029,2023-12-03,"Struggling with workload, needs support."
REV00083,EMP0039,2023-H1,3,2.7,3,3.2,3.3,68,No,EMP0077,2023-06-12,"High potential, recommend for senior role."
REV00084,EMP0040,2023-H2,2.2,2.4,2.2,1.9,1.9,78,No,EMP0012,2023-12-20,Exceptional delivery on key projects.
REV00085,EMP0040,2022-H1,3.7,3.6,3.9,4.2,4,74,Under Review,EMP0089,2022-06-23,"High potential, recommend for senior role."
REV00086,EMP0040,2024-H1,3.4,3.6,2.8,3.5,3.2,94,No,EMP0124,2024-06-24,"Strong performance, exceeded expectations."
REV00087,EMP0041,2022-H1,4.2,4,4.1,3.9,3.9,51,Yes,EMP0147,2022-06-28,"Struggling with workload, needs support."
REV00088,EMP0041,2023-H2,4,3.5,4,4.4,3.7,54,Under Review,EMP0034,2023-12-09,"Struggling with workload, needs support."
REV00089,EMP0042,2022-H1,4.5,4.4,3.9,4.4,4.2,96,Yes,EMP0088,2022-06-08,"Good team player, needs to develop technical depth."
REV00090,EMP0042,2024-H1,3,2.7,2.5,3.6,3.6,89,No,EMP0090,2024-06-02,"Strong performance, exceeded expectations."
REV00091,EMP0042,2022-H2,3.2,3,3.7,2.4,3.6,65,No,EMP0122,2022-12-11,Exceptional delivery on key projects.
REV00092,EMP0043,2024-H1,3.9,3.5,3.8,4,3.8,78,Under Review,EMP0059,2024-06-26,Consistently delivers quality work.
REV00093,EMP0044,2022-H1,4.1,4.4,4.4,4.4,4.1,55,Under Review,EMP0005,2022-06-26,Consistently delivers quality work.
REV00094,EMP0044,2023-H2,3.5,3.9,3.2,3.2,3.1,71,Under Review,EMP0079,2023-12-12,"High potential, recommend for senior role."
REV00095,EMP0044,2024-H1,4,4.1,3.7,4.7,3.5,73,Under Review,EMP0118,2024-06-23,"Good team player, needs to develop technical depth."
REV00096,EMP0044,2022-H2,2.8,3.3,3.1,3.3,2.8,90,No,EMP0030,2022-12-26,Exceptional delivery on key projects.
REV00097,EMP0045,2024-H2,4.1,3.8,4.5,4.5,4.5,75,Under Review,EMP0106,2024-12-07,"Good team player, needs to develop technical depth."
REV00098,EMP0045,2022-H1,5,5,4.8,4,5,93,Yes,EMP0050,2022-06-19,"Strong performance, exceeded expectations."
REV00099,EMP0045,2024-H1,3.6,3.2,3.9,4,3.5,77,Under Review,EMP0131,2024-06-27,Consistently delivers quality work.
REV00100,EMP0046,2024-H1,3.5,4,3.9,3.2,3.3,74,Under Review,EMP0033,2024-06-14,Consistently delivers quality work.
REV00101,EMP0046,2022-H2,4.5,4.2,4.2,4.8,4.3,58,Yes,EMP0072,2022-12-14,Consistently delivers quality work.
REV00102,EMP0046,2024-H2,4.7,4.5,5,5,4.2,85,Yes,EMP0133,2024-12-21,"Met targets, room for improvement in leadership."
REV00103,EMP0046,2023-H1,3.8,4.3,3.5,2.8,4.2,61,Under Review,EMP0076,2023-06-17,Consistently delivers quality work.
REV00104,EMP0047,2024-H2,4.3,3.8,4.4,4,3.9,97,Yes,EMP0145,2024-12-27,Consistently delivers quality work.
REV00105,EMP0047,2022-H1,3.2,4,3.1,3.2,3.6,62,No,EMP0004,2022-06-09,"High potential, recommend for senior role."
REV00106,EMP0047,2023-H1,4.3,4.9,4.2,4.4,4.4,100,Yes,EMP0042,2023-06-10,"Met targets, room for improvement in leadership."
REV00107,EMP0048,2023-H1,3.6,3.4,4,3,3.3,100,Under Review,EMP0145,2023-06-26,"High potential, recommend for senior role."
REV00108,EMP0049,2024-H2,3.3,2.7,3.7,2.8,2.3,53,No,EMP0101,2024-12-01,"Struggling with workload, needs support."
REV00109,EMP0049,2022-H1,3.5,4.1,3.9,2.5,3.3,98,Under Review,EMP0115,2022-06-19,Consistently delivers quality work.
REV00110,EMP0049,2023-H2,2.5,2.7,1.5,2.4,2.7,93,No,EMP0052,2023-12-03,"Met targets, room for improvement in leadership."
REV00111,EMP0050,2024-H2,3.6,3.7,3.4,3.5,3.3,71,Under Review,EMP0073,2024-12-15,"Struggling with workload, needs support."
REV00112,EMP0050,2024-H1,3.2,4.1,3.4,2.5,2.8,90,No,EMP0040,2024-06-20,"High potential, recommend for senior role."
REV00113,EMP0051,2023-H2,4.5,4.8,4.5,4.8,4.9,76,Yes,EMP0136,2023-12-18,Consistently delivers quality work.
REV00114,EMP0051,2024-H1,3.8,4,4,3.9,4.1,73,Under Review,EMP0105,2024-06-10,"Met targets, room for improvement in leadership."
REV00115,EMP0051,2023-H1,4.4,4.2,5,4.4,4.5,92,Yes,EMP0123,2023-06-12,"Good team player, needs to develop technical depth."
REV00116,EMP0052,2024-H2,3.5,4.1,3.3,3,4.3,57,Under Review,EMP0064,2024-12-13,Exceptional delivery on key projects.
REV00117,EMP0052,2024-H1,2.9,2.8,3.1,2.5,3,52,No,EMP0134,2024-06-10,"Struggling with workload, needs support."
REV00118,EMP0053,2023-H1,2.8,3,2.7,3.4,2.7,50,No,EMP0022,2023-06-21,"Strong performance, exceeded expectations."
REV00119,EMP0053,2024-H1,3.7,4.2,4,3.3,4.1,94,Under Review,EMP0056,2024-06-24,"High potential, recommend for senior role."
REV00120,EMP0054,2024-H2,4,4,3.9,4.3,4.1,66,Under Review,EMP0119,2024-12-18,"Strong performance, exceeded expectations."
REV00121,EMP0054,2022-H1,3.1,3,2.7,3.4,2.8,74,No,EMP0068,2022-06-22,"Strong performance, exceeded expectations."
REV00122,EMP0054,2022-H2,3.8,4.4,3.8,4.6,4.1,52,Under Review,EMP0138,2022-12-23,"High potential, recommend for senior role."
REV00123,EMP0054,2024-H1,4.9,5,4.7,5,4.6,78,Yes,EMP0028,2024-06-13,"Good team player, needs to develop technical depth."
REV00124,EMP0055,2023-H2,3.1,2.9,3.1,2.4,3.6,84,No,EMP0041,2023-12-10,"Struggling with workload, needs support."
REV00125,EMP0056,2023-H1,3.6,3.6,3.7,3.7,3.2,85,Under Review,EMP0144,2023-06-03,Exceptional delivery on key projects.
REV00126,EMP0056,2024-H2,3.2,3.2,2.3,2.9,3.5,91,No,EMP0054,2024-12-28,Consistently delivers quality work.
REV00127,EMP0057,2022-H2,3.7,4.4,4.1,4.2,3.6,98,Under Review,EMP0050,2022-12-18,"Good team player, needs to develop technical depth."
REV00128,EMP0057,2024-H2,3.4,3.9,3.7,3.4,3.7,87,No,EMP0142,2024-12-16,Exceptional delivery on key projects.
REV00129,EMP0058,2022-H2,3.4,3.5,3.2,3.9,3.1,87,No,EMP0050,2022-12-05,Consistently delivers quality work.
REV00130,EMP0058,2024-H2,3.1,2.9,3.4,3.1,3.1,65,No,EMP0147,2024-12-26,"Met targets, room for improvement in leadership."
REV00131,EMP0058,2022-H1,3.3,2.7,3.4,3.1,3.2,79,No,EMP0072,2022-06-15,Exceptional delivery on key projects.
REV00132,EMP0059,2023-H2,2.1,2,2,1.9,2.8,84,No,EMP0045,2023-12-07,Exceptional delivery on key projects.
REV00133,EMP0059,2024-H1,3.4,2.8,4,2.8,2.9,87,No,EMP0020,2024-06-13,"High potential, recommend for senior role."
REV00134,EMP0059,2022-H1,2.6,3,2.3,1,2.2,80,No,EMP0055,2022-06-21,"High potential, recommend for senior role."
REV00135,EMP0060,2023-H1,3.7,4.4,4,4.1,4,50,Under Review,EMP0076,2023-06-22,"Met targets, room for improvement in leadership."
REV00136,EMP0060,2023-H2,3.9,3.9,3.7,4.2,4.3,86,Under Review,EMP0043,2023-12-22,"High potential, recommend for senior role."
REV00137,EMP0061,2024-H2,3.7,3.7,3.7,4.1,3.8,83,Under Review,EMP0126,2024-12-26,Exceptional delivery on key projects.
REV00138,EMP0061,2023-H2,4.5,4.1,4.6,5,4.8,70,Yes,EMP0101,2023-12-04,"Struggling with workload, needs support."
REV00139,EMP0062,2024-H2,3,3.3,2.6,2.9,3.4,72,No,EMP0020,2024-12-27,"High potential, recommend for senior role."
REV00140,EMP0062,2023-H1,3,2.5,3,2.5,2.7,58,No,EMP0090,2023-06-15,"Met targets, room for improvement in leadership."
REV00141,EMP0062,2022-H2,3.6,4.1,3.7,3.9,3.2,57,Under Review,EMP0073,2022-12-22,"Met targets, room for improvement in leadership."
REV00142,EMP0063,2023-H1,4.3,3.8,4.4,4,4,65,Yes,EMP0124,2023-06-02,"Met targets, room for improvement in leadership."
REV00143,EMP0063,2022-H1,3.1,3,3.6,3.3,3.4,61,No,EMP0133,2022-06-17,"Good team player, needs to develop technical depth."
REV00144,EMP0063,2023-H2,3.7,3.2,3.1,3.6,3,55,Under Review,EMP0146,2023-12-07,"Good team player, needs to develop technical depth."
REV00145,EMP0063,2024-H2,2.9,2.6,3.3,3.7,2.3,99,No,EMP0125,2024-12-06,Consistently delivers quality work.
REV00146,EMP0064,2022-H2,2.8,2.8,3.2,3.1,3,82,No,EMP0018,2022-12-22,"Good team player, needs to develop technical depth."
REV00147,EMP0064,2023-H1,3.9,3.4,3.4,4,4.6,82,Under Review,EMP0046,2023-06-25,"Strong performance, exceeded expectations."
REV00148,EMP0064,2023-H2,3.8,3.6,3.8,3.1,3.3,99,Under Review,EMP0024,2023-12-22,"Struggling with workload, needs support."
REV00149,EMP0065,2024-H1,3.3,2.9,3.4,2.8,2.7,98,No,EMP0125,2024-06-27,"Struggling with workload, needs support."
REV00150,EMP0065,2023-H2,2.9,3.1,3,2.5,2.9,55,No,EMP0149,2023-12-10,Consistently delivers quality work.
REV00151,EMP0065,2023-H1,4,3.7,4.7,4,4.5,83,Under Review,EMP0049,2023-06-01,"Good team player, needs to develop technical depth."
REV00152,EMP0065,2022-H1,3.5,3.4,3.2,3.3,3.7,91,Under Review,EMP0053,2022-06-19,Exceptional delivery on key projects.
REV00153,EMP0066,2024-H1,1.8,1,1.8,1.3,1.9,73,No,EMP0103,2024-06-18,Consistently delivers quality work.
REV00154,EMP0066,2023-H2,2.7,2.7,3,2.3,3.2,97,No,EMP0125,2023-12-05,"High potential, recommend for senior role."
REV00155,EMP0066,2023-H1,3.7,3.5,3.1,4,3.8,75,Under Review,EMP0059,2023-06-26,Exceptional delivery on key projects.
REV00156,EMP0067,2022-H2,3.9,3.9,3.9,4.1,4,88,Under Review,EMP0101,2022-12-14,"Strong performance, exceeded expectations."
REV00157,EMP0068,2023-H1,3.6,3.8,3.5,2.5,3.1,68,Under Review,EMP0010,2023-06-23,Consistently delivers quality work.
REV00158,EMP0069,2022-H2,4.1,3.9,4.2,3.6,3.5,68,Under Review,EMP0128,2022-12-07,"Strong performance, exceeded expectations."
REV00159,EMP0070,2024-H1,3.2,2.9,3.4,3.2,3.1,92,No,EMP0001,2024-06-13,"Good team player, needs to develop technical depth."
REV00160,EMP0070,2022-H2,4.2,3.6,4.1,4.4,4.3,68,Yes,EMP0052,2022-12-24,"High potential, recommend for senior role."
REV00161,EMP0071,2023-H1,3.1,2.9,2.8,2.9,2.9,54,No,EMP0105,2023-06-17,Exceptional delivery on key projects.
REV00162,EMP0071,2024-H2,3.7,4.4,3.5,4.7,3.5,100,Under Review,EMP0089,2024-12-19,Exceptional delivery on key projects.
REV00163,EMP0071,2022-H2,2.9,1.9,2.6,2.9,2.5,93,No,EMP0146,2022-12-15,Consistently delivers quality work.
REV00164,EMP0072,2023-H2,4.5,4.5,4.9,4.6,4.2,94,Yes,EMP0030,2023-12-08,"High potential, recommend for senior role."
REV00165,EMP0073,2023-H2,3.3,3,3.8,3.7,3.4,61,No,EMP0075,2023-12-16,Exceptional delivery on key projects.
REV00166,EMP0073,2023-H1,3.2,3.3,3.7,3.5,3.8,62,No,EMP0092,2023-06-16,"Struggling with workload, needs support."
REV00167,EMP0073,2022-H1,3.9,4.5,4,4.2,3.9,59,Under Review,EMP0068,2022-06-25,"Strong performance, exceeded expectations."
REV00168,EMP0074,2022-H1,4.5,4,4.1,4.4,4.5,80,Yes,EMP0128,2022-06-12,Consistently delivers quality work.
REV00169,EMP0075,2023-H2,1.5,1.6,1.4,1.8,1.4,77,No,EMP0132,2023-12-16,Consistently delivers quality work.
REV00170,EMP0075,2024-H1,3.4,3,3.4,3.3,3.2,57,No,EMP0009,2024-06-23,Consistently delivers quality work.
REV00171,EMP0075,2023-H1,2.5,2.7,2.3,2.1,2.8,66,No,EMP0004,2023-06-06,Consistently delivers quality work.
REV00172,EMP0076,2022-H2,3.9,3.6,4.3,4.1,4.5,73,Under Review,EMP0089,2022-12-12,"High potential, recommend for senior role."
REV00173,EMP0076,2023-H1,2.9,3.2,3.3,3.4,2.9,67,No,EMP0148,2023-06-26,"Met targets, room for improvement in leadership."
REV00174,EMP0076,2023-H2,3.8,3.4,4,4.6,4.6,59,Under Review,EMP0144,2023-12-16,"High potential, recommend for senior role."
REV00175,EMP0077,2022-H2,3.2,3.3,2.9,3.1,2.9,86,No,EMP0134,2022-12-02,"Good team player, needs to develop technical depth."
REV00176,EMP0078,2024-H2,3.5,4.2,3.8,2.8,3.6,78,Under Review,EMP0042,2024-12-24,Exceptional delivery on key projects.
REV00177,EMP0079,2023-H1,3.1,3.4,3.8,2.1,3.3,91,No,EMP0091,2023-06-18,"Met targets, room for improvement in leadership."
REV00178,EMP0079,2024-H2,4.4,4,4.9,3.6,4.5,55,Yes,EMP0073,2024-12-13,Consistently delivers quality work.
REV00179,EMP0079,2024-H1,3.3,3.9,3.7,2.8,3.7,89,No,EMP0038,2024-06-19,"Good team player, needs to develop technical depth."
REV00180,EMP0080,2022-H1,3.2,3,3.5,2.7,2.7,88,No,EMP0042,2022-06-21,"Good team player, needs to develop technical depth."
REV00181,EMP0081,2023-H2,3.1,3.2,3.3,3.4,3.1,97,No,EMP0006,2023-12-03,"Met targets, room for improvement in leadership."
REV00182,EMP0081,2023-H1,4.7,4.6,4.8,5,4.5,53,Yes,EMP0043,2023-06-01,"High potential, recommend for senior role."
REV00183,EMP0081,2024-H2,2.5,2.9,2.9,2.9,3.3,74,No,EMP0022,2024-12-10,"Met targets, room for improvement in leadership."
REV00184,EMP0082,2024-H2,4.3,4.2,4.1,4.4,4.2,92,Yes,EMP0115,2024-12-12,"High potential, recommend for senior role."
REV00185,EMP0082,2023-H1,4.7,4.3,5,4.6,4.6,94,Yes,EMP0121,2023-06-18,"Met targets, room for improvement in leadership."
REV00186,EMP0083,2024-H2,4.3,4.2,4.6,3.4,4.1,78,Yes,EMP0138,2024-12-10,Exceptional delivery on key projects.
REV00187,EMP0083,2024-H1,3.2,3.3,3.9,3.2,3.4,80,No,EMP0003,2024-06-18,"Strong performance, exceeded expectations."
REV00188,EMP0083,2023-H2,3,3.4,2.9,3.5,3,68,No,EMP0127,2023-12-20,"Met targets, room for improvement in leadership."
REV00189,EMP0083,2023-H1,3.8,3.3,3.4,4.1,3.6,97,Under Review,EMP0049,2023-06-21,"Good team player, needs to develop technical depth."
REV00190,EMP0084,2022-H2,3.8,3.1,3.7,3.2,3.4,67,Under Review,EMP0062,2022-12-10,"Struggling with workload, needs support."
REV00191,EMP0084,2023-H1,3.4,2.7,3.5,3.6,3.5,79,No,EMP0107,2023-06-20,"Good team player, needs to develop technical depth."
REV00192,EMP0084,2022-H1,3.8,3.7,3.4,3.7,4,84,Under Review,EMP0070,2022-06-01,"Met targets, room for improvement in leadership."
REV00193,EMP0084,2024-H2,4.1,4,4,3.3,4.1,81,Under Review,EMP0033,2024-12-07,Exceptional delivery on key projects.
REV00194,EMP0085,2023-H1,3.9,3.5,4.6,4.1,3.9,99,Under Review,EMP0009,2023-06-13,"Strong performance, exceeded expectations."
REV00195,EMP0085,2023-H2,3.1,3,3.4,2.2,3.6,65,No,EMP0065,2023-12-13,"High potential, recommend for senior role."
REV00196,EMP0085,2024-H2,4.3,4.3,5,4.6,4.9,56,Yes,EMP0115,2024-12-17,"Struggling with workload, needs support."
REV00197,EMP0085,2022-H2,4.3,4.2,4.5,4.2,4.2,85,Yes,EMP0080,2022-12-17,"Strong performance, exceeded expectations."
REV00198,EMP0086,2023-H2,2.4,3,1.9,2.4,2.6,90,No,EMP0094,2023-12-14,Exceptional delivery on key projects.
REV00199,EMP0086,2023-H1,4.7,4.8,4.5,4.9,5,94,Yes,EMP0031,2023-06-16,"Struggling with workload, needs support."
REV00200,EMP0086,2022-H2,3.3,3.2,3.4,3.4,3.4,89,No,EMP0040,2022-12-11,"High potential, recommend for senior role."
REV00201,EMP0087,2022-H1,3.3,3.5,3.4,3,3.4,100,No,EMP0139,2022-06-21,"High potential, recommend for senior role."
REV00202,EMP0088,2023-H2,5,4.9,5,5,4.7,78,Yes,EMP0098,2023-12-18,Exceptional delivery on key projects.
REV00203,EMP0088,2022-H2,2.7,2.6,2.8,3.1,2.7,88,No,EMP0147,2022-12-28,Consistently delivers quality work.
REV00204,EMP0088,2022-H1,2.9,3.1,3,2.8,3.2,73,No,EMP0042,2022-06-15,"Strong performance, exceeded expectations."
REV00205,EMP0089,2024-H2,4.3,3.8,4.2,4.5,5,62,Yes,EMP0062,2024-12-17,"Struggling with workload, needs support."
REV00206,EMP0089,2022-H2,3.2,3.2,3,3.1,3.6,70,No,EMP0129,2022-12-04,"Strong performance, exceeded expectations."
REV00207,EMP0089,2022-H1,3.2,3.2,3.2,3.3,3.4,52,No,EMP0034,2022-06-19,"Struggling with workload, needs support."
REV00208,EMP0089,2023-H1,3.8,3.5,3.4,3.7,3.5,73,Under Review,EMP0101,2023-06-08,Consistently delivers quality work.
REV00209,EMP0090,2022-H1,3.9,3.8,4.6,3.5,3.3,73,Under Review,EMP0127,2022-06-18,"Struggling with workload, needs support."
REV00210,EMP0091,2023-H1,3.7,3.6,2.9,4,3.8,83,Under Review,EMP0011,2023-06-04,"Strong performance, exceeded expectations."
REV00211,EMP0091,2022-H1,3.4,2.9,3.6,4.1,2.5,85,No,EMP0049,2022-06-24,Consistently delivers quality work.
REV00212,EMP0091,2024-H2,2.8,2.8,2.1,2.1,2.5,94,No,EMP0108,2024-12-22,"Good team player, needs to develop technical depth."
REV00213,EMP0091,2023-H2,3.8,3.6,3.3,3.6,3.5,88,Under Review,EMP0047,2023-12-15,Exceptional delivery on key projects.
REV00214,EMP0092,2024-H1,2.8,2.8,2.4,2.7,2.3,86,No,EMP0107,2024-06-18,"Met targets, room for improvement in leadership."
REV00215,EMP0092,2023-H1,2.9,3.3,2.6,3.3,2.9,52,No,EMP0066,2023-06-10,Consistently delivers quality work.
REV00216,EMP0092,2024-H2,3.5,2.2,3.4,3.4,3.8,64,Under Review,EMP0005,2024-12-07,"High potential, recommend for senior role."
REV00217,EMP0093,2022-H1,4.1,4.3,4.3,4.5,3.8,69,Under Review,EMP0040,2022-06-03,Consistently delivers quality work.
REV00218,EMP0093,2023-H1,3.2,2.9,3.1,3.6,3.4,80,No,EMP0104,2023-06-06,"Good team player, needs to develop technical depth."
REV00219,EMP0093,2022-H2,4,3.5,4.1,3.8,3.9,86,Under Review,EMP0149,2022-12-13,"Strong performance, exceeded expectations."
REV00220,EMP0094,2023-H1,3.3,3.6,3,3.5,3.2,99,No,EMP0090,2023-06-08,"Struggling with workload, needs support."
REV00221,EMP0095,2024-H2,3.6,3.2,3.3,3.5,3.3,94,Under Review,EMP0079,2024-12-08,"Met targets, room for improvement in leadership."
REV00222,EMP0096,2024-H2,3.3,4,3.2,3.1,3.2,77,No,EMP0102,2024-12-10,"High potential, recommend for senior role."
REV00223,EMP0097,2022-H2,2.4,2.5,2.3,2.5,1.7,58,No,EMP0142,2022-12-25,"Met targets, room for improvement in leadership."
REV00224,EMP0097,2024-H2,3.5,3.1,3.3,3.3,3.3,89,Under Review,EMP0125,2024-12-24,Consistently delivers quality work.
REV00225,EMP0097,2023-H1,3.5,3.7,3.1,4.5,4,77,Under Review,EMP0112,2023-06-12,Exceptional delivery on key projects.
REV00226,EMP0097,2022-H1,4.1,3.9,4.6,4.5,4.2,72,Under Review,EMP0049,2022-06-20,"High potential, recommend for senior role."
REV00227,EMP0098,2024-H1,4,3.9,4.4,4.7,4.6,65,Under Review,EMP0096,2024-06-20,"Met targets, room for improvement in leadership."
REV00228,EMP0098,2022-H2,4.1,4.7,4.2,4.5,4.4,51,Under Review,EMP0074,2022-12-11,"Met targets, room for improvement in leadership."
REV00229,EMP0098,2023-H2,3.5,3.2,3.2,3.4,2.9,59,Under Review,EMP0141,2023-12-23,"Struggling with workload, needs support."
REV00230,EMP0098,2022-H1,3.6,3,4.2,3.2,3.5,53,Under Review,EMP0005,2022-06-10,"Met targets, room for improvement in leadership."
REV00231,EMP0099,2022-H1,4.4,4.6,4.5,4.3,4.8,64,Yes,EMP0093,2022-06-13,Consistently delivers quality work.
REV00232,EMP0099,2023-H2,2.8,3.2,2.5,2.6,2.7,62,No,EMP0026,2023-12-17,"Good team player, needs to develop technical depth."
REV00233,EMP0099,2024-H2,2.5,2.3,2.5,3.1,2.3,60,No,EMP0011,2024-12-01,Exceptional delivery on key projects.
REV00234,EMP0100,2023-H1,4.1,4.1,4.2,4.1,4.5,51,Under Review,EMP0130,2023-06-18,Exceptional delivery on key projects.
REV00235,EMP0100,2024-H2,3.6,4,3.5,3.4,2.8,89,Under Review,EMP0102,2024-12-28,"Struggling with workload, needs support."
REV00236,EMP0100,2022-H2,4.7,4.2,5,4.3,4.9,88,Yes,EMP0059,2022-12-11,"Good team player, needs to develop technical depth."
REV00237,EMP0101,2022-H2,2.6,2.3,2.8,2.3,2.5,58,No,EMP0052,2022-12-14,"High potential, recommend for senior role."
REV00238,EMP0101,2024-H2,2.7,2.4,2.3,2.8,2.8,84,No,EMP0038,2024-12-24,"Strong performance, exceeded expectations."
REV00239,EMP0102,2023-H1,3.3,2.6,3.6,3.2,3.3,90,No,EMP0107,2023-06-24,Exceptional delivery on key projects.
REV00240,EMP0102,2022-H2,2.2,2.2,2,2.5,2.8,89,No,EMP0039,2022-12-20,Exceptional delivery on key projects.
REV00241,EMP0103,2024-H1,3.5,3.6,3.3,3,3,95,Under Review,EMP0021,2024-06-21,Exceptional delivery on key projects.
REV00242,EMP0103,2022-H2,3.5,3.8,3.1,3.7,3.7,52,Under Review,EMP0048,2022-12-14,"High potential, recommend for senior role."
REV00243,EMP0104,2023-H1,4,3.9,4,3.8,5,89,Under Review,EMP0052,2023-06-16,"Struggling with workload, needs support."
REV00244,EMP0105,2023-H2,2.6,2.7,2.1,3,2,75,No,EMP0104,2023-12-20,"Struggling with workload, needs support."
REV00245,EMP0105,2022-H2,2.7,2.5,2.3,2.6,2.8,65,No,EMP0010,2022-12-17,Consistently delivers quality work.
REV00246,EMP0105,2024-H2,3.3,3.4,3.3,2.7,3.7,53,No,EMP0102,2024-12-07,Exceptional delivery on key projects.
REV00247,EMP0106,2023-H2,3.8,4.1,3.5,2.8,3.2,55,Under Review,EMP0014,2023-12-24,Consistently delivers quality work.
REV00248,EMP0106,2023-H1,3.7,3.9,4.2,4.2,3.4,75,Under Review,EMP0029,2023-06-14,Exceptional delivery on key projects.
REV00249,EMP0106,2024-H1,3.1,3.2,3.2,3,2.8,95,No,EMP0052,2024-06-26,"Met targets, room for improvement in leadership."
REV00250,EMP0106,2022-H2,4.4,4.9,4.7,4.3,4.3,95,Yes,EMP0032,2022-12-13,"Struggling with workload, needs support."
REV00251,EMP0107,2023-H2,2.6,3.1,2.1,2.3,3.1,61,No,EMP0086,2023-12-25,"Struggling with workload, needs support."
REV00252,EMP0107,2024-H1,4.6,4.3,4.8,4.7,4.2,90,Yes,EMP0014,2024-06-06,"Strong performance, exceeded expectations."
REV00253,EMP0108,2022-H2,3.1,2.9,2.6,3.1,3.3,81,No,EMP0119,2022-12-08,"Met targets, room for improvement in leadership."
REV00254,EMP0108,2022-H1,2.6,2.2,2.7,2.6,2.6,85,No,EMP0123,2022-06-09,Consistently delivers quality work.
REV00255,EMP0109,2022-H1,4.1,4.6,4.2,4.2,3.6,71,Under Review,EMP0010,2022-06-03,"Strong performance, exceeded expectations."
REV00256,EMP0109,2022-H2,3.1,2.9,3.2,2.8,2.6,94,No,EMP0028,2022-12-23,Consistently delivers quality work.
REV00257,EMP0110,2023-H2,3.4,3.5,3,4.4,3.7,85,No,EMP0077,2023-12-03,Exceptional delivery on key projects.
REV00258,EMP0110,2024-H1,2.4,2.8,2.9,2.3,2.9,83,No,EMP0122,2024-06-07,"Struggling with workload, needs support."
REV00259,EMP0111,2024-H1,4.4,4.8,4.9,4.4,4,95,Yes,EMP0137,2024-06-10,"Good team player, needs to develop technical depth."
REV00260,EMP0111,2022-H1,2,2,2.5,1.2,1.4,89,No,EMP0082,2022-06-19,"Good team player, needs to develop technical depth."
REV00261,EMP0112,2023-H2,3.4,3.7,4,3.5,4,89,No,EMP0031,2023-12-14,"Good team player, needs to develop technical depth."
REV00262,EMP0112,2022-H2,4.4,4.1,4.8,4.4,4.4,62,Yes,EMP0012,2022-12-23,Exceptional delivery on key projects.
REV00263,EMP0112,2024-H1,3.5,3.6,3.1,3.5,4.1,71,Under Review,EMP0077,2024-06-13,"Struggling with workload, needs support."
REV00264,EMP0112,2023-H1,3.5,3.4,3.4,3.7,3.8,71,Under Review,EMP0147,2023-06-22,"Good team player, needs to develop technical depth."
REV00265,EMP0113,2022-H1,2.5,1.9,2.9,2.2,2.9,53,No,EMP0139,2022-06-27,Consistently delivers quality work.
REV00266,EMP0113,2022-H2,2,1.4,1.8,1.9,2,86,No,EMP0077,2022-12-22,Exceptional delivery on key projects.
REV00267,EMP0113,2023-H2,3.9,3.1,4.1,4,4.1,74,Under Review,EMP0091,2023-12-21,Consistently delivers quality work.
REV00268,EMP0113,2024-H2,3,2.6,2.8,2.2,2.5,98,No,EMP0043,2024-12-10,"Struggling with workload, needs support."
REV00269,EMP0114,2024-H2,2.8,3,2.3,3.5,2.6,61,No,EMP0061,2024-12-04,Exceptional delivery on key projects.
REV00270,EMP0114,2022-H1,4.3,4.5,3.4,4.2,4.3,80,Yes,EMP0010,2022-06-17,"Met targets, room for improvement in leadership."
REV00271,EMP0114,2023-H1,4.1,4.9,4,4.5,4.1,83,Under Review,EMP0136,2023-06-22,"Met targets, room for improvement in leadership."
REV00272,EMP0115,2024-H2,3.2,2.6,3.7,3.5,3.4,52,No,EMP0119,2024-12-22,"High potential, recommend for senior role."
REV00273,EMP0115,2022-H1,3.3,3.2,3.4,3.2,3.4,51,No,EMP0121,2022-06-19,"High potential, recommend for senior role."
REV00274,EMP0116,2024-H2,2.3,2.4,2.6,2.1,2.7,57,No,EMP0052,2024-12-09,"Met targets, room for improvement in leadership."
REV00275,EMP0116,2022-H2,3.7,3.9,3.4,3.7,3.5,59,Under Review,EMP0145,2022-12-23,"High potential, recommend for senior role."
REV00276,EMP0116,2023-H1,4,3.8,3.9,3.6,4.8,84,Under Review,EMP0073,2023-06-15,"Strong performance, exceeded expectations."
REV00277,EMP0117,2022-H1,3.7,3.6,4.1,3.9,3.9,87,Under Review,EMP0099,2022-06-21,"High potential, recommend for senior role."
REV00278,EMP0117,2023-H2,4.4,4.1,4.2,4.7,3.8,92,Yes,EMP0115,2023-12-26,Consistently delivers quality work.
REV00279,EMP0118,2023-H2,3.2,3.1,3.5,3.4,2.8,80,No,EMP0121,2023-12-08,"Met targets, room for improvement in leadership."
REV00280,EMP0119,2024-H1,2.6,2.1,3,2.2,2,70,No,EMP0094,2024-06-15,"Good team player, needs to develop technical depth."
REV00281,EMP0119,2023-H1,4.3,4.4,3.5,4.4,4.2,86,Yes,EMP0090,2023-06-05,Consistently delivers quality work.
REV00282,EMP0120,2023-H2,4.1,3.8,4.6,4.3,3.6,75,Under Review,EMP0028,2023-12-19,"Good team player, needs to develop technical depth."
REV00283,EMP0121,2024-H1,1.7,1.4,2,1.8,1.6,77,No,EMP0099,2024-06-19,"High potential, recommend for senior role."
REV00284,EMP0121,2022-H2,2.8,2.5,2.7,2.7,2.7,95,No,EMP0088,2022-12-19,"High potential, recommend for senior role."
REV00285,EMP0122,2022-H1,2.3,2,2.2,2.8,1.8,88,No,EMP0046,2022-06-25,"High potential, recommend for senior role."
REV00286,EMP0122,2024-H1,2.9,2.6,3.4,3.2,3,58,No,EMP0098,2024-06-19,"High potential, recommend for senior role."
REV00287,EMP0122,2023-H2,3.5,3.5,3.3,3,3.4,78,Under Review,EMP0038,2023-12-07,"Met targets, room for improvement in leadership."
REV00288,EMP0122,2022-H2,4.4,4.2,5,3.9,3.6,77,Yes,EMP0082,2022-12-23,Exceptional delivery on key projects.
REV00289,EMP0123,2024-H1,5,5,5,4.2,5,53,Yes,EMP0104,2024-06-01,"Struggling with workload, needs support."
REV00290,EMP0124,2022-H1,4.1,3.6,4.3,3.5,3.7,75,Under Review,EMP0061,2022-06-13,"Good team player, needs to develop technical depth."
REV00291,EMP0124,2023-H1,2.5,2.3,2.8,3,2.7,76,No,EMP0122,2023-06-05,Exceptional delivery on key projects.
REV00292,EMP0124,2024-H2,2.9,3,3,3.7,3,81,No,EMP0033,2024-12-22,"Good team player, needs to develop technical depth."
REV00293,EMP0125,2022-H1,3,2.7,3.5,2.5,3.5,79,No,EMP0117,2022-06-17,"Good team player, needs to develop technical depth."
REV00294,EMP0125,2022-H2,3.1,3.3,2.7,3.2,3.5,50,No,EMP0143,2022-12-19,"Good team player, needs to develop technical depth."
REV00295,EMP0126,2024-H2,3.3,4.2,2.6,4.3,2.7,57,No,EMP0149,2024-12-19,"Good team player, needs to develop technical depth."
REV00296,EMP0126,2024-H1,3,3.4,3.5,4.4,2.9,99,No,EMP0021,2024-06-09,"Good team player, needs to develop technical depth."
REV00297,EMP0127,2024-H1,3.7,3.6,3.3,3.2,3.4,84,Under Review,EMP0121,2024-06-26,Consistently delivers quality work.
REV00298,EMP0128,2024-H1,2.6,2.7,2.2,2,2.6,96,No,EMP0138,2024-06-11,"Good team player, needs to develop technical depth."
REV00299,EMP0128,2022-H1,2.3,3.2,2.3,2.4,2.9,96,No,EMP0076,2022-06-26,Consistently delivers quality work.
REV00300,EMP0128,2023-H1,3,3.4,3.2,3.1,3.1,68,No,EMP0067,2023-06-26,"Struggling with workload, needs support."
REV00301,EMP0129,2023-H1,3.1,3.1,3.3,2.8,3.3,66,No,EMP0020,2023-06-01,"Struggling with workload, needs support."
REV00302,EMP0130,2024-H1,3.9,4.5,3.5,3.6,3.6,61,Under Review,EMP0045,2024-06-09,"High potential, recommend for senior role."
REV00303,EMP0131,2023-H2,3.9,3.1,4.9,3.8,3.3,81,Under Review,EMP0088,2023-12-25,"Good team player, needs to develop technical depth."
REV00304,EMP0131,2022-H2,2.8,2.8,3.2,2.6,2.6,96,No,EMP0099,2022-12-27,Exceptional delivery on key projects.
REV00305,EMP0132,2024-H2,3.4,4.1,3.6,3.8,3.2,98,No,EMP0014,2024-12-18,"Met targets, room for improvement in leadership."
REV00306,EMP0133,2024-H2,4.6,4.2,4.5,4.4,5,74,Yes,EMP0038,2024-12-22,Exceptional delivery on key projects.
REV00307,EMP0133,2023-H2,4.5,4.4,4.9,4.9,4,89,Yes,EMP0011,2023-12-21,"High potential, recommend for senior role."
REV00308,EMP0133,2024-H1,4.6,4.4,4.9,5,4.9,75,Yes,EMP0070,2024-06-15,"High potential, recommend for senior role."
REV00309,EMP0133,2022-H2,3.3,3,2.7,3.2,3.6,50,No,EMP0050,2022-12-22,"Strong performance, exceeded expectations."
REV00310,EMP0134,2022-H1,3.5,3.7,3.6,3.2,3.6,68,Under Review,EMP0106,2022-06-09,"Met targets, room for improvement in leadership."
REV00311,EMP0135,2022-H1,3.3,3.2,3.8,3.1,3.2,88,No,EMP0056,2022-06-05,"Good team player, needs to develop technical depth."
REV00312,EMP0136,2022-H1,3.2,3,3.8,3.7,3.4,67,No,EMP0065,2022-06-25,"Good team player, needs to develop technical depth."
REV00313,EMP0136,2022-H2,3.1,2.5,3.1,4,3.1,74,No,EMP0083,2022-12-11,"Strong performance, exceeded expectations."
REV00314,EMP0137,2023-H1,3.7,2.8,3.7,3.5,3.5,81,Under Review,EMP0018,2023-06-04,"Met targets, room for improvement in leadership."
REV00315,EMP0137,2022-H2,2.8,2.7,3.3,2.4,2.9,86,No,EMP0028,2022-12-24,Exceptional delivery on key projects.
REV00316,EMP0137,2023-H2,3.7,4.2,3.8,3.7,3.7,52,Under Review,EMP0115,2023-12-22,"Good team player, needs to develop technical depth."
REV00317,EMP0138,2022-H2,2.7,2.5,2.3,2.8,2.6,54,No,EMP0126,2022-12-18,"Met targets, room for improvement in leadership."
REV00318,EMP0138,2023-H1,2.2,1.7,2.6,2.2,2,84,No,EMP0001,2023-06-12,Exceptional delivery on key projects.
REV00319,EMP0138,2023-H2,3.2,2.8,2.7,3.9,2.8,98,No,EMP0024,2023-12-25,Exceptional delivery on key projects.
REV00320,EMP0139,2022-H2,4.6,5,4.5,4.4,5,56,Yes,EMP0011,2022-12-21,"Struggling with workload, needs support."
REV00321,EMP0139,2024-H1,3.3,3.4,3.3,3,3.5,87,No,EMP0113,2024-06-08,"Good team player, needs to develop technical depth."
REV00322,EMP0140,2022-H1,4.5,5,4.3,4.6,4.5,71,Yes,EMP0137,2022-06-02,Exceptional delivery on key projects.
REV00323,EMP0140,2024-H1,3.5,3.4,3.6,4.2,2.6,84,Under Review,EMP0031,2024-06-05,"Struggling with workload, needs support."
REV00324,EMP0140,2023-H1,3.3,3.3,3.5,3.2,2.8,51,No,EMP0150,2023-06-16,Consistently delivers quality work.
REV00325,EMP0140,2022-H2,4.5,4.7,5,4.6,5,56,Yes,EMP0034,2022-12-15,Consistently delivers quality work.
REV00326,EMP0141,2024-H1,2.8,3.2,3.2,2.7,2.7,62,No,EMP0028,2024-06-14,Exceptional delivery on key projects.
REV00327,EMP0141,2022-H1,4.2,3.1,3.7,5,4,100,Yes,EMP0103,2022-06-07,"High potential, recommend for senior role."
REV00328,EMP0142,2024-H1,3.3,3.2,3.5,3.6,3.6,94,No,EMP0045,2024-06-12,Consistently delivers quality work.
REV00329,EMP0143,2023-H2,3.7,3.6,3.8,3,3.5,81,Under Review,EMP0026,2023-12-03,"Strong performance, exceeded expectations."
REV00330,EMP0143,2022-H2,3.8,3.9,4,3.2,3.1,76,Under Review,EMP0002,2022-12-23,"High potential, recommend for senior role."
REV00331,EMP0144,2024-H2,3,2.6,3,3.3,2.8,95,No,EMP0106,2024-12-16,Consistently delivers quality work.
REV00332,EMP0144,2022-H2,2.6,2.1,2.1,2.6,2.6,65,No,EMP0023,2022-12-07,"Strong performance, exceeded expectations."
REV00333,EMP0144,2024-H1,5,4.9,5,3.9,4.6,90,Yes,EMP0093,2024-06-22,"Met targets, room for improvement in leadership."
REV00334,EMP0144,2022-H1,3.5,3.7,3.6,4.1,4.1,80,Under Review,EMP0071,2022-06-16,"Met targets, room for improvement in leadership."
REV00335,EMP0145,2024-H2,4.1,4.2,3.8,4.3,4.3,52,Under Review,EMP0054,2024-12-04,"Struggling with workload, needs support."
REV00336,EMP0145,2022-H1,2.4,2.6,2.3,2.5,2,57,No,EMP0014,2022-06-03,"Met targets, room for improvement in leadership."
REV00337,EMP0146,2024-H1,3.8,4.4,3.8,4,3.8,76,Under Review,EMP0084,2024-06-28,"Met targets, room for improvement in leadership."
REV00338,EMP0146,2024-H2,4,4.1,3.9,3.9,3.9,77,Under Review,EMP0097,2024-12-05,"Met targets, room for improvement in leadership."
REV00339,EMP0146,2023-H1,4.2,4,3.9,4.6,4.3,67,Yes,EMP0100,2023-06-07,Exceptional delivery on key projects.
REV00340,EMP0146,2022-H2,4.1,4.6,4.2,4.1,4.3,79,Under Review,EMP0033,2022-12-15,"Good team player, needs to develop technical depth."
REV00341,EMP0147,2023-H1,4.2,3.8,3.8,3.9,4.3,83,Yes,EMP0044,2023-06-16,"High potential, recommend for senior role."
REV00342,EMP0147,2022-H2,4.2,3.6,3.8,4.1,4.8,97,Yes,EMP0056,2022-12-28,"Met targets, room for improvement in leadership."
REV00343,EMP0148,2023-H1,2.2,1.8,2.9,1.6,2.1,80,No,EMP0039,2023-06-24,"High potential, recommend for senior role."
REV00344,EMP0148,2023-H2,3.6,4.1,3.7,2.7,3.7,56,Under Review,EMP0130,2023-12-15,"Good team player, needs to develop technical depth."
REV00345,EMP0149,2022-H1,3.5,2.9,3.7,3.4,3.3,55,Under Review,EMP0105,2022-06-01,"Good team player, needs to develop technical depth."
REV00346,EMP0149,2024-H1,4.5,4.7,4.9,3.9,4.3,79,Yes,EMP0079,2024-06-15,"High potential, recommend for senior role."
REV00347,EMP0150,2024-H2,4.1,4.8,4.1,4.1,3.8,94,Under Review,EMP0119,2024-12-11,Consistently delivers quality work.
REV00348,EMP0150,2023-H2,3,2.8,3.6,2.8,2.5,86,No,EMP0009,2023-12-26,"Met targets, room for improvement in leadership."
